App,Category,Rating,Reviews,Installs,Type,Price,Content Rating,Last Updated,Size_MB,Primary_Genre
Photo Editor & Candy Camera & Grid & ScrapBook,ART_AND_DESIGN,4.1,159,10000,Free,0.0,Everyone,2018-01-07,19.0,Art & Design
Coloring book moana,ART_AND_DESIGN,3.9,967,500000,Free,0.0,Everyone,2018-01-15,14.0,Art & Design
"U Launcher Lite – FREE Live Cool Themes, Hide Apps",ART_AND_DESIGN,4.7,87510,5000000,Free,0.0,Everyone,2018-08-01,8.7,Art & Design
Sketch - Draw & Paint,ART_AND_DESIGN,4.5,215644,50000000,Free,0.0,Teen,2018-06-08,25.0,Art & Design
Pixel Draw - Number Art Coloring Book,ART_AND_DESIGN,4.3,967,100000,Free,0.0,Everyone,2018-06-20,2.8,Art & Design
Paper flowers instructions,ART_AND_DESIGN,4.4,167,50000,Free,0.0,Everyone,2017-03-26,5.6,Art & Design
Smoke Effect Photo Maker - Smoke Editor,ART_AND_DESIGN,3.8,178,50000,Free,0.0,Everyone,2018-04-26,19.0,Art & Design
Infinite Painter,ART_AND_DESIGN,4.1,36815,1000000,Free,0.0,Everyone,2018-06-14,29.0,Art & Design
Garden Coloring Book,ART_AND_DESIGN,4.4,13791,1000000,Free,0.0,Everyone,2017-09-20,33.0,Art & Design
Kids Paint Free - Drawing Fun,ART_AND_DESIGN,4.7,121,10000,Free,0.0,Everyone,2018-07-03,3.1,Art & Design
Text on Photo - Fonteee,ART_AND_DESIGN,4.4,13880,1000000,Free,0.0,Everyone,2017-10-27,28.0,Art & Design
Name Art Photo Editor - Focus n Filters,ART_AND_DESIGN,4.4,8788,1000000,Free,0.0,Everyone,2018-07-31,12.0,Art & Design
Tattoo Name On My Photo Editor,ART_AND_DESIGN,4.2,44829,10000000,Free,0.0,Teen,2018-04-02,20.0,Art & Design
Mandala Coloring Book,ART_AND_DESIGN,4.6,4326,100000,Free,0.0,Everyone,2018-06-26,21.0,Art & Design
3D Color Pixel by Number - Sandbox Art Coloring,ART_AND_DESIGN,4.4,1518,100000,Free,0.0,Everyone,2018-08-03,37.0,Art & Design
Learn To Draw Kawaii Characters,ART_AND_DESIGN,3.2,55,5000,Free,0.0,Everyone,2018-06-06,2.7,Art & Design
Photo Designer - Write your name with shapes,ART_AND_DESIGN,4.7,3632,500000,Free,0.0,Everyone,2018-07-31,5.5,Art & Design
350 Diy Room Decor Ideas,ART_AND_DESIGN,4.5,27,10000,Free,0.0,Everyone,2017-11-07,17.0,Art & Design
FlipaClip - Cartoon animation,ART_AND_DESIGN,4.3,194216,5000000,Free,0.0,Everyone,2018-08-03,39.0,Art & Design
ibis Paint X,ART_AND_DESIGN,4.6,224399,10000000,Free,0.0,Everyone,2018-07-30,31.0,Art & Design
Logo Maker - Small Business,ART_AND_DESIGN,4.0,450,100000,Free,0.0,Everyone,2018-04-20,14.0,Art & Design
Boys Photo Editor - Six Pack & Men's Suit,ART_AND_DESIGN,4.1,654,100000,Free,0.0,Everyone,2018-03-20,12.0,Art & Design
Superheroes Wallpapers | 4K Backgrounds,ART_AND_DESIGN,4.7,7699,500000,Free,0.0,Everyone 10+,2018-07-12,4.2,Art & Design
HD Mickey Minnie Wallpapers,ART_AND_DESIGN,4.7,118,50000,Free,0.0,Everyone,2018-07-07,23.0,Art & Design
Harley Quinn wallpapers HD,ART_AND_DESIGN,4.8,192,10000,Free,0.0,Everyone,2018-04-25,6.0,Art & Design
Colorfit - Drawing & Coloring,ART_AND_DESIGN,4.7,20260,500000,Free,0.0,Everyone,2017-10-11,25.0,Art & Design
Animated Photo Editor,ART_AND_DESIGN,4.1,203,100000,Free,0.0,Everyone,2018-03-21,6.1,Art & Design
Pencil Sketch Drawing,ART_AND_DESIGN,3.9,136,10000,Free,0.0,Everyone,2018-07-12,4.6,Art & Design
Easy Realistic Drawing Tutorial,ART_AND_DESIGN,4.1,223,100000,Free,0.0,Everyone,2017-08-22,4.2,Art & Design
Pink Silver Bow Keyboard Theme,ART_AND_DESIGN,4.2,1120,100000,Free,0.0,Everyone,2018-07-12,9.2,Art & Design
Art Drawing Ideas,ART_AND_DESIGN,4.1,227,50000,Free,0.0,Everyone,2018-05-31,5.2,Art & Design
Anime Manga Coloring Book,ART_AND_DESIGN,4.5,5035,100000,Free,0.0,Everyone,2018-07-19,11.0,Art & Design
Easy Origami Ideas,ART_AND_DESIGN,4.2,1015,100000,Free,0.0,Everyone,2018-01-06,11.0,Art & Design
I Creative Idea,ART_AND_DESIGN,4.7,353,10000,Free,0.0,Teen,2018-04-27,4.2,Art & Design
How to draw Ladybug and Cat Noir,ART_AND_DESIGN,3.8,564,100000,Free,0.0,Everyone,2018-07-11,9.2,Art & Design
UNICORN - Color By Number & Pixel Art Coloring,ART_AND_DESIGN,4.7,8145,500000,Free,0.0,Everyone,2018-08-02,24.0,Art & Design
Floor Plan Creator,ART_AND_DESIGN,4.1,36639,5000000,Free,0.0,Everyone,2018-07-14,,Art & Design
PIP Camera - PIP Collage Maker,ART_AND_DESIGN,4.7,158,10000,Free,0.0,Everyone,2017-11-29,11.0,Art & Design
How To Color Disney Princess - Coloring Pages,ART_AND_DESIGN,4.0,591,500000,Free,0.0,Everyone,2018-03-31,9.4,Art & Design
Drawing Clothes Fashion Ideas,ART_AND_DESIGN,4.2,117,10000,Free,0.0,Everyone,2018-07-20,15.0,Art & Design
Sad Poetry Photo Frames 2018,ART_AND_DESIGN,4.5,176,100000,Free,0.0,Everyone,2018-04-02,10.0,Art & Design
Textgram - write on photos,ART_AND_DESIGN,4.4,295221,10000000,Free,0.0,Everyone,2018-07-30,,Art & Design
Paint Splash!,ART_AND_DESIGN,3.8,2206,100000,Free,0.0,Everyone,2018-04-15,1.2,Art & Design
Popsicle Sticks and Similar DIY Craft Ideas,ART_AND_DESIGN,4.2,26,10000,Free,0.0,Everyone,2018-01-03,12.0,Art & Design
"Canva: Poster, banner, card maker & graphic design",ART_AND_DESIGN,4.7,174531,10000000,Free,0.0,Everyone,2018-07-31,24.0,Art & Design
Install images with music to make video without Net - 2018,ART_AND_DESIGN,4.6,1070,100000,Free,0.0,Everyone,2017-11-14,26.0,Art & Design
Little Teddy Bear Colouring Book Game,ART_AND_DESIGN,4.2,85,100000,Free,0.0,Everyone,2017-12-17,8.0,Art & Design
How To Draw Food,ART_AND_DESIGN,4.3,845,100000,Free,0.0,Everyone,2018-05-28,7.9,Art & Design
Monster Truck Stunt 3D 2019,AUTO_AND_VEHICLES,4.2,367,100000,Free,0.0,Everyone,2018-05-10,25.0,Auto & Vehicles
Real Tractor Farming,AUTO_AND_VEHICLES,4.0,1598,1000000,Free,0.0,Everyone,2018-07-26,56.0,Auto & Vehicles
Ultimate F1 Racing Championship,AUTO_AND_VEHICLES,3.8,284,100000,Free,0.0,Everyone,2018-07-26,57.0,Auto & Vehicles
Used Cars and Trucks for Sale,AUTO_AND_VEHICLES,4.6,17057,1000000,Free,0.0,Everyone,2018-07-30,,Auto & Vehicles
American Muscle Car Race,AUTO_AND_VEHICLES,3.9,129,100000,Free,0.0,Everyone,2018-07-26,35.0,Auto & Vehicles
Offroad Oil Tanker Driver Transport Truck 2019,AUTO_AND_VEHICLES,4.3,542,100000,Free,0.0,Everyone,2018-07-31,33.0,Auto & Vehicles
Tickets SDA 2018 and Exam from the State Traffic Safety Inspectorate with Drom.ru,AUTO_AND_VEHICLES,4.9,10479,100000,Free,0.0,Everyone,2018-07-18,33.0,Auto & Vehicles
Gas Prices (Germany only),AUTO_AND_VEHICLES,4.4,805,50000,Free,0.0,Everyone,2018-07-29,5.6,Auto & Vehicles
Extreme Rally Championship,AUTO_AND_VEHICLES,4.2,129,100000,Free,0.0,Everyone,2018-07-26,54.0,Auto & Vehicles
Restart Navigator,AUTO_AND_VEHICLES,4.0,1403,100000,Free,0.0,Everyone,2014-08-26,0.1962890625,Auto & Vehicles
"REG - Check the regnumber, find information about Swedish vehicles",AUTO_AND_VEHICLES,3.9,3971,100000,Free,0.0,Everyone,2018-07-30,3.6,Auto & Vehicles
CityBus Lviv,AUTO_AND_VEHICLES,4.6,534,10000,Free,0.0,Everyone,2018-07-08,5.7,Auto & Vehicles
CDL Practice Test 2018 Edition,AUTO_AND_VEHICLES,4.9,7774,100000,Free,0.0,Everyone,2018-07-03,17.0,Auto & Vehicles
"ezETC (ETC balance inquiry, meter trial, real-time traffic)",AUTO_AND_VEHICLES,4.3,38846,1000000,Free,0.0,Everyone,2018-07-28,8.6,Auto & Vehicles
Free VIN Report for Used Cars,AUTO_AND_VEHICLES,4.6,2431,100000,Free,0.0,Everyone,2018-06-12,2.4,Auto & Vehicles
DMV Permit Practice Test 2018 Edition,AUTO_AND_VEHICLES,4.9,6090,100000,Free,0.0,Everyone,2018-07-03,27.0,Auto & Vehicles
Check Vehicle Tax,AUTO_AND_VEHICLES,3.9,295,10000,Free,0.0,Everyone,2018-07-30,2.7,Auto & Vehicles
Used Cars Mexico,AUTO_AND_VEHICLES,4.0,190,50000,Free,0.0,Everyone,2016-10-14,2.5,Auto & Vehicles
Ulysse Speedometer,AUTO_AND_VEHICLES,4.3,40211,5000000,Free,0.0,Everyone,2018-07-30,,Auto & Vehicles
REPUVE,AUTO_AND_VEHICLES,3.9,356,100000,Free,0.0,Everyone,2018-05-25,,Auto & Vehicles
Used cars for sale - Trovit,AUTO_AND_VEHICLES,4.2,52530,5000000,Free,0.0,Everyone,2018-07-16,7.0,Auto & Vehicles
"Fines of the State Traffic Safety Inspectorate are official: inspection, payment of fines",AUTO_AND_VEHICLES,4.8,116986,5000000,Free,0.0,Everyone,2018-08-02,35.0,Auto & Vehicles
SK Enca Direct Malls - Used Cars Search,AUTO_AND_VEHICLES,3.6,1379,500000,Free,0.0,Everyone,2018-08-02,16.0,Auto & Vehicles
"Android Auto - Maps, Media, Messaging & Voice",AUTO_AND_VEHICLES,4.2,271920,10000000,Free,0.0,Teen,2018-07-11,16.0,Auto & Vehicles
PDD-UA,AUTO_AND_VEHICLES,4.8,736,100000,Free,0.0,Everyone,2018-07-29,,Auto & Vehicles
Tickets SDA 2019 + Exam RF,AUTO_AND_VEHICLES,4.8,7021,500000,Free,0.0,Everyone,2018-07-27,17.0,Auto & Vehicles
Super Cars Wallpapers And Backgrounds,AUTO_AND_VEHICLES,4.6,197,50000,Free,0.0,Everyone,2018-06-14,3.4,Auto & Vehicles
"Police Lights, Sirens & Follow Me",AUTO_AND_VEHICLES,4.5,737,100000,Free,0.0,Everyone,2018-06-08,8.9,Auto & Vehicles
Police Detector (Speed Camera Radar),AUTO_AND_VEHICLES,4.3,3574,1000000,Free,0.0,Everyone 10+,2018-07-04,3.9,Auto & Vehicles
Best Car Wallpapers,AUTO_AND_VEHICLES,4.5,994,100000,Free,0.0,Everyone,2018-03-27,2.9,Auto & Vehicles
Tickets + PDA 2018 Exam,AUTO_AND_VEHICLES,4.9,197136,1000000,Free,0.0,Everyone,2018-07-15,38.0,Auto & Vehicles
Pick Your Part Garage,AUTO_AND_VEHICLES,3.9,142,50000,Free,0.0,Everyone,2018-07-24,32.0,Auto & Vehicles
PakWheels: Buy & Sell Cars,AUTO_AND_VEHICLES,4.4,15168,1000000,Free,0.0,Everyone,2018-07-27,37.0,Auto & Vehicles
Supervision service,AUTO_AND_VEHICLES,4.0,2155,500000,Free,0.0,Everyone,2018-07-30,15.0,Auto & Vehicles
Speed Camera Detector - Traffic & Speed Alert,AUTO_AND_VEHICLES,4.3,138,100000,Free,0.0,Everyone,2018-07-23,5.4,Auto & Vehicles
Used car search Goo net whole car Go to net,AUTO_AND_VEHICLES,3.7,5414,1000000,Free,0.0,Everyone,2018-07-23,18.0,Auto & Vehicles
CarMax – Cars for Sale: Search Used Car Inventory,AUTO_AND_VEHICLES,4.4,21777,1000000,Free,0.0,Everyone,2018-08-04,,Auto & Vehicles
BEST CAR SOUNDS,AUTO_AND_VEHICLES,4.3,348,100000,Free,0.0,Everyone,2018-07-29,38.0,Auto & Vehicles
RST - Sale of cars on the PCT,AUTO_AND_VEHICLES,3.2,250,100000,Free,0.0,Everyone,2018-04-27,1.1,Auto & Vehicles
AutoScout24 Switzerland – Find your new car,AUTO_AND_VEHICLES,4.6,13372,1000000,Free,0.0,Everyone,2018-08-03,,Auto & Vehicles
Zona Azul Digital Fácil SP CET - OFFICIAL São Paulo,AUTO_AND_VEHICLES,4.6,7880,100000,Free,0.0,Everyone,2018-05-10,,Auto & Vehicles
SMS Park,AUTO_AND_VEHICLES,4.5,3617,100000,Free,0.0,Everyone,2018-05-16,7.9,Auto & Vehicles
SKencar,AUTO_AND_VEHICLES,3.7,4806,1000000,Free,0.0,Everyone,2018-07-31,35.0,Auto & Vehicles
Fuelio: Gas log & costs,AUTO_AND_VEHICLES,4.6,65786,1000000,Free,0.0,Everyone,2018-08-02,,Auto & Vehicles
auto fines,AUTO_AND_VEHICLES,4.6,31433,1000000,Free,0.0,Everyone,2018-08-02,17.0,Auto & Vehicles
"Used car is the first car - used car purchase, used car quotation, dealer information to",AUTO_AND_VEHICLES,4.6,5097,1000000,Free,0.0,Everyone,2018-07-23,19.0,Auto & Vehicles
All of the parking lot - National Park application (parking lot search / parking sharing / discount payment),AUTO_AND_VEHICLES,4.0,1754,500000,Free,0.0,Everyone,2018-06-02,14.0,Auto & Vehicles
Inquiry Fines and Debits of Vehicles,AUTO_AND_VEHICLES,4.4,2680,500000,Free,0.0,Everyone,2018-03-20,2.2,Auto & Vehicles
Gas Station,AUTO_AND_VEHICLES,4.0,1288,100000,Free,0.0,Everyone,2018-04-21,4.5,Auto & Vehicles
Hush - Beauty for Everyone,BEAUTY,4.7,18900,500000,Free,0.0,Everyone,2018-08-02,17.0,Beauty
"ipsy: Makeup, Beauty, and Tips",BEAUTY,4.9,49790,1000000,Free,0.0,Everyone,2017-11-09,14.0,Beauty
Natural recipes for your beauty,BEAUTY,4.7,1150,100000,Free,0.0,Everyone,2018-05-15,9.8,Beauty
"BestCam Selfie-selfie, beauty camera, photo editor",BEAUTY,3.9,1739,500000,Free,0.0,Everyone,2018-07-12,21.0,Beauty
Mirror - Zoom & Exposure -,BEAUTY,3.9,32090,1000000,Free,0.0,Everyone,2016-10-24,,Beauty
Beauty Selfie Camera,BEAUTY,4.2,2225,500000,Free,0.0,Everyone,2018-02-28,52.0,Beauty
Hairstyles step by step,BEAUTY,4.6,4369,100000,Free,0.0,Everyone,2018-07-25,14.0,Beauty
Filters for Selfie,BEAUTY,4.3,8572,1000000,Free,0.0,Everyone,2018-05-10,25.0,Beauty
Tie - Always be happy,BEAUTY,4.7,964,50000,Free,0.0,Everyone,2018-06-21,9.0,Beauty
Ulta Beauty,BEAUTY,4.7,42050,1000000,Free,0.0,Everyone,2018-06-05,,Beauty
Prom MakeUp Tutorial,BEAUTY,4.8,104,10000,Free,0.0,Everyone,2018-06-26,12.0,Beauty
Selfie Camera,BEAUTY,4.2,17934,1000000,Free,0.0,Everyone,2017-09-12,,Beauty
Sweet Selfie Beauty Camera,BEAUTY,4.3,601,100000,Free,0.0,Everyone,2018-06-02,35.0,Beauty
Colors of white in Urdu,BEAUTY,4.5,36,10000,Free,0.0,Everyone,2018-07-26,6.7,Beauty
Selfie Camera Photo Editor & Filter & Sticker,BEAUTY,4.1,187,50000,Free,0.0,Teen,2018-07-24,30.0,Beauty
Eyes Makeup Beauty Tips,BEAUTY,4.2,30,10000,Free,0.0,Everyone,2018-04-09,2.9,Beauty
Photo Editor 2018,BEAUTY,4.5,134,10000,Free,0.0,Everyone,2018-03-01,17.0,Beauty
Step By Step Eyes Makeup Tutorial,BEAUTY,4.4,74,10000,Free,0.0,Everyone,2018-04-05,2.9,Beauty
Beauty Camera - Selfie Camera,BEAUTY,4.0,113715,10000000,Free,0.0,Everyone,2017-08-03,,Beauty
Girls Hairstyles,BEAUTY,4.1,3595,500000,Free,0.0,Everyone,2018-05-24,,Beauty
Mirror Camera (Mirror + Selfie Camera),BEAUTY,4.1,9315,1000000,Free,0.0,Everyone,2017-11-21,2.6,Beauty
Beauty Tips - Beauty Tips in Sinhala,BEAUTY,4.4,75,50000,Free,0.0,Everyone,2017-10-18,4.2,Beauty
Haircut Tutorials/Haircut Videos,BEAUTY,4.6,38,10000,Free,0.0,Everyone,2018-05-29,7.1,Beauty
"Sephora: Skin Care, Beauty Makeup & Fragrance Shop",BEAUTY,4.5,26834,1000000,Free,0.0,Everyone,2018-07-24,57.0,Beauty
"Sticker Camera - Selfie Filters, Beauty Camera",BEAUTY,3.9,2277,500000,Free,0.0,Everyone,2018-07-12,22.0,Beauty
Filters for B Live,BEAUTY,4.4,2280,500000,Free,0.0,Everyone,2018-05-14,24.0,Beauty
Facial Wrinkle Reduction,BEAUTY,4.6,184,10000,Free,0.0,Everyone,2018-07-02,21.0,Beauty
Makeup Videos,BEAUTY,3.8,9,5000,Free,0.0,Everyone,2018-06-07,3.4,Beauty
Discover Color,BEAUTY,4.0,364,100000,Free,0.0,Everyone,2018-05-24,6.4,Beauty
Eyeliner step by step 2018,BEAUTY,4.3,18,5000,Free,0.0,Everyone,2018-06-01,3.2,Beauty
Dresses Ideas & Fashions +3000,BEAUTY,4.5,473,100000,Free,0.0,Mature 17+,2017-03-01,8.2,Beauty
Step By Step Hairstyles For Women,BEAUTY,4.1,66,10000,Free,0.0,Everyone,2018-04-05,2.9,Beauty
Rainbow Camera,BEAUTY,3.7,3871,1000000,Free,0.0,Everyone,2018-07-30,23.0,Beauty
Methods of teeth whitening,BEAUTY,4.7,257,50000,Free,0.0,Everyone,2017-08-07,4.6,Beauty
Girls hairstyles 2018,BEAUTY,4.2,62,10000,Free,0.0,Everyone,2018-05-28,3.1,Beauty
Wattpad 📖 Free Books,BOOKS_AND_REFERENCE,4.6,2914724,100000000,Free,0.0,Teen,2018-08-01,,Books & Reference
E-Book Read - Read Book for free,BOOKS_AND_REFERENCE,4.5,1857,50000,Free,0.0,Everyone,2018-08-03,4.9,Books & Reference
Download free book with green book,BOOKS_AND_REFERENCE,4.6,4478,100000,Free,0.0,Everyone 10+,2017-07-31,9.5,Books & Reference
Wikipedia,BOOKS_AND_REFERENCE,4.4,577550,10000000,Free,0.0,Everyone,2018-08-02,,Books & Reference
Amazon Kindle,BOOKS_AND_REFERENCE,4.2,814080,100000000,Free,0.0,Teen,2018-07-27,,Books & Reference
Cool Reader,BOOKS_AND_REFERENCE,4.5,246315,10000000,Free,0.0,Everyone,2015-07-17,,Books & Reference
Dictionary - Merriam-Webster,BOOKS_AND_REFERENCE,4.5,454060,10000000,Free,0.0,Everyone,2018-05-18,,Books & Reference
NOOK: Read eBooks & Magazines,BOOKS_AND_REFERENCE,4.5,155446,10000000,Free,0.0,Teen,2018-04-25,,Books & Reference
Free Panda Radio Music,BOOKS_AND_REFERENCE,4.5,418,100000,Free,0.0,Everyone,2018-03-27,4.2,Books & Reference
Book store,BOOKS_AND_REFERENCE,4.4,22486,1000000,Free,0.0,Teen,2018-06-06,5.4,Books & Reference
FBReader: Favorite Book Reader,BOOKS_AND_REFERENCE,4.5,203130,10000000,Free,0.0,Everyone,2018-06-28,,Books & Reference
English Grammar Complete Handbook,BOOKS_AND_REFERENCE,4.6,1435,500000,Free,0.0,Everyone,2018-01-21,2.8,Books & Reference
Free Books - Spirit Fanfiction and Stories,BOOKS_AND_REFERENCE,4.8,116507,1000000,Free,0.0,Teen,2018-08-01,5.0,Books & Reference
Google Play Books,BOOKS_AND_REFERENCE,3.9,1433233,1000000000,Free,0.0,Teen,2018-08-03,,Books & Reference
AlReader -any text book reader,BOOKS_AND_REFERENCE,4.6,90468,5000000,Free,0.0,Everyone,2018-05-27,5.9,Books & Reference
Offline English Dictionary,BOOKS_AND_REFERENCE,4.2,860,100000,Free,0.0,Everyone,2018-07-17,13.0,Books & Reference
Oxford Dictionary of English : Free,BOOKS_AND_REFERENCE,4.1,363934,10000000,Free,0.0,Everyone,2018-07-11,7.1,Books & Reference
Offline: English to Tagalog Dictionary,BOOKS_AND_REFERENCE,4.7,967,500000,Free,0.0,Everyone,2018-08-04,6.7,Books & Reference
Spanish English Translator,BOOKS_AND_REFERENCE,4.2,87873,10000000,Free,0.0,Teen,2018-05-28,,Books & Reference
FamilySearch Tree,BOOKS_AND_REFERENCE,4.3,17506,1000000,Free,0.0,Everyone,2018-07-20,17.0,Books & Reference
Cloud of Books,BOOKS_AND_REFERENCE,3.3,1862,1000000,Free,0.0,Everyone,2018-04-27,19.0,Books & Reference
Recipes of Prophetic Medicine for free,BOOKS_AND_REFERENCE,4.6,2084,500000,Free,0.0,Everyone,2018-05-17,6.7,Books & Reference
ReadEra – free ebook reader,BOOKS_AND_REFERENCE,4.8,47303,1000000,Free,0.0,Everyone,2018-06-02,21.0,Books & Reference
NOOK App for NOOK Devices,BOOKS_AND_REFERENCE,4.7,19080,500000,Free,0.0,Everyone,2018-04-25,,Books & Reference
Ebook Reader,BOOKS_AND_REFERENCE,4.1,85842,5000000,Free,0.0,Everyone,2018-06-25,37.0,Books & Reference
Litnet - E-books,BOOKS_AND_REFERENCE,4.6,7831,100000,Free,0.0,Teen,2018-07-04,15.0,Books & Reference
Read books online,BOOKS_AND_REFERENCE,4.1,91615,5000000,Free,0.0,Mature 17+,2018-06-29,23.0,Books & Reference
English to Urdu Dictionary,BOOKS_AND_REFERENCE,4.6,4620,500000,Free,0.0,Everyone,2017-11-23,19.0,Books & Reference
eBoox: book reader fb2 epub zip,BOOKS_AND_REFERENCE,4.7,21336,1000000,Free,0.0,Everyone,2018-06-20,23.0,Books & Reference
English Persian Dictionary,BOOKS_AND_REFERENCE,4.5,26875,500000,Free,0.0,Everyone,2018-08-01,73.0,Books & Reference
Flybook,BOOKS_AND_REFERENCE,3.9,1778,500000,Free,0.0,Mature 17+,2014-10-16,4.9,Books & Reference
All Maths Formulas,BOOKS_AND_REFERENCE,4.4,2709,1000000,Free,0.0,Everyone,2018-07-11,6.8,Books & Reference
Ancestry,BOOKS_AND_REFERENCE,4.3,64513,5000000,Free,0.0,Everyone,2018-07-31,,Books & Reference
HTC Help,BOOKS_AND_REFERENCE,4.2,8342,10000000,Free,0.0,Everyone,2017-08-28,,Books & Reference
English translation from Bengali,BOOKS_AND_REFERENCE,4.5,527,100000,Free,0.0,Everyone,2018-03-31,2.9,Books & Reference
Pdf Book Download - Read Pdf Book,BOOKS_AND_REFERENCE,4.4,1322,100000,Free,0.0,Everyone,2018-05-28,3.5,Books & Reference
Free Book Reader,BOOKS_AND_REFERENCE,3.4,1680,100000,Free,0.0,Everyone,2016-08-20,4.0,Books & Reference
eBoox new: Reader for fb2 epub zip books,BOOKS_AND_REFERENCE,4.9,2739,50000,Free,0.0,Everyone,2018-07-17,21.0,Books & Reference
"Only 30 days in English, the guideline is guaranteed",BOOKS_AND_REFERENCE,4.6,1065,500000,Free,0.0,Everyone,2018-06-16,2.3,Books & Reference
Moon+ Reader,BOOKS_AND_REFERENCE,4.4,233757,10000000,Free,0.0,Everyone,2018-05-01,,Books & Reference
English-Myanmar Dictionary,BOOKS_AND_REFERENCE,4.4,8788,1000000,Free,0.0,Everyone,2018-07-28,10.0,Books & Reference
Golden Dictionary (EN-AR),BOOKS_AND_REFERENCE,4.4,51269,1000000,Free,0.0,Everyone,2018-07-19,6.1,Books & Reference
All Language Translator Free,BOOKS_AND_REFERENCE,4.4,30105,1000000,Free,0.0,Everyone,2018-07-29,2.1,Books & Reference
Azpen eReader,BOOKS_AND_REFERENCE,3.5,156,500000,Free,0.0,Everyone,2018-02-15,42.0,Books & Reference
English Dictionary - Offline,BOOKS_AND_REFERENCE,4.4,341157,10000000,Free,0.0,Everyone 10+,2018-03-20,30.0,Books & Reference
Visual Voicemail by MetroPCS,BUSINESS,4.1,16129,10000000,Free,0.0,Everyone,2018-07-30,,Business
Indeed Job Search,BUSINESS,4.3,674730,50000000,Free,0.0,Everyone,2018-05-21,,Business
Uber Driver,BUSINESS,4.4,1254730,10000000,Free,0.0,Everyone,2018-08-03,,Business
ADP Mobile Solutions,BUSINESS,4.3,85185,5000000,Free,0.0,Everyone,2018-07-17,29.0,Business
Snag - Jobs Hiring Now,BUSINESS,4.3,32584,1000000,Free,0.0,Everyone,2018-05-04,,Business
Docs To Go™ Free Office Suite,BUSINESS,4.1,217730,50000000,Free,0.0,Everyone,2018-04-02,,Business
Google My Business,BUSINESS,4.4,70991,5000000,Free,0.0,Everyone,2018-07-24,,Business
OfficeSuite : Free Office + PDF Editor,BUSINESS,4.3,1002861,100000000,Free,0.0,Everyone,2018-08-02,35.0,Business
USPS MOBILE®,BUSINESS,3.9,16589,1000000,Free,0.0,Everyone,2018-06-14,9.1,Business
Job Search by ZipRecruiter,BUSINESS,4.8,148945,1000000,Free,0.0,Everyone,2018-07-19,25.0,Business
Curriculum vitae App CV Builder Free Resume Maker,BUSINESS,4.5,4458,500000,Free,0.0,Everyone,2018-07-08,3.9,Business
Google Primer,BUSINESS,4.4,62272,10000000,Free,0.0,Everyone,2018-06-26,18.0,Business
Alba Heaven - Alvarez Job Portal Services,BUSINESS,4.0,8941,5000000,Free,0.0,Everyone,2018-07-31,12.0,Business
SuperLivePro,BUSINESS,4.3,46353,1000000,Free,0.0,Everyone,2016-04-13,21.0,Business
Facebook Pages Manager,BUSINESS,4.0,1279184,50000000,Free,0.0,Everyone,2018-08-02,,Business
OfficeSuite Pro + PDF (Trial),BUSINESS,4.2,88073,10000000,Free,0.0,Everyone,2018-07-09,,Business
My Space - Employment Center,BUSINESS,4.5,67000,1000000,Free,0.0,Everyone,2018-07-17,,Business
Box,BUSINESS,4.2,159872,10000000,Free,0.0,Everyone,2018-07-31,,Business
Polaris Office for LG,BUSINESS,4.2,30847,5000000,Free,0.0,Everyone,2018-02-08,55.0,Business
Call Blocker,BUSINESS,4.6,188841,5000000,Free,0.0,Everyone,2018-06-21,3.2,Business
Jobs in Alabama - Jobs in Alba,BUSINESS,4.1,11622,5000000,Free,0.0,Everyone,2018-07-26,,Business
Square Point of Sale - POS,BUSINESS,4.6,95912,5000000,Free,0.0,Everyone,2018-07-30,,Business
Plugin:AOT v5.0,BUSINESS,3.1,4034,100000,Free,0.0,Everyone,2015-09-11,0.0224609375,Business
Kariyer.net,BUSINESS,3.9,45964,1000000,Free,0.0,Everyone,2018-07-18,16.0,Business
SEEK Job Search,BUSINESS,4.3,14955,1000000,Free,0.0,Everyone,2018-07-30,,Business
Become a Job - Find a job or advertise,BUSINESS,4.1,6903,1000000,Free,0.0,Everyone,2018-07-10,14.0,Business
ZOOM Cloud Meetings,BUSINESS,4.4,31614,10000000,Free,0.0,Everyone,2018-07-20,37.0,Business
Easy Installer - Apps On SD,BUSINESS,4.1,23055,5000000,Free,0.0,Everyone,2018-06-08,,Business
Facebook Ads Manager,BUSINESS,4.1,19023,1000000,Free,0.0,Everyone,2018-08-01,,Business
"IndiaMART: Search Products, Buy, Sell & Trade",BUSINESS,4.5,207372,5000000,Free,0.0,Everyone,2018-08-02,11.0,Business
ViettelPost express delivery,BUSINESS,4.4,1225,100000,Free,0.0,Everyone,2018-08-01,25.0,Business
MyASUS - Service Center,BUSINESS,4.4,380837,10000000,Free,0.0,Everyone,2018-07-04,7.3,Business
Job Korea - Career Jobs,BUSINESS,4.3,10600,1000000,Free,0.0,Everyone,2018-08-01,6.5,Business
"104 Looking for a job - looking for a job, looking for a job, looking for a part-time job, health checkup, resume, treatment room",BUSINESS,4.4,74359,1000000,Free,0.0,Everyone,2018-07-27,25.0,Business
Myanmar 2D/3D,BUSINESS,4.6,822,100000,Free,0.0,Everyone,2018-06-08,3.1,Business
Quick PDF Scanner + OCR FREE,BUSINESS,4.2,80805,5000000,Free,0.0,Everyone,2018-02-26,,Business
sABN,BUSINESS,4.4,2287,1000000,Free,0.0,Everyone,2018-03-26,1.5,Business
ATI Cargoes and Transportation,BUSINESS,4.7,4162,100000,Free,0.0,Everyone,2018-07-24,7.5,Business
Secure Folder,BUSINESS,3.8,14760,50000000,Free,0.0,Everyone,2018-01-31,8.6,Business
UPS Mobile,BUSINESS,3.9,23243,5000000,Free,0.0,Everyone,2018-06-25,,Business
SignEasy | Sign and Fill PDF and other Documents,BUSINESS,4.3,8978,1000000,Free,0.0,Everyone,2018-07-25,,Business
Quick PDF Scanner + OCR FREE,BUSINESS,4.2,80805,5000000,Free,0.0,Everyone,2018-02-26,,Business
Genius Scan - PDF Scanner,BUSINESS,4.4,42492,1000000,Free,0.0,Everyone,2018-07-11,,Business
Tiny Scanner - PDF Scanner App,BUSINESS,4.7,286897,10000000,Free,0.0,Everyone,2017-05-30,39.0,Business
Fast Scanner : Free PDF Scan,BUSINESS,4.5,103755,10000000,Free,0.0,Everyone,2018-07-11,14.0,Business
Mobile Doc Scanner (MDScan) Lite,BUSINESS,4.2,46505,1000000,Free,0.0,Everyone,2018-08-02,19.0,Business
TurboScan: scan documents and receipts in PDF,BUSINESS,4.7,11442,100000,Paid,4.99,Everyone,2018-03-25,6.8,Business
Tiny Scanner Pro: PDF Doc Scan,BUSINESS,4.8,10295,100000,Paid,4.99,Everyone,2017-04-11,39.0,Business
Box,BUSINESS,4.2,159872,10000000,Free,0.0,Everyone,2018-07-31,,Business
Zenefits,BUSINESS,4.2,296,50000,Free,0.0,Everyone,2018-06-15,14.0,Business
Google Ads,BUSINESS,4.3,29313,5000000,Free,0.0,Everyone,2018-07-30,20.0,Business
Google My Business,BUSINESS,4.4,70991,5000000,Free,0.0,Everyone,2018-07-24,,Business
Slack,BUSINESS,4.4,51507,5000000,Free,0.0,Everyone,2018-08-02,,Business
FreshBooks Classic,BUSINESS,4.1,1802,100000,Free,0.0,Everyone,2018-04-18,26.0,Business
Insightly CRM,BUSINESS,3.8,1383,100000,Free,0.0,Everyone,2018-07-12,51.0,Business
QuickBooks Accounting: Invoicing & Expenses,BUSINESS,4.3,23175,1000000,Free,0.0,Everyone,2018-07-13,41.0,Business
HipChat - Chat Built for Teams,BUSINESS,3.8,5868,500000,Free,0.0,Everyone,2018-07-03,20.0,Business
Xero Accounting Software,BUSINESS,3.5,2111,100000,Free,0.0,Everyone,2018-07-30,,Business
"MailChimp - Email, Marketing Automation",BUSINESS,4.1,5448,500000,Free,0.0,Everyone,2018-07-25,12.0,Business
Crew - Free Messaging and Scheduling,BUSINESS,4.6,4159,500000,Free,0.0,Everyone,2018-07-20,48.0,Business
Asana: organize team projects,BUSINESS,4.3,20815,1000000,Free,0.0,Everyone,2018-07-26,10.0,Business
Google Analytics,BUSINESS,4.5,78662,1000000,Free,0.0,Everyone,2018-02-13,22.0,Business
AdWords Express,BUSINESS,4.1,7149,1000000,Free,0.0,Everyone,2018-07-31,11.0,Business
Accounting App - Zoho Books,BUSINESS,4.5,3079,100000,Free,0.0,Everyone,2018-08-02,8.5,Business
Invoice & Time Tracking - Zoho,BUSINESS,4.6,5800,100000,Free,0.0,Everyone,2018-08-02,8.6,Business
join.me - Simple Meetings,BUSINESS,4.0,6989,1000000,Free,0.0,Everyone,2018-07-16,,Business
Invoice 2go — Professional Invoices and Estimates,BUSINESS,4.2,16422,1000000,Free,0.0,Everyone,2018-08-01,28.0,Business
Cisco Webex Meetings,BUSINESS,4.4,108741,10000000,Free,0.0,Everyone,2018-07-20,28.0,Business
ZOOM Cloud Meetings,BUSINESS,4.4,31614,10000000,Free,0.0,Everyone,2018-07-20,37.0,Business
ScreenMeet. Easy Phone Meeting,BUSINESS,4.0,624,100000,Free,0.0,Everyone,2018-03-22,9.0,Business
Cisco Webex Teams,BUSINESS,4.2,1661,100000,Free,0.0,Everyone,2018-08-02,46.0,Business
Microsoft Remote Desktop,BUSINESS,4.2,97702,5000000,Free,0.0,Everyone,2018-07-11,,Business
Start Meeting,BUSINESS,4.1,308,50000,Free,0.0,Everyone,2018-05-29,14.0,Business
join.me - Simple Meetings,BUSINESS,4.0,6989,1000000,Free,0.0,Everyone,2018-07-16,,Business
ClickMeeting Webinars,BUSINESS,3.8,5211,1000000,Free,0.0,Everyone,2018-07-30,26.0,Business
BlueJeans for Android,BUSINESS,3.9,1058,500000,Free,0.0,Everyone,2018-06-29,23.0,Business
Skype for Business for Android,BUSINESS,3.9,78172,10000000,Free,0.0,Everyone,2018-08-02,,Business
Box,BUSINESS,4.2,159872,10000000,Free,0.0,Everyone,2018-07-31,,Business
Zenefits,BUSINESS,4.2,296,50000,Free,0.0,Everyone,2018-06-15,14.0,Business
Google Ads,BUSINESS,4.3,29313,5000000,Free,0.0,Everyone,2018-07-30,20.0,Business
Google My Business,BUSINESS,4.4,70991,5000000,Free,0.0,Everyone,2018-07-24,,Business
Slack,BUSINESS,4.4,51507,5000000,Free,0.0,Everyone,2018-08-02,,Business
FreshBooks Classic,BUSINESS,4.1,1802,100000,Free,0.0,Everyone,2018-04-18,26.0,Business
Insightly CRM,BUSINESS,3.8,1383,100000,Free,0.0,Everyone,2018-07-12,51.0,Business
QuickBooks Accounting: Invoicing & Expenses,BUSINESS,4.3,23175,1000000,Free,0.0,Everyone,2018-07-13,41.0,Business
HipChat - Chat Built for Teams,BUSINESS,3.8,5868,500000,Free,0.0,Everyone,2018-07-03,20.0,Business
Xero Accounting Software,BUSINESS,3.5,2111,100000,Free,0.0,Everyone,2018-07-30,,Business
"MailChimp - Email, Marketing Automation",BUSINESS,4.1,5448,500000,Free,0.0,Everyone,2018-07-25,12.0,Business
Crew - Free Messaging and Scheduling,BUSINESS,4.6,4159,500000,Free,0.0,Everyone,2018-07-20,48.0,Business
Asana: organize team projects,BUSINESS,4.3,20815,1000000,Free,0.0,Everyone,2018-07-26,10.0,Business
Google Analytics,BUSINESS,4.5,78662,1000000,Free,0.0,Everyone,2018-02-13,22.0,Business
AdWords Express,BUSINESS,4.1,7149,1000000,Free,0.0,Everyone,2018-07-31,11.0,Business
Accounting App - Zoho Books,BUSINESS,4.5,3079,100000,Free,0.0,Everyone,2018-08-02,8.5,Business
Invoice & Time Tracking - Zoho,BUSINESS,4.6,5800,100000,Free,0.0,Everyone,2018-08-02,8.6,Business
join.me - Simple Meetings,BUSINESS,4.0,6989,1000000,Free,0.0,Everyone,2018-07-16,,Business
Invoice 2go — Professional Invoices and Estimates,BUSINESS,4.2,16422,1000000,Free,0.0,Everyone,2018-08-01,28.0,Business
SignEasy | Sign and Fill PDF and other Documents,BUSINESS,4.3,8978,1000000,Free,0.0,Everyone,2018-07-25,,Business
Quick PDF Scanner + OCR FREE,BUSINESS,4.2,80804,5000000,Free,0.0,Everyone,2018-02-26,,Business
Genius Scan - PDF Scanner,BUSINESS,4.4,42492,1000000,Free,0.0,Everyone,2018-07-11,,Business
Tiny Scanner - PDF Scanner App,BUSINESS,4.7,286897,10000000,Free,0.0,Everyone,2017-05-30,39.0,Business
Fast Scanner : Free PDF Scan,BUSINESS,4.5,103755,10000000,Free,0.0,Everyone,2018-07-11,14.0,Business
Mobile Doc Scanner (MDScan) Lite,BUSINESS,4.2,46505,1000000,Free,0.0,Everyone,2018-08-02,19.0,Business
TurboScan: scan documents and receipts in PDF,BUSINESS,4.7,11442,100000,Paid,4.99,Everyone,2018-03-25,6.8,Business
Tiny Scanner Pro: PDF Doc Scan,BUSINESS,4.8,10295,100000,Paid,4.99,Everyone,2017-04-11,39.0,Business
Docs To Go™ Free Office Suite,BUSINESS,4.1,217730,50000000,Free,0.0,Everyone,2018-04-02,,Business
OfficeSuite : Free Office + PDF Editor,BUSINESS,4.3,1002859,100000000,Free,0.0,Everyone,2018-08-02,35.0,Business
Slack,BUSINESS,4.4,51510,5000000,Free,0.0,Everyone,2018-08-02,,Business
Verify - Receipts & Expenses,BUSINESS,4.5,413,10000,Free,0.0,Everyone,2018-07-25,29.0,Business
QuickBooks Accounting: Invoicing & Expenses,BUSINESS,4.3,23175,1000000,Free,0.0,Everyone,2018-07-13,41.0,Business
LINE WEBTOON - Free Comics,COMICS,4.5,1013635,10000000,Free,0.0,Teen,2018-07-31,,Comics
Manga Master - Best manga & comic reader,COMICS,4.6,24005,500000,Free,0.0,Adults only 18+,2018-07-04,4.9,Comics
GANMA! - All original stories free of charge for all original comics,COMICS,4.7,57106,1000000,Free,0.0,Teen,2018-07-23,27.0,Comics
Röhrich Werner Soundboard,COMICS,4.7,2249,500000,Free,0.0,Everyone,2017-11-16,32.0,Comics
Unicorn Pokez - Color By Number,COMICS,4.8,516,50000,Free,0.0,Everyone,2018-08-03,12.0,Comics
MangaToon - Comics updated Daily,COMICS,3.9,834,50000,Free,0.0,Mature 17+,2018-08-01,15.0,Comics
Manga Net – Best Online Manga Reader,COMICS,4.1,1010,50000,Free,0.0,Mature 17+,2018-07-07,11.0,Comics
Manga Rock - Best Manga Reader,COMICS,4.4,238970,1000000,Free,0.0,Teen,2018-07-09,28.0,Comics
Manga - read Thai translation,COMICS,4.6,302,10000,Free,0.0,Teen,2018-07-03,2.2,Comics
The Vietnam Story - Fun Stories,COMICS,4.5,438,10000,Free,0.0,Everyone,2017-12-27,3.4,Comics
Dragon Ball Wallpaper - Ringtones,COMICS,4.7,73,10000,Free,0.0,Everyone,2018-07-23,8.3,Comics
Funny Jokes Photos,COMICS,4.4,39,10000,Free,0.0,Everyone 10+,2018-07-03,4.3,Comics
Truyện Vui Tý Quậy,COMICS,4.5,144,10000,Free,0.0,Everyone,2018-07-19,4.7,Comics
Comic Es - Shojo manga / love comics free of charge ♪ ♪,COMICS,3.9,2181,100000,Free,0.0,Teen,2018-03-05,10.0,Comics
comico Popular Original Cartoon Updated Everyday Comico,COMICS,3.2,93965,5000000,Free,0.0,Teen,2018-07-03,15.0,Comics
Daily Manga - Comic & Webtoon,COMICS,3.2,1446,100000,Free,0.0,Mature 17+,2018-05-18,7.1,Comics
"漫咖 Comics - Manga,Novel and Stories",COMICS,4.1,12088,1000000,Free,0.0,Mature 17+,2018-07-06,21.0,Comics
Emmanuella Funny Videos 2018,COMICS,4.5,314,100000,Free,0.0,Everyone,2018-05-23,6.1,Comics
DC Comics,COMICS,4.2,25671,1000000,Free,0.0,Teen,2018-06-05,,Comics
Manga Zero - Japanese cartoon and comic reader,COMICS,4.2,15194,1000000,Free,0.0,Teen,2018-07-19,15.0,Comics
Marvel Unlimited,COMICS,3.7,22551,1000000,Free,0.0,Teen,2018-07-24,11.0,Comics
"Tapas – Comics, Novels, and Stories",COMICS,4.5,29839,1000000,Free,0.0,Teen,2018-07-31,29.0,Comics
Children's cartoons (Mithu-Mina-Raju),COMICS,4.6,279,100000,Free,0.0,Everyone,2017-12-18,3.3,Comics
Narrator's Voice,COMICS,4.5,564387,5000000,Free,0.0,Everyone,2018-07-05,,Comics
Faustop Sounds,COMICS,4.7,1677,100000,Free,0.0,Everyone,2018-05-26,40.0,Comics
Manga Mania - Best online manga reader,COMICS,4.4,757,10000,Free,0.0,Teen,2018-05-24,10.0,Comics
- Free Comics - Comic Apps,COMICS,3.5,115,10000,Free,0.0,Mature 17+,2018-07-13,9.1,Comics
Manga AZ - Manga Comic Reader,COMICS,3.3,125,5000,Free,0.0,Teen,2018-07-24,4.7,Comics
Buff Thun - Daily Free Webtoon / Comics / Web Fiction / Mini Game,COMICS,4.5,9952,500000,Free,0.0,Everyone 10+,2018-07-31,38.0,Comics
pixiv comic - everyone's manga app,COMICS,4.4,18814,1000000,Free,0.0,Mature 17+,2018-07-30,,Comics
Funny Jokes and Stories 2018,COMICS,4.2,21,5000,Free,0.0,Everyone,2018-03-31,6.7,Comics
Hojiboy Tojiboyev Life Hacks,COMICS,5.0,15,1000,Free,0.0,Everyone,2018-06-26,37.0,Comics
Perfect Viewer,COMICS,4.4,51981,5000000,Free,0.0,Everyone,2018-08-01,,Comics
"Best Wallpapers Backgrounds(100,000+ 4K HD)",COMICS,4.7,3596,10000,Free,0.0,Teen,2018-06-16,7.8,Comics
think Comics,COMICS,4.4,1006,50000,Free,0.0,Everyone,2018-08-03,19.0,Comics
Memes Button,COMICS,4.4,5968,1000000,Free,0.0,Everyone,2018-05-28,5.7,Comics
"Laftel - Watching and Announcing Snooping, Streaming",COMICS,4.6,4895,100000,Free,0.0,Everyone,2018-08-02,35.0,Comics
Messenger – Text and Video Chat for Free,COMMUNICATION,4.0,56642847,1000000000,Free,0.0,Everyone,2018-08-01,,Communication
WhatsApp Messenger,COMMUNICATION,4.4,69119316,1000000000,Free,0.0,Everyone,2018-08-03,,Communication
Messenger for SMS,COMMUNICATION,4.3,125257,10000000,Free,0.0,Teen,2018-06-06,17.0,Communication
Google Chrome: Fast & Secure,COMMUNICATION,4.3,9642995,1000000000,Free,0.0,Everyone,2018-08-01,,Communication
Messenger Lite: Free Calls & Messages,COMMUNICATION,4.4,1429035,100000000,Free,0.0,Everyone,2018-07-25,,Communication
Gmail,COMMUNICATION,4.3,4604324,1000000000,Free,0.0,Everyone,2018-08-02,,Communication
Hangouts,COMMUNICATION,4.0,3419249,1000000000,Free,0.0,Everyone,2018-07-21,,Communication
Viber Messenger,COMMUNICATION,4.3,11334799,500000000,Free,0.0,Everyone,2018-07-18,,Communication
My Tele2,COMMUNICATION,4.3,158679,5000000,Free,0.0,Everyone,2018-08-03,8.8,Communication
Firefox Browser fast & private,COMMUNICATION,4.4,3075028,100000000,Free,0.0,Everyone,2018-07-10,,Communication
Yahoo Mail – Stay Organized,COMMUNICATION,4.3,4187998,100000000,Free,0.0,Everyone,2018-07-18,16.0,Communication
imo beta free calls and text,COMMUNICATION,4.3,659395,100000000,Free,0.0,Everyone,2018-06-07,11.0,Communication
imo free video calls and chat,COMMUNICATION,4.3,4785892,500000000,Free,0.0,Everyone,2018-06-08,11.0,Communication
Contacts,COMMUNICATION,4.3,66602,50000000,Free,0.0,Everyone,2018-06-26,,Communication
Call Free – Free Call,COMMUNICATION,4.3,30209,5000000,Free,0.0,Everyone,2018-07-28,15.0,Communication
Web Browser & Explorer,COMMUNICATION,4.0,36901,5000000,Free,0.0,Everyone,2018-07-04,6.6,Communication
Opera Mini - fast web browser,COMMUNICATION,4.5,5149854,100000000,Free,0.0,Everyone,2018-07-19,,Communication
Browser 4G,COMMUNICATION,4.3,192948,10000000,Free,0.0,Everyone,2018-06-19,6.6,Communication
MegaFon Dashboard,COMMUNICATION,3.7,99559,10000000,Free,0.0,Everyone,2018-07-30,,Communication
ZenUI Dialer & Contacts,COMMUNICATION,4.5,437674,10000000,Free,0.0,Everyone,2018-08-01,,Communication
Cricket Visual Voicemail,COMMUNICATION,3.9,13698,10000000,Free,0.0,Everyone,2018-07-02,5.1,Communication
Opera Browser: Fast and Secure,COMMUNICATION,4.4,2473509,100000000,Free,0.0,Everyone,2018-07-31,,Communication
TracFone My Account,COMMUNICATION,3.6,20769,1000000,Free,0.0,Everyone,2018-07-11,18.0,Communication
Firefox Focus: The privacy browser,COMMUNICATION,4.4,36880,1000000,Free,0.0,Everyone,2018-07-06,4.0,Communication
Google Voice,COMMUNICATION,4.2,171031,10000000,Free,0.0,Everyone,2018-08-03,,Communication
Chrome Dev,COMMUNICATION,4.4,63543,5000000,Free,0.0,Everyone,2018-08-02,,Communication
Xperia Link™,COMMUNICATION,4.1,45487,10000000,Free,0.0,Everyone,2016-10-27,,Communication
TouchPal Keyboard - Fun Emoji & Android Keyboard,COMMUNICATION,4.4,615381,10000000,Free,0.0,Mature 17+,2018-08-02,37.0,Communication
Who,COMMUNICATION,4.3,2451083,100000000,Free,0.0,Teen,2018-08-03,,Communication
Skype Lite - Free Video Call & Chat,COMMUNICATION,4.2,33053,5000000,Free,0.0,Everyone,2018-07-31,22.0,Communication
WeChat,COMMUNICATION,4.2,5387333,100000000,Free,0.0,Everyone,2018-07-31,,Communication
UC Browser Mini -Tiny Fast Private & Secure,COMMUNICATION,4.4,3648120,100000000,Free,0.0,Teen,2018-07-18,3.3,Communication
WhatsApp Business,COMMUNICATION,4.4,136662,10000000,Free,0.0,Everyone,2018-07-30,32.0,Communication
My magenta,COMMUNICATION,3.9,42370,1000000,Free,0.0,Everyone,2018-06-25,37.0,Communication
Android Messages,COMMUNICATION,4.2,781810,100000000,Free,0.0,Everyone,2018-08-01,,Communication
Telegram,COMMUNICATION,4.4,3128250,100000000,Free,0.0,Mature 17+,2018-07-27,,Communication
Google Duo - High Quality Video Calls,COMMUNICATION,4.6,2083237,500000000,Free,0.0,Everyone,2018-07-31,,Communication
Puffin Web Browser,COMMUNICATION,4.3,541389,10000000,Free,0.0,Everyone,2018-07-09,,Communication
Seznam.cz,COMMUNICATION,4.3,46702,1000000,Free,0.0,Everyone,2018-07-04,,Communication
Antillean Gold Telegram (original version),COMMUNICATION,4.4,2939,100000,Free,0.0,Everyone,2018-07-16,17.0,Communication
AT&T Visual Voicemail,COMMUNICATION,3.7,13761,10000000,Free,0.0,Everyone,2018-06-27,,Communication
GMX Mail,COMMUNICATION,4.3,258556,10000000,Free,0.0,Everyone,2018-07-25,,Communication
Omlet Chat,COMMUNICATION,3.9,40751,10000000,Free,0.0,Teen,2016-11-04,35.0,Communication
UC Browser - Fast Download Private & Secure,COMMUNICATION,4.5,17712922,500000000,Free,0.0,Teen,2018-08-02,40.0,Communication
My Vodacom SA,COMMUNICATION,3.7,25021,5000000,Free,0.0,Everyone,2018-06-26,61.0,Communication
Microsoft Edge,COMMUNICATION,4.3,27187,5000000,Free,0.0,Everyone,2018-07-28,66.0,Communication
WhatsApp Messenger,COMMUNICATION,4.4,69119316,1000000000,Free,0.0,Everyone,2018-08-03,,Communication
Messenger – Text and Video Chat for Free,COMMUNICATION,4.0,56646578,1000000000,Free,0.0,Everyone,2018-08-01,,Communication
imo free video calls and chat,COMMUNICATION,4.3,4785988,500000000,Free,0.0,Everyone,2018-06-08,11.0,Communication
Hangouts Dialer - Call Phones,COMMUNICATION,4.0,122498,10000000,Free,0.0,Everyone,2015-09-02,0.0771484375,Communication
Viber Messenger,COMMUNICATION,4.3,11334973,500000000,Free,0.0,Everyone,2018-07-18,,Communication
Hangouts,COMMUNICATION,4.0,3419433,1000000000,Free,0.0,Everyone,2018-07-21,,Communication
"Talkatone: Free Texts, Calls & Phone Number",COMMUNICATION,4.1,132014,10000000,Free,0.0,Everyone,2018-07-18,25.0,Communication
Calls & Text by Mo+,COMMUNICATION,4.2,83239,5000000,Free,0.0,Everyone,2018-04-19,14.0,Communication
free video calls and chat,COMMUNICATION,4.2,594728,50000000,Free,0.0,Everyone,2018-07-19,,Communication
WeChat,COMMUNICATION,4.2,5387446,100000000,Free,0.0,Everyone,2018-07-31,,Communication
Skype - free IM & video calls,COMMUNICATION,4.1,10484169,1000000000,Free,0.0,Everyone,2018-08-03,,Communication
Telegram,COMMUNICATION,4.4,3128509,100000000,Free,0.0,Mature 17+,2018-07-27,,Communication
Who,COMMUNICATION,4.3,2451093,100000000,Free,0.0,Teen,2018-08-03,,Communication
Google Voice,COMMUNICATION,4.2,171031,10000000,Free,0.0,Everyone,2018-08-03,,Communication
"GO SMS Pro - Messenger, Free Themes, Emoji",COMMUNICATION,4.4,2876500,100000000,Free,0.0,Everyone,2018-08-01,24.0,Communication
Android Messages,COMMUNICATION,4.2,781810,100000000,Free,0.0,Everyone,2018-08-01,,Communication
"Messaging+ SMS, MMS Free",COMMUNICATION,4.1,28238,1000000,Free,0.0,Everyone,2018-08-02,17.0,Communication
chomp SMS,COMMUNICATION,4.3,335646,10000000,Free,0.0,Everyone,2018-07-26,8.3,Communication
Glide - Video Chat Messenger,COMMUNICATION,4.3,350154,10000000,Free,0.0,Everyone,2018-07-29,,Communication
Text SMS,COMMUNICATION,4.5,349384,10000000,Free,0.0,Everyone,2018-07-24,8.2,Communication
Google Allo,COMMUNICATION,4.3,346982,10000000,Free,0.0,Everyone,2018-01-23,,Communication
Talkray - Free Calls & Texts,COMMUNICATION,4.2,244863,10000000,Free,0.0,Everyone,2018-05-29,,Communication
LINE: Free Calls & Messages,COMMUNICATION,4.2,10790289,500000000,Free,0.0,Everyone,2018-07-26,,Communication
GroupMe,COMMUNICATION,4.5,330761,10000000,Free,0.0,Everyone,2018-07-03,,Communication
mysms SMS Text Messaging Sync,COMMUNICATION,4.3,37320,1000000,Free,0.0,Everyone,2018-07-30,8.4,Communication
BBM - Free Calls & Messages,COMMUNICATION,4.3,12842860,100000000,Free,0.0,Everyone,2018-08-02,,Communication
KakaoTalk: Free Calls & Text,COMMUNICATION,4.3,2546527,100000000,Free,0.0,Everyone,2018-08-03,,Communication
Firefox Focus: The privacy browser,COMMUNICATION,4.4,36893,1000000,Free,0.0,Everyone,2018-07-06,4.0,Communication
2ndLine - Second Phone Number,COMMUNICATION,4.2,15880,1000000,Free,0.0,Everyone,2018-08-03,32.0,Communication
Google Allo,COMMUNICATION,4.3,346980,10000000,Free,0.0,Everyone,2018-01-23,,Communication
Google Chrome: Fast & Secure,COMMUNICATION,4.3,9643041,1000000000,Free,0.0,Everyone,2018-08-01,,Communication
Firefox Browser fast & private,COMMUNICATION,4.4,3075118,100000000,Free,0.0,Everyone,2018-07-10,,Communication
"CM Browser - Ad Blocker , Fast Download , Privacy",COMMUNICATION,4.6,2264916,50000000,Free,0.0,Everyone,2018-07-31,6.1,Communication
Puffin Web Browser,COMMUNICATION,4.3,541389,10000000,Free,0.0,Everyone,2018-07-09,,Communication
Opera Browser: Fast and Secure,COMMUNICATION,4.4,2473693,100000000,Free,0.0,Everyone,2018-07-31,,Communication
Ninesky Browser,COMMUNICATION,4.2,42925,1000000,Free,0.0,Everyone,2017-08-27,2.8,Communication
Opera Mini - fast web browser,COMMUNICATION,4.5,5150471,100000000,Free,0.0,Everyone,2018-07-19,,Communication
"Dolphin Browser - Fast, Private & Adblock🐬",COMMUNICATION,4.5,2511130,50000000,Free,0.0,Everyone,2018-07-02,,Communication
UC Browser Mini -Tiny Fast Private & Secure,COMMUNICATION,4.4,3648480,100000000,Free,0.0,Teen,2018-07-18,3.3,Communication
UC Browser - Fast Download Private & Secure,COMMUNICATION,4.5,17714850,500000000,Free,0.0,Teen,2018-08-02,40.0,Communication
Ghostery Privacy Browser,COMMUNICATION,4.1,13100,1000000,Free,0.0,Everyone,2018-03-20,2.2,Communication
InBrowser - Incognito Browsing,COMMUNICATION,4.2,27156,1000000,Free,0.0,Everyone,2018-05-31,,Communication
Web Browser for Android,COMMUNICATION,4.1,55098,1000000,Free,0.0,Everyone,2018-06-20,4.3,Communication
DU Browser—Browse fast & fun,COMMUNICATION,4.3,1133501,10000000,Free,0.0,Everyone,2016-04-01,4.7,Communication
Lightning Web Browser,COMMUNICATION,4.1,12578,500000,Free,0.0,Everyone,2017-07-10,2.3,Communication
Web Browser,COMMUNICATION,4.2,10965,500000,Free,0.0,Everyone,2015-02-02,2.3,Communication
Puffin Browser Pro,COMMUNICATION,4.0,18247,100000,Paid,3.99,Everyone,2018-07-05,,Communication
Contacts+,COMMUNICATION,4.2,190613,10000000,Free,0.0,Everyone,2018-07-31,11.0,Communication
ExDialer - Dialer & Contacts,COMMUNICATION,4.2,125232,10000000,Free,0.0,Everyone,2017-03-05,2.7,Communication
Calls & Text by Mo+,COMMUNICATION,4.2,83239,5000000,Free,0.0,Everyone,2018-04-19,14.0,Communication
Viber Messenger,COMMUNICATION,4.3,11334973,500000000,Free,0.0,Everyone,2018-07-18,,Communication
PHONE for Google Voice & GTalk,COMMUNICATION,4.3,72065,1000000,Free,0.0,Everyone,2018-04-18,13.0,Communication
Safest Call Blocker,COMMUNICATION,4.4,27540,1000000,Free,0.0,Everyone,2018-01-05,3.7,Communication
Full Screen Caller ID,COMMUNICATION,4.2,104990,5000000,Free,0.0,Everyone,2018-05-15,10.0,Communication
Hiya - Caller ID & Block,COMMUNICATION,4.4,177703,10000000,Free,0.0,Mature 17+,2018-07-25,13.0,Communication
Call Blocker,COMMUNICATION,4.1,17529,1000000,Free,0.0,Everyone,2018-07-26,10.0,Communication
Mr. Number-Block calls & spam,COMMUNICATION,4.2,177263,10000000,Free,0.0,Mature 17+,2018-07-13,13.0,Communication
Should I Answer?,COMMUNICATION,4.8,237468,1000000,Free,0.0,Everyone,2018-07-26,8.8,Communication
RocketDial Dialer & Contacts,COMMUNICATION,4.4,32254,1000000,Free,0.0,Everyone,2017-12-04,5.5,Communication
"CallApp: Caller ID, Blocker & Phone Call Recorder",COMMUNICATION,4.4,483565,10000000,Free,0.0,Everyone,2018-07-29,20.0,Communication
Whoscall - Caller ID & Block,COMMUNICATION,4.4,552441,10000000,Free,0.0,Everyone,2018-08-01,29.0,Communication
CIA - Caller ID & Call Blocker,COMMUNICATION,4.0,60308,5000000,Free,0.0,Everyone,2018-06-22,,Communication
Calls Blacklist - Call Blocker,COMMUNICATION,4.5,457283,10000000,Free,0.0,Everyone,2018-05-24,,Communication
Call Control - Call Blocker,COMMUNICATION,4.4,93825,5000000,Free,0.0,Everyone,2018-07-05,11.0,Communication
True Contact - Real Caller ID,COMMUNICATION,4.1,32283,1000000,Free,0.0,Everyone,2018-07-26,,Communication
Video Caller Id,COMMUNICATION,4.2,15287,1000000,Free,0.0,Everyone,2018-01-24,17.0,Communication
Sync.ME – Caller ID & Block,COMMUNICATION,4.5,205739,5000000,Free,0.0,Everyone,2018-07-26,17.0,Communication
Burner - Free Phone Number,COMMUNICATION,4.3,14873,1000000,Free,0.0,Everyone,2018-07-12,,Communication
"Truecaller: Caller ID, SMS spam blocking & Dialer",COMMUNICATION,4.5,7820209,100000000,Free,0.0,Everyone,2018-08-01,,Communication
Caller ID +,COMMUNICATION,4.0,9498,1000000,Free,0.0,Everyone,2016-06-07,0.115234375,Communication
Gmail,COMMUNICATION,4.3,4604483,1000000000,Free,0.0,Everyone,2018-08-02,,Communication
Yahoo Mail – Stay Organized,COMMUNICATION,4.3,4188142,100000000,Free,0.0,Everyone,2018-07-18,16.0,Communication
K-9 Mail,COMMUNICATION,4.2,88427,5000000,Free,0.0,Everyone,2018-01-06,5.1,Communication
"myMail – Email for Hotmail, Gmail and Outlook Mail",COMMUNICATION,4.5,305218,10000000,Free,0.0,Everyone,2018-08-03,,Communication
Email TypeApp - Mail App,COMMUNICATION,4.6,183374,1000000,Free,0.0,Everyone,2018-08-01,44.0,Communication
All Email Providers,COMMUNICATION,4.1,20901,1000000,Free,0.0,Everyone,2018-04-03,7.3,Communication
"Newton Mail - Email App for Gmail, Outlook, IMAP",COMMUNICATION,4.0,122595,1000000,Free,0.0,Everyone,2018-07-19,30.0,Communication
GO Notifier,COMMUNICATION,4.2,124346,10000000,Free,0.0,Everyone,2014-07-06,0.6787109375,Communication
Mail.Ru - Email App,COMMUNICATION,4.6,837842,50000000,Free,0.0,Everyone,2018-08-03,,Communication
Mail1Click - Secure Mail,COMMUNICATION,4.1,255,10000,Free,0.0,Everyone,2017-04-11,1.6,Communication
Daum Mail - Next Mail,COMMUNICATION,4.3,41420,5000000,Free,0.0,Everyone,2018-06-21,19.0,Communication
mail.com mail,COMMUNICATION,4.2,44706,1000000,Free,0.0,Everyone,2018-07-25,,Communication
SolMail - All-in-One email app,COMMUNICATION,4.3,23707,500000,Free,0.0,Everyone,2017-08-09,,Communication
Hangouts,COMMUNICATION,4.0,3419513,1000000000,Free,0.0,Everyone,2018-07-21,,Communication
imo free video calls and chat,COMMUNICATION,4.3,4785988,500000000,Free,0.0,Everyone,2018-06-08,11.0,Communication
free video calls and chat,COMMUNICATION,4.2,594728,50000000,Free,0.0,Everyone,2018-07-19,,Communication
Viber Messenger,COMMUNICATION,4.3,11335255,500000000,Free,0.0,Everyone,2018-07-18,,Communication
Skype - free IM & video calls,COMMUNICATION,4.1,10484169,1000000000,Free,0.0,Everyone,2018-08-03,,Communication
WeChat,COMMUNICATION,4.2,5387446,100000000,Free,0.0,Everyone,2018-07-31,,Communication
Vonage Mobile® Call Video Text,COMMUNICATION,4.1,29208,1000000,Free,0.0,Everyone,2016-09-28,23.0,Communication
JusTalk - Free Video Calls and Fun Video Chat,COMMUNICATION,4.6,191032,5000000,Free,0.0,Everyone,2018-08-04,26.0,Communication
Glide - Video Chat Messenger,COMMUNICATION,4.3,350154,10000000,Free,0.0,Everyone,2018-07-29,,Communication
Talkray - Free Calls & Texts,COMMUNICATION,4.2,244863,10000000,Free,0.0,Everyone,2018-05-29,,Communication
LINE: Free Calls & Messages,COMMUNICATION,4.2,10790289,500000000,Free,0.0,Everyone,2018-07-26,,Communication
KakaoTalk: Free Calls & Text,COMMUNICATION,4.3,2546527,100000000,Free,0.0,Everyone,2018-08-03,,Communication
"Moco+ - Chat, Meet People",DATING,4.2,1545,10000,Paid,3.99,Mature 17+,2018-06-19,,Dating
Calculator,DATING,2.6,57,1000,Paid,6.99,Everyone,2017-10-25,6.2,Dating
AMBW Dating App: Asian Men Black Women Interracial,DATING,3.5,2,100,Paid,7.99,Mature 17+,2017-01-21,17.0,Dating
Zoosk Dating App: Meet Singles,DATING,4.0,516801,10000000,Free,0.0,Mature 17+,2018-08-02,,Dating
OkCupid Dating,DATING,4.1,285726,10000000,Free,0.0,Mature 17+,2018-07-30,15.0,Dating
Match™ Dating - Meet Singles,DATING,3.7,76646,10000000,Free,0.0,Mature 17+,2018-07-23,,Dating
"Hily: Dating, Chat, Match, Meet & Hook up",DATING,4.1,2556,100000,Free,0.0,Mature 17+,2018-08-01,56.0,Dating
Hinge: Dating & Relationships,DATING,4.2,7779,500000,Free,0.0,Mature 17+,2018-08-03,12.0,Dating
Casual Dating & Adult Singles - Joyride,DATING,4.5,61637,5000000,Free,0.0,Mature 17+,2018-07-31,11.0,Dating
BBW Dating & Plus Size Chat,DATING,4.4,12632,1000000,Free,0.0,Mature 17+,2018-07-27,29.0,Dating
"Moco - Chat, Meet People",DATING,4.2,313724,10000000,Free,0.0,Mature 17+,2018-08-04,,Dating
CMB Free Dating App,DATING,4.0,48845,1000000,Free,0.0,Mature 17+,2018-08-01,40.0,Dating
Hot or Not - Find someone right now,DATING,4.1,305708,10000000,Free,0.0,Mature 17+,2018-08-02,,Dating
eharmony - Online Dating App,DATING,3.1,31320,5000000,Free,0.0,Mature 17+,2018-07-30,53.0,Dating
Free Dating App & Flirt Chat - Match with Singles,DATING,4.4,172460,5000000,Free,0.0,Mature 17+,2018-08-04,3.1,Dating
"Chispa, the Dating App for Latino, Latina Singles",DATING,4.2,4195,100000,Free,0.0,Mature 17+,2018-07-25,24.0,Dating
Clover Dating App,DATING,4.1,11633,500000,Free,0.0,Mature 17+,2018-07-24,23.0,Dating
Black People Meet Singles Date,DATING,3.9,10212,1000000,Free,0.0,Mature 17+,2018-07-25,5.0,Dating
Mingle2 - Free Online Dating & Singles Chat Rooms,DATING,4.3,37053,1000000,Free,0.0,Mature 17+,2018-08-03,44.0,Dating
Free Dating App & Flirt Chat - Cheers,DATING,4.4,667,10000,Free,0.0,Mature 17+,2018-08-03,27.0,Dating
stranger chat - anonymous chat,DATING,3.5,13202,1000000,Free,0.0,Mature 17+,2018-07-07,6.1,Dating
"Blendr - Chat, Flirt & Meet",DATING,4.0,28671,1000000,Free,0.0,Mature 17+,2018-08-01,,Dating
Free Dating Hook Up Messenger,DATING,3.3,1157,100000,Free,0.0,Mature 17+,2017-01-27,21.0,Dating
Find Real Love — YouLove Premium Dating,DATING,4.5,212626,10000000,Free,0.0,Mature 17+,2018-07-31,11.0,Dating
Once - Quality Matches Every day,DATING,4.4,222888,1000000,Free,0.0,Mature 17+,2018-07-17,21.0,Dating
BLK - Swipe. Match. Chat.,DATING,4.1,2067,100000,Free,0.0,Mature 17+,2018-07-25,24.0,Dating
Cougar Dating Life : Date Older Women Sugar Mummy,DATING,3.9,1643,500000,Free,0.0,Mature 17+,2018-07-03,31.0,Dating
Howlr,DATING,3.9,105,5000,Free,0.0,Mature 17+,2018-06-19,27.0,Dating
Stranger Chat & Date,DATING,3.6,3414,500000,Free,0.0,Mature 17+,2018-06-06,6.2,Dating
Free Dating & Flirt Chat - Choice of Love,DATING,4.0,42194,5000000,Free,0.0,Mature 17+,2018-07-24,,Dating
RandoChat - Chat roulette,DATING,3.6,11806,1000000,Free,0.0,Mature 17+,2018-06-26,12.0,Dating
BeWild Free Dating & Chat App,DATING,3.4,1999,100000,Free,0.0,Mature 17+,2017-02-03,8.0,Dating
"FastMeet: Chat, Dating, Love",DATING,4.2,22544,1000000,Free,0.0,Mature 17+,2018-07-27,5.9,Dating
"Free Dating App - YoCutie - Flirt, Chat & Meet",DATING,4.1,97684,1000000,Free,0.0,Mature 17+,2018-07-10,7.9,Dating
OurTime Dating for Singles 50+,DATING,3.4,2519,100000,Free,0.0,Mature 17+,2018-07-25,5.0,Dating
FarmersOnly Dating,DATING,3.0,1146,100000,Free,0.0,Mature 17+,2016-02-25,1.4,Dating
Dating for 50 plus Mature Singles – FINALLY,DATING,4.6,13046,500000,Free,0.0,Mature 17+,2018-07-31,13.0,Dating
Sudy – Meet Elite & Rich Single,DATING,4.1,17268,500000,Free,0.0,Mature 17+,2018-06-25,40.0,Dating
Christian Dating For Free App,DATING,3.9,8722,500000,Free,0.0,Mature 17+,2018-06-20,13.0,Dating
Just She - Top Lesbian Dating,DATING,1.9,953,100000,Free,0.0,Mature 17+,2018-07-18,19.0,Dating
Single Parent Meet #1 Dating,DATING,3.5,2593,500000,Free,0.0,Mature 17+,2018-07-25,5.0,Dating
EliteSingles – Dating for Single Professionals,DATING,2.5,5377,500000,Free,0.0,Mature 17+,2018-07-31,19.0,Dating
Millionaire Match: Rich Singles Dating App,DATING,3.9,852,100000,Free,0.0,Mature 17+,2018-07-30,27.0,Dating
InterracialCupid - Interracial Dating App,DATING,3.4,212,50000,Free,0.0,Mature 17+,2018-06-13,3.0,Dating
Sugar Mommas Dating And Single Search,DATING,3.5,1972,1000000,Free,0.0,Mature 17+,2018-05-12,13.0,Dating
"Hide App, Private Dating, Safe Chat - PrivacyHider",DATING,4.4,35206,1000000,Free,0.0,Everyone,2018-05-21,7.2,Dating
"muzmatch: Muslim & Arab Singles, Marriage & Dating",DATING,3.8,5164,100000,Free,0.0,Mature 17+,2018-07-24,25.0,Dating
NoBuffDating - Free Dating App,DATING,4.2,1939,100000,Free,0.0,Mature 17+,2017-01-08,,Dating
Sugar Daddy Dating App,DATING,2.5,277,100000,Free,0.0,Mature 17+,2017-12-04,5.7,Dating
Adult Dirty Emojis,DATING,2.8,80,10000,Free,0.0,Teen,2017-11-06,5.5,Dating
Free Dating App - Meet Local Singles - Flirt Chat,DATING,4.1,825,100000,Free,0.0,Mature 17+,2017-12-28,,Dating
"Meet4U - Chat, Love, Singles!",DATING,4.2,40035,1000000,Free,0.0,Mature 17+,2018-07-27,6.5,Dating
SnpCupid Dating,DATING,3.5,1093,100000,Free,0.0,Mature 17+,2017-01-28,5.8,Dating
"Chat Rooms, Avatars, Date - Galaxy",DATING,4.3,135418,10000000,Free,0.0,Mature 17+,2018-07-07,,Dating
Adult Dating - AdultFinder,DATING,3.3,1601,500000,Free,0.0,Mature 17+,2017-02-01,3.8,Dating
Gay Sugar Daddy Dating & Hookup – Sudy Gay,DATING,4.1,2212,100000,Free,0.0,Mature 17+,2018-06-20,41.0,Dating
"Meet24 - Love, Chat, Singles",DATING,4.2,57081,1000000,Free,0.0,Mature 17+,2018-07-27,7.9,Dating
BBWCupid - BBW Dating App,DATING,3.5,241,50000,Free,0.0,Mature 17+,2018-06-01,2.8,Dating
ChatVideo Meet new people,DATING,4.2,63986,5000000,Free,0.0,Mature 17+,2018-05-31,20.0,Dating
"TryDate - Free Online Dating App, Chat Meet Adults",DATING,4.4,7888,500000,Free,0.0,Mature 17+,2018-04-29,15.0,Dating
Black White Interracial Dating - Interracial Match,DATING,4.1,535,100000,Free,0.0,Mature 17+,2018-03-29,28.0,Dating
"USA Singles Meet, Match and Date Free - Date",DATING,4.2,5084,100000,Free,0.0,Mature 17+,2018-08-03,9.6,Dating
FlirtChat - ♥Free Dating/Flirting App♥,DATING,4.3,2430,500000,Free,0.0,Mature 17+,2018-07-26,13.0,Dating
OkCupid Dating,DATING,4.1,285726,10000000,Free,0.0,Mature 17+,2018-07-30,15.0,Dating
CMB Free Dating App,DATING,4.0,48845,1000000,Free,0.0,Mature 17+,2018-08-01,40.0,Dating
"Hily: Dating, Chat, Match, Meet & Hook up",DATING,4.1,2556,100000,Free,0.0,Mature 17+,2018-08-01,56.0,Dating
Hinge: Dating & Relationships,DATING,4.2,7779,500000,Free,0.0,Mature 17+,2018-08-03,12.0,Dating
The League,DATING,3.0,837,100000,Free,0.0,Mature 17+,2018-07-16,9.4,Dating
BBW Dating & Plus Size Chat,DATING,4.4,12632,1000000,Free,0.0,Mature 17+,2018-07-27,29.0,Dating
Casual Dating & Adult Singles - Joyride,DATING,4.5,61637,5000000,Free,0.0,Mature 17+,2018-07-31,11.0,Dating
EliteSingles – Dating for Single Professionals,DATING,2.5,5377,500000,Free,0.0,Mature 17+,2018-07-31,19.0,Dating
Clover Dating App,DATING,4.1,11633,500000,Free,0.0,Mature 17+,2018-07-24,23.0,Dating
"Moco - Chat, Meet People",DATING,4.2,313724,10000000,Free,0.0,Mature 17+,2018-08-04,,Dating
"Herpes Dating: 1,000K+ Singles",DATING,4.0,738,10000,Free,0.0,Mature 17+,2018-08-01,27.0,Dating
Hot or Not - Find someone right now,DATING,4.1,305708,10000000,Free,0.0,Mature 17+,2018-08-02,,Dating
Just She - Top Lesbian Dating,DATING,1.9,953,100000,Free,0.0,Mature 17+,2018-07-18,19.0,Dating
Heart mill,DATING,3.3,4631,100000,Free,0.0,Mature 17+,2018-08-04,45.0,Dating
Once - Quality Matches Every day,DATING,4.4,222888,1000000,Free,0.0,Mature 17+,2018-07-17,21.0,Dating
Sudy – Meet Elite & Rich Single,DATING,4.1,17268,500000,Free,0.0,Mature 17+,2018-06-25,40.0,Dating
"muzmatch: Muslim & Arab Singles, Marriage & Dating",DATING,3.8,5164,100000,Free,0.0,Mature 17+,2018-07-24,25.0,Dating
95Live -SG#1 Live Streaming App,DATING,4.1,4953,1000000,Free,0.0,Teen,2018-08-01,15.0,Dating
"Chispa, the Dating App for Latino, Latina Singles",DATING,4.2,4195,100000,Free,0.0,Mature 17+,2018-07-25,24.0,Dating
"Blendr - Chat, Flirt & Meet",DATING,4.0,28671,1000000,Free,0.0,Mature 17+,2018-08-01,,Dating
Find Real Love — YouLove Premium Dating,DATING,4.5,212626,10000000,Free,0.0,Mature 17+,2018-07-31,11.0,Dating
Mutual - LDS Dating,DATING,3.7,1439,50000,Free,0.0,Mature 17+,2018-07-30,38.0,Dating
Cougar Dating Life : Date Older Women Sugar Mummy,DATING,3.9,1645,500000,Free,0.0,Mature 17+,2018-07-03,31.0,Dating
stranger chat - anonymous chat,DATING,3.5,13204,1000000,Free,0.0,Mature 17+,2018-07-07,6.1,Dating
Millionaire Match: Rich Singles Dating App,DATING,3.9,853,100000,Free,0.0,Mature 17+,2018-07-30,27.0,Dating
2RedBeans,DATING,4.0,337,10000,Free,0.0,Mature 17+,2018-07-31,32.0,Dating
Dating for 50 plus Mature Singles – FINALLY,DATING,4.6,13049,500000,Free,0.0,Mature 17+,2018-07-31,13.0,Dating
"SweetRing - Meet, Match, Date",DATING,4.0,51698,1000000,Free,0.0,Mature 17+,2018-07-26,63.0,Dating
"BiggerCity: Chat for gay bears, chubs & chasers",DATING,4.1,923,100000,Free,0.0,Mature 17+,2018-08-02,44.0,Dating
"Moco+ - Chat, Meet People",DATING,4.2,1546,10000,Paid,3.99,Mature 17+,2018-06-19,,Dating
SilverSingles: The 50+ Dating App,DATING,3.3,149,10000,Free,0.0,Mature 17+,2018-07-31,16.0,Dating
Herpes Positive Singles Dating,DATING,4.4,198,10000,Free,0.0,Mature 17+,2018-05-18,28.0,Dating
"Chat Rooms, Avatars, Date - Galaxy",DATING,4.3,135420,10000000,Free,0.0,Mature 17+,2018-07-07,,Dating
"FastMeet: Chat, Dating, Love",DATING,4.2,22545,1000000,Free,0.0,Mature 17+,2018-07-27,5.9,Dating
Christian Dating For Free App,DATING,3.9,8723,500000,Free,0.0,Mature 17+,2018-06-20,13.0,Dating
Glam - Premium Dating App,DATING,4.3,23170,500000,Free,0.0,Mature 17+,2018-07-25,9.0,Dating
"iDates - Chats, Flirts, Dating, Love & Relations",DATING,3.4,13890,500000,Free,0.0,Mature 17+,2018-06-19,20.0,Dating
"Meet24 - Love, Chat, Singles",DATING,4.2,57083,1000000,Free,0.0,Mature 17+,2018-07-27,7.9,Dating
Black White Interracial Dating - Interracial Match,DATING,4.1,537,100000,Free,0.0,Mature 17+,2018-03-29,28.0,Dating
JustDating,DATING,4.0,13440,500000,Free,0.0,Mature 17+,2018-08-03,49.0,Dating
Interracial Match Dating App,DATING,3.6,143,10000,Free,0.0,Mature 17+,2018-07-23,27.0,Dating
Russian Dating & Chat for Russian speaking RusDate,DATING,4.2,1059,100000,Free,0.0,Mature 17+,2018-07-26,18.0,Dating
Sky People (SPI): A secure blind date through authentication by Seoul National University,DATING,3.5,894,100000,Free,0.0,Mature 17+,2018-07-17,14.0,Dating
Sweet mi - unlimited hunnam hunting blind date,DATING,4.0,6191,500000,Free,0.0,Mature 17+,2018-07-12,27.0,Dating
Gay Sugar Daddy Dating & Hookup – Sudy Gay,DATING,4.1,2212,100000,Free,0.0,Mature 17+,2018-06-20,41.0,Dating
Mingle - Online Dating App to Chat & Meet People,DATING,4.1,15081,1000000,Free,0.0,Mature 17+,2018-07-26,38.0,Dating
Adult Dirty Emojis,DATING,2.8,80,10000,Free,0.0,Teen,2017-11-06,5.5,Dating
BBW Dating & Curvy Singles Chat- LargeFriends,DATING,4.4,218,10000,Free,0.0,Mature 17+,2018-07-23,27.0,Dating
"Hide App, Private Dating, Safe Chat - PrivacyHider",DATING,4.4,35205,1000000,Free,0.0,Everyone,2018-05-21,7.2,Dating
Hitwe - meet people and chat,DATING,4.2,243950,10000000,Free,0.0,Mature 17+,2018-05-10,21.0,Dating
A hundred,DATING,4.1,236,10000,Free,0.0,Mature 17+,2018-03-29,8.8,Dating
JustSayHi- Dating App. Chat & Meet Singles Nearby,DATING,4.2,5152,100000,Free,0.0,Mature 17+,2018-07-26,38.0,Dating
FERZU - Furries Social Network,DATING,3.9,1576,10000,Free,0.0,Mature 17+,2018-02-16,,Dating
WannaMeet – Dating & Chat App,DATING,4.1,6701,1000000,Free,0.0,Mature 17+,2018-06-29,11.0,Dating
"Meet4U - Chat, Love, Singles!",DATING,4.2,40039,1000000,Free,0.0,Mature 17+,2018-07-27,6.5,Dating
Luxy Pro- Elite Dating Single,DATING,3.9,742,50000,Free,0.0,Mature 17+,2018-04-07,26.0,Dating
Dating Network,DATING,4.0,187,10000,Free,0.0,Mature 17+,2018-07-26,19.0,Dating
"Chatting - Free chat, random chat, boyfriend, girlfriend",DATING,4.2,2506,500000,Free,0.0,Mature 17+,2017-06-15,6.1,Dating
"iPair-Meet, Chat, Dating",DATING,4.5,182986,5000000,Free,0.0,Mature 17+,2018-08-02,77.0,Dating
"Meet, chat & date. Free dating app - Chocolate app",DATING,3.9,8661,1000000,Free,0.0,Mature 17+,2018-04-03,9.5,Dating
Transenger – Ts Dating and Chat for Free,DATING,3.6,8,1000,Free,0.0,Mature 17+,2018-07-29,14.0,Dating
O-Star,DATING,4.4,59,5000,Free,0.0,Everyone,2018-07-19,38.0,Dating
Free Cam Girls - Live Webcam,DATING,3.5,35,1000,Free,0.0,Mature 17+,2018-07-16,16.0,Dating
Cardi B Live Stream Video Chat - Prank,DATING,4.4,28,500,Free,0.0,Everyone,2018-07-16,3.4,Dating
Live Girls Talk - Free Video Chat,DATING,4.8,125,5000,Free,0.0,Mature 17+,2018-07-08,4.7,Dating
Live Talk - Free Text and Video Chat,DATING,4.6,185,10000,Free,0.0,Mature 17+,2018-07-16,5.0,Dating
Chat Kids - Chat Room For Kids,DATING,4.7,6,100,Free,0.0,Mature 17+,2018-07-24,4.9,Dating
Girls Live Chat - Free Text & Video Chat,DATING,4.8,110,10000,Free,0.0,Mature 17+,2018-07-09,4.9,Dating
MouseMingle,DATING,2.7,3,100,Free,0.0,Mature 17+,2018-07-17,3.9,Dating
American Girls Mobile Numbers,DATING,5.0,5,1000,Free,0.0,Mature 17+,2018-07-17,4.4,Dating
FREE VIDEO CHAT - LIVE VIDEO AND TEXT CHAT,DATING,4.8,84,1000,Free,0.0,Mature 17+,2018-07-06,4.5,Dating
Awake Dating,DATING,5.0,2,100,Free,0.0,Mature 17+,2018-07-24,70.0,Dating
Live Chat - Free Video Chat Rooms,DATING,4.8,20,500,Free,0.0,Mature 17+,2018-07-15,4.9,Dating
FREE LIVE TALK,DATING,4.9,776,5000,Free,0.0,Mature 17+,2018-07-14,4.9,Dating
Random Chat App with Strangers,DATING,3.0,2,100,Free,0.0,Mature 17+,2018-07-17,16.0,Dating
Live Chat - Free Video Talk,DATING,4.7,14,5000,Free,0.0,Mature 17+,2018-08-03,21.0,Dating
House party - live chat,DATING,1.0,1,10,Free,0.0,Mature 17+,2018-07-31,9.2,Dating
Spine- The dating app,DATING,5.0,5,500,Free,0.0,Teen,2018-07-14,9.3,Dating
Online Chat Girls Meet,DATING,4.7,18,500,Free,0.0,Mature 17+,2018-07-25,5.0,Dating
Girls Live Talk - Free Text and Video Chat,DATING,5.0,6,100,Free,0.0,Mature 17+,2018-08-01,5.0,Dating
Online Girls Chat Group,DATING,5.0,5,100,Free,0.0,Mature 17+,2018-08-02,5.0,Dating
UK Girls Mobile Numbers,DATING,3.0,1,500,Free,0.0,Mature 17+,2018-07-19,5.5,Dating
chat saudi arabia,DATING,4.1,11,1000,Free,0.0,Mature 17+,2018-07-14,11.0,Dating
Speeding Joyride & Car Meet App,DATING,5.0,3,100,Free,0.0,Mature 17+,2018-07-20,25.0,Dating
LOBSTR - go on a lunch date,DATING,3.7,101,10000,Free,0.0,Mature 17+,2018-07-24,15.0,Dating
Titanic App - Feminist Dating Application,DATING,4.5,120,500,Free,0.0,Mature 17+,2018-08-04,10.0,Dating
French Chat Room,DATING,4.2,24,1000,Free,0.0,Mature 17+,2018-07-11,4.9,Dating
Halalguur,DATING,4.3,6,100,Free,0.0,Mature 17+,2018-07-26,9.0,Dating
95Live -SG#1 Live Streaming App,DATING,4.1,4954,1000000,Free,0.0,Teen,2018-08-01,15.0,Dating
Just She - Top Lesbian Dating,DATING,1.9,954,100000,Free,0.0,Mature 17+,2018-07-18,19.0,Dating
"Hily: Dating, Chat, Match, Meet & Hook up",DATING,4.1,2560,100000,Free,0.0,Mature 17+,2018-08-01,56.0,Dating
O-Star,DATING,4.4,59,5000,Free,0.0,Everyone,2018-07-19,38.0,Dating
Black People Meet Singles Date,DATING,3.9,10212,1000000,Free,0.0,Mature 17+,2018-07-25,5.0,Dating
Howlr,DATING,3.9,105,5000,Free,0.0,Mature 17+,2018-06-19,27.0,Dating
Free Dating & Flirt Chat - Choice of Love,DATING,4.0,42197,5000000,Free,0.0,Mature 17+,2018-07-24,,Dating
Cardi B Live Stream Video Chat - Prank,DATING,4.4,28,500,Free,0.0,Everyone,2018-07-16,3.4,Dating
Chat Kids - Chat Room For Kids,DATING,4.7,6,100,Free,0.0,Mature 17+,2018-07-24,4.9,Dating
"muzmatch: Muslim & Arab Singles, Marriage & Dating",DATING,3.8,5168,100000,Free,0.0,Mature 17+,2018-07-24,25.0,Dating
BBW Dating & Plus Size Chat,DATING,4.4,12633,1000000,Free,0.0,Mature 17+,2018-07-27,29.0,Dating
"2Date Dating App, Love and matching",DATING,4.4,41605,500000,Free,0.0,Mature 17+,2018-07-26,8.1,Dating
Transenger – Ts Dating and Chat for Free,DATING,3.6,8,1000,Free,0.0,Mature 17+,2018-07-29,14.0,Dating
BBW Dating & Curvy Singles Chat- LargeFriends,DATING,4.4,218,10000,Free,0.0,Mature 17+,2018-07-23,27.0,Dating
MouseMingle,DATING,2.7,3,100,Free,0.0,Mature 17+,2018-07-17,3.9,Dating
FlirtChat - ♥Free Dating/Flirting App♥,DATING,4.3,2433,500000,Free,0.0,Mature 17+,2018-07-26,13.0,Dating
Live Talk - Free Text and Video Chat,DATING,4.6,185,10000,Free,0.0,Mature 17+,2018-07-16,5.0,Dating
Adult Dirty Emojis,DATING,2.8,80,10000,Free,0.0,Teen,2017-11-06,5.5,Dating
Free Cam Girls - Live Webcam,DATING,3.5,35,1000,Free,0.0,Mature 17+,2018-07-16,16.0,Dating
Teenage Chat & Dating,DATING,3.4,5,500,Free,0.0,Mature 17+,2018-07-09,14.0,Dating
Live Girls Talk - Free Video Chat,DATING,4.8,125,5000,Free,0.0,Mature 17+,2018-07-08,4.7,Dating
Girls Online Talk - Free Text and Video Chat,DATING,4.7,791,10000,Free,0.0,Mature 17+,2018-05-15,3.7,Dating
Girls Live Chat - Free Text & Video Chat,DATING,4.8,110,10000,Free,0.0,Mature 17+,2018-07-09,4.9,Dating
Online Girls Chat,DATING,4.8,5323,50000,Free,0.0,Mature 17+,2018-04-21,3.5,Dating
LIVE VIDEO TALK,DATING,4.7,478,10000,Free,0.0,Mature 17+,2018-06-28,4.5,Dating
Free Dating App - Meet Local Singles - Flirt Chat,DATING,4.1,825,100000,Free,0.0,Mature 17+,2017-12-28,,Dating
SkyLove – Dating and chat,DATING,3.5,69,5000,Free,0.0,Mature 17+,2018-08-04,36.0,Dating
Free Live Talk-Video Call,DATING,4.7,158,10000,Free,0.0,Mature 17+,2018-07-05,4.5,Dating
FindLoving,DATING,3.8,24,1000,Free,0.0,Mature 17+,2018-08-02,19.0,Dating
Sugar Daddies Dating App,DATING,2.9,53,10000,Free,0.0,Mature 17+,2018-07-10,14.0,Dating
"iPair-Meet, Chat, Dating",DATING,4.5,182986,5000000,Free,0.0,Mature 17+,2018-08-02,77.0,Dating
Free Dating Hook Up Messenger,DATING,3.3,1157,100000,Free,0.0,Mature 17+,2017-01-27,21.0,Dating
"Free Dating App - YoCutie - Flirt, Chat & Meet",DATING,4.1,97699,1000000,Free,0.0,Mature 17+,2018-07-10,7.9,Dating
Duolingo: Learn Languages Free,EDUCATION,4.7,6289924,100000000,Free,0.0,Everyone,2018-08-01,,Education
TED,EDUCATION,4.6,181893,10000000,Free,0.0,Everyone 10+,2018-07-27,18.0,Education
English Communication - Learn English for Chinese (Learn English for Chinese),EDUCATION,4.7,2544,100000,Free,0.0,Everyone,2017-12-29,18.0,Education
Khan Academy,EDUCATION,4.6,85375,5000000,Free,0.0,Everyone,2018-07-27,21.0,Education
Learn English with Wlingua,EDUCATION,4.7,314299,10000000,Free,0.0,Everyone,2018-05-02,3.3,Education
Princess Coloring Book,EDUCATION,4.5,9770,5000000,Free,0.0,Everyone,2018-02-25,39.0,Education
Learn Spanish - Español,EDUCATION,4.7,32346,1000000,Free,0.0,Everyone,2017-12-18,3.2,Education
English Grammar Test,EDUCATION,4.8,4075,500000,Free,0.0,Everyone,2018-06-22,5.1,Education
Speed Reading,EDUCATION,4.6,10611,500000,Free,0.0,Everyone,2018-05-27,11.0,Education
English for beginners,EDUCATION,4.6,9321,1000000,Free,0.0,Everyone,2018-07-18,27.0,Education
Flame - درب عقلك يوميا,EDUCATION,4.6,56065,1000000,Free,0.0,Everyone,2018-07-26,37.0,Education
Mermaids,EDUCATION,4.2,14286,5000000,Free,0.0,Everyone,2018-04-26,,Education
"Learn Japanese, Korean, Chinese Offline & Free",EDUCATION,4.9,133136,1000000,Free,0.0,Everyone,2018-07-20,26.0,Education
Kids Mode,EDUCATION,3.8,2469,500000,Free,0.0,Everyone,2018-03-23,11.0,Education
PBS KIDS Video,EDUCATION,4.2,36212,5000000,Free,0.0,Everyone,2018-07-12,,Education
Dinosaurs Coloring Pages,EDUCATION,4.4,390,500000,Free,0.0,Everyone,2018-02-03,41.0,Education
Cars Coloring Pages,EDUCATION,4.4,1090,1000000,Free,0.0,Everyone,2018-02-03,49.0,Education
Babbel – Learn Languages,EDUCATION,4.3,266948,10000000,Free,0.0,Everyone,2018-07-30,21.0,Education
Math Tricks,EDUCATION,4.5,342918,10000000,Free,0.0,Everyone,2018-07-29,8.1,Education
Monster Truck Driver & Racing,EDUCATION,4.4,748,1000000,Free,0.0,Everyone,2017-01-19,51.0,Education
Learn English Words Free,EDUCATION,4.6,172640,5000000,Free,0.0,Everyone,2018-05-02,14.0,Education
Japanese / English one-shop search dictionary - Free Japanese - English - Japanese dictionary application,EDUCATION,3.9,61,50000,Free,0.0,Mature 17+,2018-05-28,18.0,Education
English speaking texts,EDUCATION,4.4,1619,1000000,Free,0.0,Everyone,2018-07-20,3.0,Education
Thai Handwriting,EDUCATION,4.3,3168,1000000,Free,0.0,Everyone,2017-10-26,19.0,Education
THAI DICT 2018,EDUCATION,4.4,29855,1000000,Free,0.0,Mature 17+,2018-07-29,,Education
Kanji test · Han search Kanji training (free version),EDUCATION,4.2,6736,1000000,Free,0.0,Mature 17+,2017-10-17,22.0,Education
Game for KIDS: KIDS match'em,EDUCATION,4.4,7005,1000000,Free,0.0,Everyone,2016-10-23,6.9,Education
Flippy Campus - Buy & sell on campus at a discount,EDUCATION,4.0,889,500000,Free,0.0,Everyone,2018-03-09,7.4,Education
Free intellectual training game application |,EDUCATION,4.2,5741,1000000,Free,0.0,Everyone,2018-07-25,84.0,Education
ABC Preschool Free,EDUCATION,3.8,27572,5000000,Free,0.0,Everyone,2017-10-25,25.0,Education
PINKFONG Baby Shark,EDUCATION,4.5,10852,1000000,Free,0.0,Everyone,2017-11-28,18.0,Education
English words application mikan,EDUCATION,4.7,9888,500000,Free,0.0,Everyone,2018-07-30,,Education
Learn English for beginners,EDUCATION,4.5,1929,500000,Free,0.0,Everyone,2017-09-28,2.5,Education
Listen and learn English in seven days,EDUCATION,4.3,1516,100000,Free,0.0,Everyone,2018-07-28,3.9,Education
Lumosity: #1 Brain Games & Cognitive Training App,EDUCATION,4.2,215301,10000000,Free,0.0,Everyone,2018-08-01,,Education
Learn English from Persian: Persian to English,EDUCATION,4.3,423,100000,Free,0.0,Everyone,2018-04-03,21.0,Education
English with Lingualeo,EDUCATION,4.7,254519,5000000,Free,0.0,Everyone,2018-07-20,27.0,Education
"Learn languages, grammar & vocabulary with Memrise",EDUCATION,4.7,1107903,10000000,Free,0.0,Everyone,2018-08-02,,Education
Khan Academy,EDUCATION,4.6,85375,5000000,Free,0.0,Everyone,2018-07-27,21.0,Education
TED,EDUCATION,4.6,181893,10000000,Free,0.0,Everyone 10+,2018-07-27,18.0,Education
Quizlet: Learn Languages & Vocab with Flashcards,EDUCATION,4.6,211856,10000000,Free,0.0,Everyone,2018-08-01,,Education
Udemy - Online Courses,EDUCATION,4.5,99020,1000000,Free,0.0,Everyone,2018-08-02,18.0,Education
Coursera: Online courses,EDUCATION,4.4,90481,5000000,Free,0.0,Everyone,2018-07-27,,Education
"edX - Online Courses by Harvard, MIT & more",EDUCATION,4.6,32381,1000000,Free,0.0,Everyone 10+,2018-07-15,10.0,Education
Elevate - Brain Training Games,EDUCATION,4.5,248912,5000000,Free,0.0,Everyone,2018-07-30,,Education
NeuroNation - Focus and Brain Training,EDUCATION,4.5,248555,5000000,Free,0.0,Everyone,2018-05-23,,Education
Lumosity: #1 Brain Games & Cognitive Training App,EDUCATION,4.2,215301,10000000,Free,0.0,Everyone,2018-08-01,,Education
Peak – Brain Games & Training,EDUCATION,4.4,272145,10000000,Free,0.0,Everyone,2018-08-03,,Education
Memorado - Brain Games,EDUCATION,4.4,56897,1000000,Free,0.0,Everyone,2017-01-16,97.0,Education
Lynda - Online Training Videos,EDUCATION,4.2,8599,1000000,Free,0.0,Everyone,2018-07-11,17.0,Education
Brilliant,EDUCATION,4.5,41185,1000000,Free,0.0,Everyone,2018-08-03,,Education
CppDroid - C/C++ IDE,EDUCATION,4.1,29980,1000000,Free,0.0,Everyone,2017-08-17,,Education
Quiz&Learn Python,EDUCATION,4.0,304,10000,Free,0.0,Everyone,2016-07-04,2.0,Education
C++ Tutorials,EDUCATION,4.1,358,50000,Free,0.0,Everyone,2014-08-21,1.9,Education
C++ Programming,EDUCATION,4.3,11904,1000000,Free,0.0,Everyone,2015-08-22,1.8,Education
C Programming,EDUCATION,4.3,22251,1000000,Free,0.0,Everyone,2015-06-28,1.8,Education
Udacity - Lifelong Learning,EDUCATION,4.3,22384,1000000,Free,0.0,Everyone,2018-07-31,17.0,Education
Udemy - Online Courses,EDUCATION,4.5,99020,1000000,Free,0.0,Everyone,2018-08-02,18.0,Education
Learn C++,EDUCATION,4.6,73404,1000000,Free,0.0,Everyone,2017-12-25,5.3,Education
Learn programming,EDUCATION,4.1,12733,1000000,Free,0.0,Everyone,2018-05-20,,Education
Learn JavaScript,EDUCATION,4.6,25183,1000000,Free,0.0,Everyone,2017-12-25,5.4,Education
Learn Java,EDUCATION,4.7,52743,1000000,Free,0.0,Everyone,2017-12-25,5.4,Education
Learn HTML,EDUCATION,4.7,61749,1000000,Free,0.0,Everyone,2017-12-25,5.4,Education
"Programming Hub, Learn to code",EDUCATION,4.3,55704,1000000,Free,0.0,Everyone,2018-08-04,15.0,Education
Learn SQL,EDUCATION,4.7,19277,1000000,Free,0.0,Everyone,2017-12-25,5.3,Education
Ready4 SAT (Prep4 SAT),EDUCATION,4.6,13612,100000,Free,0.0,Everyone,2018-05-10,48.0,Education
Socratic - Math Answers & Homework Help,EDUCATION,4.6,37862,1000000,Free,0.0,Everyone,2018-06-07,5.4,Education
Ready4 GMAT (Prep4 GMAT),EDUCATION,4.6,18372,100000,Free,0.0,Everyone,2018-05-21,47.0,Education
Pocket GMAT Math,EDUCATION,4.3,656,10000,Free,0.0,Everyone,2014-07-11,0.54296875,Education
GMAT Question Bank,EDUCATION,4.2,240,10000,Free,0.0,Everyone,2015-04-29,29.0,Education
GRE Tutor,EDUCATION,4.0,275,50000,Free,0.0,Everyone,2013-12-02,2.3,Education
GRE Flashcards,EDUCATION,4.5,13791,500000,Free,0.0,Everyone,2018-06-06,,Education
"play2prep: ACT, SAT prep",EDUCATION,4.2,3692,100000,Free,0.0,Everyone,2015-07-23,4.4,Education
SAT Test,EDUCATION,4.1,2363,100000,Free,0.0,Everyone,2016-11-17,6.6,Education
GMAT Math Flashcards,EDUCATION,4.4,1769,100000,Free,0.0,Everyone,2018-07-11,,Education
Pocket SAT Math,EDUCATION,4.0,430,10000,Free,0.0,Everyone,2014-07-11,0.513671875,Education
TOEFL Prep & Practice from Magoosh,EDUCATION,4.5,756,100000,Free,0.0,Everyone,2018-06-18,12.0,Education
GRE Prep & Practice by Magoosh,EDUCATION,4.4,3963,100000,Free,0.0,Everyone,2018-06-06,,Education
GRE® Flashcards by Kaplan,EDUCATION,4.0,316,50000,Free,0.0,Everyone,2017-02-15,29.0,Education
SAT Vocabulary,EDUCATION,4.2,642,50000,Free,0.0,Everyone,2018-06-05,,Education
Magoosh GMAT Prep & Practice,EDUCATION,4.3,1058,100000,Free,0.0,Everyone,2018-06-18,,Education
SAT Flashcards: Prep & Vocabulary,EDUCATION,4.2,2277,100000,Free,0.0,Everyone,2017-11-07,,Education
Khan Academy,EDUCATION,4.6,85375,5000000,Free,0.0,Everyone,2018-07-27,21.0,Education
TED,EDUCATION,4.6,181893,10000000,Free,0.0,Everyone 10+,2018-07-27,18.0,Education
Duolingo: Learn Languages Free,EDUCATION,4.7,6290507,100000000,Free,0.0,Everyone,2018-08-01,,Education
Quizlet: Learn Languages & Vocab with Flashcards,EDUCATION,4.6,211856,10000000,Free,0.0,Everyone,2018-08-01,,Education
Coursera: Online courses,EDUCATION,4.4,90481,5000000,Free,0.0,Everyone,2018-07-27,,Education
Udemy - Online Courses,EDUCATION,4.5,99020,1000000,Free,0.0,Everyone,2018-08-02,18.0,Education
Udacity - Lifelong Learning,EDUCATION,4.3,22384,1000000,Free,0.0,Everyone,2018-07-31,17.0,Education
"edX - Online Courses by Harvard, MIT & more",EDUCATION,4.6,32380,1000000,Free,0.0,Everyone 10+,2018-07-15,10.0,Education
Rosetta Stone: Learn to Speak & Read New Languages,EDUCATION,4.5,172505,5000000,Free,0.0,Everyone,2018-06-27,76.0,Education
Google Classroom,EDUCATION,4.2,69493,10000000,Free,0.0,Everyone,2018-07-19,,Education
Lynda - Online Training Videos,EDUCATION,4.2,8599,1000000,Free,0.0,Everyone,2018-07-11,17.0,Education
"Learn languages, grammar & vocabulary with Memrise",EDUCATION,4.7,1107884,10000000,Free,0.0,Everyone,2018-08-02,,Education
Brilliant,EDUCATION,4.5,41185,1000000,Free,0.0,Everyone,2018-08-03,,Education
LinkedIn Learning: Online Courses to Learn Skills,EDUCATION,4.6,7973,1000000,Free,0.0,Everyone,2018-07-27,18.0,Education
Babbel – Learn Languages,EDUCATION,4.3,266935,10000000,Free,0.0,Everyone,2018-07-30,21.0,Education
Learn English with Phrases,EDUCATION,4.2,5695,1000000,Free,0.0,Everyone,2017-09-28,,Education
Free english course,EDUCATION,4.7,142632,5000000,Free,0.0,Everyone,2018-07-12,6.9,Education
Duolingo: Learn Languages Free,EDUCATION,4.7,6290507,100000000,Free,0.0,Everyone,2018-08-01,,Education
Learn 50 languages,EDUCATION,4.4,55256,5000000,Free,0.0,Everyone,2018-06-19,14.0,Education
Rosetta Stone: Learn to Speak & Read New Languages,EDUCATION,4.5,172508,5000000,Free,0.0,Everyone,2018-06-27,76.0,Education
Babbel – Learn Spanish,EDUCATION,4.4,54798,1000000,Free,0.0,Everyone,2018-07-30,11.0,Education
Mango Languages: Lovable Language Courses,EDUCATION,4.0,4815,500000,Free,0.0,Everyone,2018-07-17,19.0,Education
Learn English with Aco,EDUCATION,4.6,75112,1000000,Free,0.0,Everyone,2017-11-11,6.5,Education
Learn to Speak English,EDUCATION,4.4,33646,1000000,Free,0.0,Everyone,2018-07-15,7.0,Education
"Learn languages, grammar & vocabulary with Memrise",EDUCATION,4.7,1107903,10000000,Free,0.0,Everyone,2018-08-02,,Education
Learn English with Wlingua,EDUCATION,4.7,314300,10000000,Free,0.0,Everyone,2018-05-02,3.3,Education
"busuu: Learn Languages - Spanish, English & More",EDUCATION,4.3,206527,10000000,Free,0.0,Everyone 10+,2018-08-01,21.0,Education
My Class Schedule: Timetable,EDUCATION,4.1,9348,1000000,Free,0.0,Everyone,2016-06-01,,Education
Study Checker,EDUCATION,4.2,3816,500000,Free,0.0,Everyone,2016-05-04,2.6,Education
My Study Life - School Planner,EDUCATION,4.3,47847,1000000,Free,0.0,Everyone,2017-06-13,21.0,Education
HomeWork,EDUCATION,4.3,16195,1000000,Free,0.0,Everyone,2016-09-20,5.2,Education
Next Gen Science Standards,EDUCATION,4.3,206,50000,Free,0.0,Everyone,2016-12-20,18.0,Education
myHomework Student Planner,EDUCATION,4.0,28392,1000000,Free,0.0,Everyone,2018-03-07,,Education
Teacher's Gradebook - Additio,EDUCATION,4.2,3241,100000,Free,0.0,Everyone,2018-08-01,16.0,Education
Common Core,EDUCATION,4.0,835,100000,Free,0.0,Everyone,2016-12-20,15.0,Education
Homework Planner,EDUCATION,4.0,2525,100000,Free,0.0,Everyone,2015-01-11,1.2,Education
TeachersPayTeachers,EDUCATION,3.8,828,100000,Free,0.0,Everyone,2017-10-01,,Education
Quizlet: Learn Languages & Vocab with Flashcards,EDUCATION,4.6,211856,10000000,Free,0.0,Everyone,2018-08-01,,Education
Edmodo,EDUCATION,4.1,200058,10000000,Free,0.0,Everyone,2018-07-20,18.0,Education
Socrative Teacher,EDUCATION,3.9,1239,100000,Free,0.0,Everyone,2016-07-29,1.8,Education
Training schedule - AllUniver,EDUCATION,4.1,702,10000,Free,0.0,Everyone,2017-10-16,7.6,Education
Remind: School Communication,EDUCATION,4.5,108613,10000000,Free,0.0,Everyone,2018-08-03,,Education
Google Classroom,EDUCATION,4.2,69498,10000000,Free,0.0,Everyone,2018-07-19,,Education
ClassDojo,EDUCATION,4.4,148550,10000000,Free,0.0,Everyone,2018-08-03,59.0,Education
Duolingo: Learn Languages Free,EDUCATION,4.7,6290507,100000000,Free,0.0,Everyone,2018-08-01,,Education
Lerni. Learn languages.,EDUCATION,4.0,3847,500000,Free,0.0,Everyone,2017-10-25,6.9,Education
Learn 50 languages,EDUCATION,4.4,55256,5000000,Free,0.0,Everyone,2018-06-19,14.0,Education
"HelloTalk — Chat, Speak & Learn Foreign Languages",EDUCATION,4.4,84309,5000000,Free,0.0,Everyone,2018-07-25,41.0,Education
Mango Languages: Lovable Language Courses,EDUCATION,4.0,4815,500000,Free,0.0,Everyone,2018-07-17,19.0,Education
Rosetta Stone: Learn to Speak & Read New Languages,EDUCATION,4.5,172508,5000000,Free,0.0,Everyone,2018-06-27,76.0,Education
"Learn languages, grammar & vocabulary with Memrise",EDUCATION,4.7,1107948,10000000,Free,0.0,Everyone,2018-08-02,,Education
Babbel – Learn Languages,EDUCATION,4.3,266948,10000000,Free,0.0,Everyone,2018-07-30,21.0,Education
Innovative: Learn 34 Languages,EDUCATION,4.5,14206,500000,Free,0.0,Everyone,2018-07-26,21.0,Education
"busuu: Learn Languages - Spanish, English & More",EDUCATION,4.3,206532,10000000,Free,0.0,Everyone 10+,2018-08-01,21.0,Education
My Class Schedule: Timetable,EDUCATION,4.1,9348,1000000,Free,0.0,Everyone,2016-06-01,,Education
Chegg Study - Homework Help,EDUCATION,4.3,14700,1000000,Free,0.0,Everyone,2018-07-30,21.0,Education
Canvas Student,EDUCATION,4.5,42828,1000000,Free,0.0,Everyone,2018-07-20,,Education
Timetable,EDUCATION,4.2,40209,1000000,Free,0.0,Everyone,2018-05-24,,Education
Socratic - Math Answers & Homework Help,EDUCATION,4.6,37862,1000000,Free,0.0,Everyone,2018-06-07,5.4,Education
EasyBib: Citation Generator,EDUCATION,3.5,1405,100000,Free,0.0,Everyone,2018-03-29,7.3,Education
Google Classroom,EDUCATION,4.2,69498,10000000,Free,0.0,Everyone,2018-07-19,,Education
ClassDojo,EDUCATION,4.4,148549,10000000,Free,0.0,Everyone,2018-08-03,59.0,Education
"HelloTalk — Chat, Speak & Learn Foreign Languages",EDUCATION,4.4,84311,5000000,Free,0.0,Everyone,2018-07-25,41.0,Education
Quizlet: Learn Languages & Vocab with Flashcards,EDUCATION,4.6,211856,10000000,Free,0.0,Everyone,2018-08-01,,Education
"busuu: Learn Languages - Spanish, English & More",EDUCATION,4.3,206532,10000000,Free,0.0,Everyone 10+,2018-08-01,21.0,Education
Rosetta Stone: Learn to Speak & Read New Languages,EDUCATION,4.5,172508,5000000,Free,0.0,Everyone,2018-06-27,76.0,Education
SoloLearn: Learn to Code for Free,EDUCATION,4.8,256079,1000000,Free,0.0,Teen,2018-07-12,7.6,Education
Kids Learn Languages by Mondly,EDUCATION,4.4,2078,100000,Free,0.0,Everyone,2017-12-24,,Education
Blinkist - Nonfiction Books,EDUCATION,4.1,16103,1000000,Free,0.0,Everyone,2018-07-31,13.0,Education
Sago Mini Hat Maker,EDUCATION,4.9,11,1000,Paid,3.99,Everyone,2017-07-24,63.0,Education
Fuzzy Numbers: Pre-K Number Foundation,EDUCATION,4.7,21,1000,Paid,5.99,Everyone,2017-07-21,44.0,Education
Toca Life: City,EDUCATION,4.7,31085,500000,Paid,3.99,Everyone,2018-07-06,24.0,Education
Toca Life: Hospital,EDUCATION,4.7,3528,100000,Paid,3.99,Everyone,2018-06-12,24.0,Education
Netflix,ENTERTAINMENT,4.4,5456208,100000000,Free,0.0,Teen,2018-07-31,,Entertainment
Complete Spanish Movies,ENTERTAINMENT,4.0,11656,1000000,Free,0.0,Everyone,2018-01-20,4.5,Entertainment
Pluto TV - It’s Free TV,ENTERTAINMENT,4.2,28948,1000000,Free,0.0,Teen,2018-08-04,,Entertainment
Tubi TV - Free Movies & TV,ENTERTAINMENT,4.3,296771,10000000,Free,0.0,Teen,2018-07-15,11.0,Entertainment
YouTube Kids,ENTERTAINMENT,4.5,470089,50000000,Free,0.0,Everyone,2018-08-03,,Entertainment
Mobile TV,ENTERTAINMENT,3.5,10939,10000000,Free,0.0,Everyone,2016-04-28,4.6,Entertainment
TV+,ENTERTAINMENT,4.2,98509,5000000,Free,0.0,Everyone,2018-06-28,,Entertainment
Digital TV,ENTERTAINMENT,3.1,5241,5000000,Free,0.0,Everyone,2018-06-06,,Entertainment
Motorola Spotlight Player™,ENTERTAINMENT,4.6,22508,10000000,Free,0.0,Everyone,2015-07-16,3.3,Entertainment
Vigo Lite,ENTERTAINMENT,4.2,10291,5000000,Free,0.0,Teen,2018-08-04,6.5,Entertainment
Google Play Games,ENTERTAINMENT,4.3,7165362,1000000000,Free,0.0,Teen,2018-07-16,,Entertainment
Hotstar,ENTERTAINMENT,4.3,4885646,100000000,Free,0.0,Teen,2018-08-03,,Entertainment
"Peers.TV: broadcast TV channels First, Match TV, TNT ...",ENTERTAINMENT,4.1,141980,5000000,Free,0.0,Teen,2018-07-30,,Entertainment
The green alien dance,ENTERTAINMENT,3.8,6979,1000000,Free,0.0,Everyone,2018-07-05,12.0,Entertainment
Spectrum TV,ENTERTAINMENT,3.4,46618,5000000,Free,0.0,Teen,2018-07-19,,Entertainment
H TV,ENTERTAINMENT,4.3,103078,5000000,Free,0.0,Everyone,2018-07-05,5.6,Entertainment
StarTimes - Live International Champions Cup,ENTERTAINMENT,4.4,17682,1000000,Free,0.0,Everyone,2018-08-03,9.7,Entertainment
Cinematic Cinematic,ENTERTAINMENT,4.4,37000,1000000,Free,0.0,Mature 17+,2018-06-21,15.0,Entertainment
MEGOGO - Cinema and TV,ENTERTAINMENT,4.0,175528,10000000,Free,0.0,Everyone,2018-08-03,,Entertainment
Talking Angela,ENTERTAINMENT,3.7,1828284,100000000,Free,0.0,Everyone,2018-07-12,52.0,Entertainment
DStv Now,ENTERTAINMENT,3.9,34923,5000000,Free,0.0,Teen,2018-07-27,,Entertainment
ivi - movies and TV shows in HD,ENTERTAINMENT,4.5,684116,10000000,Free,0.0,Teen,2018-07-31,,Entertainment
Radio Javan,ENTERTAINMENT,4.4,46916,1000000,Free,0.0,Everyone,2018-07-18,4.5,Entertainment
Viki: Asian TV Dramas & Movies,ENTERTAINMENT,4.3,407698,10000000,Free,0.0,Teen,2018-07-27,,Entertainment
Talking Ginger 2,ENTERTAINMENT,4.2,702975,50000000,Free,0.0,Everyone,2018-07-05,49.0,Entertainment
Girly Lock Screen Wallpaper with Quotes,ENTERTAINMENT,4.2,32458,5000000,Free,0.0,Everyone,2018-06-19,18.0,Entertainment
No.Draw - Colors by Number 2018,ENTERTAINMENT,4.5,235496,10000000,Free,0.0,Everyone,2018-07-29,13.0,Entertainment
🔥 Football Wallpapers 4K | Full HD Backgrounds 😍,ENTERTAINMENT,4.7,11661,1000000,Free,0.0,Everyone,2018-07-14,4.0,Entertainment
"Movies by Flixster, with Rotten Tomatoes",ENTERTAINMENT,4.5,653008,10000000,Free,0.0,Everyone,2018-06-20,16.0,Entertainment
Low Poly – Puzzle art game,ENTERTAINMENT,4.5,23063,1000000,Free,0.0,Everyone,2018-08-03,17.0,Entertainment
BBC Media Player,ENTERTAINMENT,3.4,87384,10000000,Free,0.0,Everyone,2016-09-14,,Entertainment
Amazon Prime Video,ENTERTAINMENT,4.2,411683,50000000,Free,0.0,Teen,2018-08-02,24.0,Entertainment
Adult Glitter Color by Number Book - Sandbox Pages,ENTERTAINMENT,4.3,8918,1000000,Free,0.0,Everyone,2018-07-21,,Entertainment
IMDb Movies & TV,ENTERTAINMENT,4.2,501498,100000000,Free,0.0,Teen,2018-07-26,12.0,Entertainment
Twitch: Livestream Multiplayer Games & Esports,ENTERTAINMENT,4.6,2133296,50000000,Free,0.0,Teen,2018-07-31,,Entertainment
Ziggo GO,ENTERTAINMENT,4.1,29690,1000000,Free,0.0,Teen,2018-08-03,78.0,Entertainment
YouTube Gaming,ENTERTAINMENT,4.2,130549,5000000,Free,0.0,Teen,2018-06-27,,Entertainment
PlayStation App,ENTERTAINMENT,4.2,613059,50000000,Free,0.0,Everyone,2018-07-26,25.0,Entertainment
Talking Ben the Dog,ENTERTAINMENT,4.3,1633682,100000000,Free,0.0,Everyone,2018-07-03,57.0,Entertainment
"Red Bull TV: Live Sports, Music & Entertainment",ENTERTAINMENT,4.4,42050,1000000,Free,0.0,Teen,2018-08-03,,Entertainment
Trailer Addict Movie Trailers,ENTERTAINMENT,3.9,2646,100000,Free,0.0,Teen,2018-02-14,9.1,Entertainment
Cinemark Theatres,ENTERTAINMENT,4.1,21867,1000000,Free,0.0,Teen,2018-07-12,39.0,Entertainment
Regal Cinemas,ENTERTAINMENT,4.3,32732,1000000,Free,0.0,Everyone,2018-07-19,,Entertainment
"Movies by Flixster, with Rotten Tomatoes",ENTERTAINMENT,4.5,653008,10000000,Free,0.0,Everyone,2018-06-20,16.0,Entertainment
Fandango Movies - Times + Tickets,ENTERTAINMENT,4.6,243747,10000000,Free,0.0,Teen,2018-08-02,,Entertainment
Marcus Theatres,ENTERTAINMENT,3.6,2639,100000,Free,0.0,Everyone,2018-02-07,8.5,Entertainment
Harkins Theatres,ENTERTAINMENT,4.3,1511,100000,Free,0.0,Everyone,2018-06-11,12.0,Entertainment
AMC Theatres,ENTERTAINMENT,4.3,44550,1000000,Free,0.0,Everyone,2018-07-18,72.0,Entertainment
IMDb Movies & TV,ENTERTAINMENT,4.2,501497,100000000,Free,0.0,Teen,2018-07-26,12.0,Entertainment
Netflix,ENTERTAINMENT,4.4,5456208,100000000,Free,0.0,Teen,2018-07-31,,Entertainment
Food Network,ENTERTAINMENT,4.1,7813,500000,Free,0.0,Teen,2018-07-27,,Entertainment
Cooking Channel,ENTERTAINMENT,4.1,1033,100000,Free,0.0,Teen,2018-07-27,16.0,Entertainment
Animal Planet GO,ENTERTAINMENT,4.2,2442,100000,Free,0.0,Teen,2018-07-24,9.6,Entertainment
"VRV: Anime, game videos & more",ENTERTAINMENT,3.9,15254,1000000,Free,0.0,Teen,2018-06-19,,Entertainment
DramaFever: Stream Asian Drama Shows & Movies,ENTERTAINMENT,4.2,155234,1000000,Free,0.0,Teen,2018-08-01,22.0,Entertainment
Crunchyroll - Everything Anime,ENTERTAINMENT,3.7,310066,10000000,Free,0.0,Teen,2018-03-05,,Entertainment
Investigation Discovery GO,ENTERTAINMENT,4.5,12216,1000000,Free,0.0,Teen,2018-07-24,13.0,Entertainment
Crackle - Free TV & Movies,ENTERTAINMENT,3.7,388089,10000000,Free,0.0,Teen,2018-04-12,,Entertainment
CBS - Full Episodes & Live TV,ENTERTAINMENT,3.8,92058,10000000,Free,0.0,Teen,2018-07-20,12.0,Entertainment
STARZ,ENTERTAINMENT,4.3,88185,10000000,Free,0.0,Mature 17+,2018-06-20,,Entertainment
Acorn TV: World-class TV from Britain and Beyond,ENTERTAINMENT,3.0,493,50000,Free,0.0,Everyone,2018-06-15,23.0,Entertainment
HISTORY: Watch TV Show Full Episodes & Specials,ENTERTAINMENT,4.1,33387,1000000,Free,0.0,Teen,2018-07-16,20.0,Entertainment
Nick,ENTERTAINMENT,4.2,123279,10000000,Free,0.0,Everyone 10+,2018-01-24,25.0,Entertainment
VH1,ENTERTAINMENT,4.1,27424,1000000,Free,0.0,Teen,2018-07-08,17.0,Entertainment
FOX NOW - On Demand & Live TV,ENTERTAINMENT,3.9,60841,5000000,Free,0.0,Teen,2018-07-26,,Entertainment
A&E - Watch Full Episodes of TV Shows,ENTERTAINMENT,4.0,29706,1000000,Free,0.0,Teen,2018-07-16,19.0,Entertainment
The CW,ENTERTAINMENT,4.4,288150,5000000,Free,0.0,Teen,2018-07-23,21.0,Entertainment
BET NOW - Watch Shows,ENTERTAINMENT,4.2,14807,1000000,Free,0.0,Teen,2018-07-08,19.0,Entertainment
"Hulu: Stream TV, Movies & more",ENTERTAINMENT,4.0,319692,10000000,Free,0.0,Teen,2018-08-03,,Entertainment
HBO NOW: Stream TV & Movies,ENTERTAINMENT,3.9,61201,10000000,Free,0.0,Teen,2018-07-19,,Entertainment
Univision NOW - Live TV and On Demand,ENTERTAINMENT,4.0,22998,1000000,Free,0.0,Teen,2018-06-27,,Entertainment
SHOWTIME,ENTERTAINMENT,4.2,12398,1000000,Free,0.0,Teen,2018-07-02,,Entertainment
Lifetime - Watch Full Episodes & Original Movies,ENTERTAINMENT,4.0,35928,1000000,Free,0.0,Teen,2018-07-16,19.0,Entertainment
SeriesGuide – Show & Movie Manager,ENTERTAINMENT,4.3,64448,1000000,Free,0.0,Mature 17+,2018-07-21,4.4,Entertainment
Comedy Central,ENTERTAINMENT,3.9,22378,1000000,Free,0.0,Teen,2018-07-08,19.0,Entertainment
IMDb Movies & TV,ENTERTAINMENT,4.2,501498,100000000,Free,0.0,Teen,2018-07-26,12.0,Entertainment
Netflix,ENTERTAINMENT,4.4,5456599,100000000,Free,0.0,Teen,2018-07-31,,Entertainment
Tubi TV - Free Movies & TV,ENTERTAINMENT,4.3,296829,10000000,Free,0.0,Teen,2018-07-15,11.0,Entertainment
Crunchyroll - Everything Anime,ENTERTAINMENT,3.7,310095,10000000,Free,0.0,Teen,2018-03-05,,Entertainment
STARZ,ENTERTAINMENT,4.3,88185,10000000,Free,0.0,Mature 17+,2018-06-20,,Entertainment
Crackle - Free TV & Movies,ENTERTAINMENT,3.7,388089,10000000,Free,0.0,Teen,2018-04-12,,Entertainment
CBS - Full Episodes & Live TV,ENTERTAINMENT,3.8,92058,10000000,Free,0.0,Teen,2018-07-20,12.0,Entertainment
Nick,ENTERTAINMENT,4.2,123279,10000000,Free,0.0,Everyone 10+,2018-01-24,25.0,Entertainment
"Hulu: Stream TV, Movies & more",ENTERTAINMENT,4.0,319691,10000000,Free,0.0,Teen,2018-08-03,,Entertainment
FOX NOW - On Demand & Live TV,ENTERTAINMENT,3.9,60841,5000000,Free,0.0,Teen,2018-07-26,,Entertainment
The CW,ENTERTAINMENT,4.4,288150,5000000,Free,0.0,Teen,2018-07-23,21.0,Entertainment
CW Seed,ENTERTAINMENT,4.5,16372,500000,Free,0.0,Teen,2018-07-18,13.0,Entertainment
The NBC App - Watch Live TV and Full Episodes,ENTERTAINMENT,4.1,58028,5000000,Free,0.0,Teen,2018-07-05,17.0,Entertainment
HISTORY: Watch TV Show Full Episodes & Specials,ENTERTAINMENT,4.1,33387,1000000,Free,0.0,Teen,2018-07-16,20.0,Entertainment
HBO NOW: Stream TV & Movies,ENTERTAINMENT,3.9,61201,10000000,Free,0.0,Teen,2018-07-19,,Entertainment
WWE,ENTERTAINMENT,4.5,736864,10000000,Free,0.0,Teen,2018-01-19,20.0,Entertainment
A&E - Watch Full Episodes of TV Shows,ENTERTAINMENT,4.0,29706,1000000,Free,0.0,Teen,2018-07-16,19.0,Entertainment
VH1,ENTERTAINMENT,4.1,27424,1000000,Free,0.0,Teen,2018-07-08,17.0,Entertainment
Universal Kids,ENTERTAINMENT,3.6,1968,500000,Free,0.0,Everyone,2018-05-24,21.0,Entertainment
MTV,ENTERTAINMENT,3.8,35279,1000000,Free,0.0,Teen,2018-07-08,15.0,Entertainment
Lifetime - Watch Full Episodes & Original Movies,ENTERTAINMENT,4.0,35931,1000000,Free,0.0,Teen,2018-07-16,19.0,Entertainment
BET NOW - Watch Shows,ENTERTAINMENT,4.2,14807,1000000,Free,0.0,Teen,2018-07-08,19.0,Entertainment
LEGO® TV,ENTERTAINMENT,3.7,17247,1000000,Free,0.0,Everyone 10+,2018-08-04,7.2,Entertainment
HBO GO: Stream with TV Package,ENTERTAINMENT,3.8,87723,10000000,Free,0.0,Teen,2018-07-19,32.0,Entertainment
Showtime Anytime,ENTERTAINMENT,3.7,18523,1000000,Free,0.0,Teen,2018-07-02,,Entertainment
PlayKids - Educational cartoons and games for kids,ENTERTAINMENT,4.1,182103,10000000,Free,0.0,Everyone,2018-07-30,,Entertainment
FOX,ENTERTAINMENT,3.7,197774,10000000,Free,0.0,Mature 17+,2018-06-25,44.0,Entertainment
Telemundo Now,ENTERTAINMENT,3.9,8674,1000000,Free,0.0,Teen,2018-05-25,19.0,Entertainment
Netflix,ENTERTAINMENT,4.4,5456708,100000000,Free,0.0,Teen,2018-07-31,,Entertainment
Tubi TV - Free Movies & TV,ENTERTAINMENT,4.3,296771,10000000,Free,0.0,Teen,2018-07-15,11.0,Entertainment
Vudu Movies & TV,ENTERTAINMENT,3.9,58082,10000000,Free,0.0,Teen,2018-08-01,,Entertainment
Crackle - Free TV & Movies,ENTERTAINMENT,3.7,388089,10000000,Free,0.0,Teen,2018-04-12,,Entertainment
Crunchyroll - Everything Anime,ENTERTAINMENT,3.7,310066,10000000,Free,0.0,Teen,2018-03-05,,Entertainment
Nick,ENTERTAINMENT,4.2,123279,10000000,Free,0.0,Everyone 10+,2018-01-24,25.0,Entertainment
STARZ,ENTERTAINMENT,4.3,88185,10000000,Free,0.0,Mature 17+,2018-06-20,,Entertainment
"Hulu: Stream TV, Movies & more",ENTERTAINMENT,4.0,319691,10000000,Free,0.0,Teen,2018-08-03,,Entertainment
Food Network,ENTERTAINMENT,4.1,7813,500000,Free,0.0,Teen,2018-07-27,,Entertainment
FOX NOW - On Demand & Live TV,ENTERTAINMENT,3.9,60841,5000000,Free,0.0,Teen,2018-07-26,,Entertainment
"Movies by Flixster, with Rotten Tomatoes",ENTERTAINMENT,4.5,653008,10000000,Free,0.0,Everyone,2018-06-20,16.0,Entertainment
Yidio: TV Show & Movie Guide,ENTERTAINMENT,3.9,27424,1000000,Free,0.0,Teen,2018-07-31,,Entertainment
HISTORY: Watch TV Show Full Episodes & Specials,ENTERTAINMENT,4.1,33387,1000000,Free,0.0,Teen,2018-07-16,20.0,Entertainment
Viki: Asian TV Dramas & Movies,ENTERTAINMENT,4.3,407719,10000000,Free,0.0,Teen,2018-07-27,,Entertainment
The CW,ENTERTAINMENT,4.4,288150,5000000,Free,0.0,Teen,2018-07-23,21.0,Entertainment
Redbox,ENTERTAINMENT,4.1,115033,10000000,Free,0.0,Everyone,2018-07-02,30.0,Entertainment
Univision NOW - Live TV and On Demand,ENTERTAINMENT,4.0,22997,1000000,Free,0.0,Teen,2018-06-27,,Entertainment
HBO NOW: Stream TV & Movies,ENTERTAINMENT,3.9,61201,10000000,Free,0.0,Teen,2018-07-19,,Entertainment
Tribeca Shortlist - Handpicked Movies,ENTERTAINMENT,3.9,801,100000,Free,0.0,Teen,2018-03-21,57.0,Entertainment
A&E - Watch Full Episodes of TV Shows,ENTERTAINMENT,4.0,29706,1000000,Free,0.0,Teen,2018-07-16,19.0,Entertainment
VH1,ENTERTAINMENT,4.1,27424,1000000,Free,0.0,Teen,2018-07-08,17.0,Entertainment
SHOWTIME,ENTERTAINMENT,4.2,12398,1000000,Free,0.0,Teen,2018-07-02,,Entertainment
MTV,ENTERTAINMENT,3.8,35279,1000000,Free,0.0,Teen,2018-07-08,15.0,Entertainment
Lifetime - Watch Full Episodes & Original Movies,ENTERTAINMENT,4.0,35931,1000000,Free,0.0,Teen,2018-07-16,19.0,Entertainment
Comedy Central,ENTERTAINMENT,3.9,22378,1000000,Free,0.0,Teen,2018-07-08,19.0,Entertainment
BET NOW - Watch Shows,ENTERTAINMENT,4.2,14807,1000000,Free,0.0,Teen,2018-07-08,19.0,Entertainment
FOX,ENTERTAINMENT,3.7,197774,10000000,Free,0.0,Mature 17+,2018-06-25,44.0,Entertainment
Telemundo Now,ENTERTAINMENT,3.9,8674,1000000,Free,0.0,Teen,2018-05-25,19.0,Entertainment
Nick Jr. - Shows & Games,ENTERTAINMENT,4.2,8968,1000000,Free,0.0,Everyone,2018-01-23,35.0,Entertainment
Sticker Market: Emoji keyboard,ENTERTAINMENT,4.3,303,10000,Free,0.0,Teen,2017-12-14,44.0,Entertainment
Viki: Asian TV Dramas & Movies,ENTERTAINMENT,4.3,407719,10000000,Free,0.0,Teen,2018-07-27,,Entertainment
Kidjo TV Kids Have Fun & Learn,ENTERTAINMENT,4.6,732,100000,Free,0.0,Everyone,2018-08-01,,Entertainment
Laugh Out Loud by Kevin Hart,ENTERTAINMENT,4.3,1856,100000,Free,0.0,Teen,2018-08-01,20.0,Entertainment
ColorFul - Adult Coloring Book,ENTERTAINMENT,4.6,50725,5000000,Free,0.0,Everyone,2018-05-25,19.0,Entertainment
Nick,ENTERTAINMENT,4.2,123279,10000000,Free,0.0,Everyone 10+,2018-01-24,25.0,Entertainment
Fandango Movies - Times + Tickets,ENTERTAINMENT,4.6,243747,10000000,Free,0.0,Teen,2018-08-02,,Entertainment
Hamilton — The Official App,ENTERTAINMENT,4.5,1575,100000,Free,0.0,Everyone,2018-07-13,43.0,Entertainment
My Talking Pet,ENTERTAINMENT,4.6,6238,100000,Paid,4.99,Everyone,2018-06-30,,Entertainment
Funny Pics,ENTERTAINMENT,3.9,9941,1000000,Free,0.0,Teen,2017-07-07,,Entertainment
Funny Quotes Free,ENTERTAINMENT,4.2,23666,1000000,Free,0.0,Teen,2018-05-04,3.6,Entertainment
LOL Pics (Funny Pictures),ENTERTAINMENT,4.4,67554,1000000,Free,0.0,Teen,2015-09-15,7.7,Entertainment
Meme Creator,ENTERTAINMENT,4.2,38769,1000000,Free,0.0,Mature 17+,2015-09-22,44.0,Entertainment
"Imgur: Find funny GIFs, memes & watch viral videos",ENTERTAINMENT,4.3,160164,10000000,Free,0.0,Teen,2018-08-01,12.0,Entertainment
Meme Generator,ENTERTAINMENT,4.6,3771,100000,Paid,2.99,Mature 17+,2018-08-03,53.0,Entertainment
SketchBook - draw and paint,ENTERTAINMENT,4.3,256664,10000000,Free,0.0,Everyone,2018-05-04,77.0,Entertainment
Colorfy: Coloring Book for Adults - Free,ENTERTAINMENT,4.5,787177,10000000,Free,0.0,Everyone,2018-06-20,,Entertainment
All Events in City,EVENTS,4.0,3782,100000,Free,0.0,Everyone,2018-06-12,9.5,Events
Ticketmaster Event Tickets,EVENTS,4.0,40113,5000000,Free,0.0,Everyone,2018-07-23,36.0,Events
Reminder,EVENTS,4.5,7074,500000,Free,0.0,Everyone,2018-06-25,6.3,Events
Birdays - Birthday reminder,EVENTS,4.5,2153,50000,Free,0.0,Everyone,2017-12-14,5.9,Events
"StubHub - Tickets to Sports, Concerts & Events",EVENTS,4.0,26089,5000000,Free,0.0,Everyone,2018-08-02,,Events
Fever,EVENTS,4.0,20611,1000000,Free,0.0,Teen,2018-07-18,12.0,Events
DroidAdmin for Android - Advice,EVENTS,4.2,811,10000,Free,0.0,Everyone,2018-05-29,2.8,Events
"SeatGeek – Tickets to Sports, Concerts, Broadway",EVENTS,4.4,15558,1000000,Free,0.0,Everyone,2018-08-03,26.0,Events
my4D,EVENTS,4.6,573,100000,Free,0.0,Everyone,2018-07-12,8.7,Events
Vivid Seats – Event Tickets,EVENTS,4.6,8232,1000000,Free,0.0,Everyone,2018-07-31,53.0,Events
Name days,EVENTS,4.1,3089,100000,Free,0.0,Everyone,2018-07-12,,Events
LBB - Find New & Unique Things To Do Around You,EVENTS,4.6,3874,100000,Free,0.0,Everyone,2018-07-27,14.0,Events
Happy Birthday Songs Offline,EVENTS,4.4,464,100000,Free,0.0,Everyone,2017-12-04,8.9,Events
Series Valley of the Wolves full of part,EVENTS,4.6,731,50000,Free,0.0,Everyone,2017-12-24,11.0,Events
Mummatikabalkuragi,EVENTS,4.9,69,1000,Free,0.0,Teen,2018-07-22,0.326171875,Events
"Gametime - Tickets to Sports, Concerts, Theater",EVENTS,4.5,8800,1000000,Free,0.0,Everyone,2018-07-17,24.0,Events
"PTI Flex Maker, Photo Frame Editor & Songs 2018",EVENTS,4.6,99,10000,Free,0.0,Everyone,2018-07-06,13.0,Events
Wipe out,EVENTS,4.7,30,500,Free,0.0,Teen,2018-05-23,,Events
Birthdays & Other Events,EVENTS,4.3,456,50000,Free,0.0,Everyone,2018-06-21,2.8,Events
Events High - Meet Your City!,EVENTS,4.2,3200,100000,Free,0.0,Everyone 10+,2018-06-23,,Events
vide-greniers.org,EVENTS,4.3,5839,100000,Free,0.0,Everyone,2016-11-08,3.5,Events
SUMMER SONIC app,EVENTS,5.0,4,500,Free,0.0,Everyone,2018-07-24,61.0,Events
Quake & Volcanoes: 3D Globe of Volcanic Eruptions,EVENTS,4.4,663,100000,Free,0.0,Everyone,2017-10-14,6.0,Events
Prosperity,EVENTS,5.0,16,100,Free,0.0,Everyone,2018-07-09,2.3,Events
Picktrainer: India's largest photo contest app,EVENTS,4.5,1065,100000,Free,0.0,Everyone,2018-05-31,9.0,Events
Goldstar: Live Event Tickets,EVENTS,4.5,1953,100000,Free,0.0,Teen,2018-08-01,,Events
Emmabodafestivalen,EVENTS,4.8,12,1000,Free,0.0,Everyone 10+,2018-06-28,29.0,Events
KudaGo - things to do in NY,EVENTS,4.4,4298,100000,Free,0.0,Everyone,2017-04-27,4.4,Events
Mindvalley U Tallinn 2018,EVENTS,5.0,1,100,Free,0.0,Everyone,2018-07-03,21.0,Events
Freitas Auctioneer Official,EVENTS,3.7,100,50000,Free,0.0,Everyone,2017-12-15,27.0,Events
"Xceed - Clubs, DJs, Festivals & Tickets",EVENTS,4.1,399,100000,Free,0.0,Everyone,2018-08-03,24.0,Events
Arab Halls - For Wedding & Events,EVENTS,4.8,28,1000,Free,0.0,Everyone,2018-05-20,6.3,Events
Endurance Lifestyle,EVENTS,4.6,7,500,Free,0.0,Teen,2017-07-10,3.8,Events
K PLUS,FINANCE,4.4,124424,10000000,Free,0.0,Everyone,2018-06-26,,Finance
ING Banking,FINANCE,4.4,39041,1000000,Free,0.0,Everyone,2018-08-03,,Finance
Citibanamex Movil,FINANCE,3.6,52306,5000000,Free,0.0,Everyone,2018-07-27,42.0,Finance
The postal bank,FINANCE,3.7,36718,5000000,Free,0.0,Everyone,2018-07-16,,Finance
KTB Netbank,FINANCE,3.8,42644,5000000,Free,0.0,Everyone,2018-06-28,19.0,Finance
Mobile Bancomer,FINANCE,4.2,278082,10000000,Free,0.0,Everyone,2018-07-30,70.0,Finance
Nedbank Money,FINANCE,4.2,6076,500000,Free,0.0,Everyone,2018-07-28,32.0,Finance
SCB EASY,FINANCE,4.2,112656,5000000,Free,0.0,Everyone,2018-07-19,93.0,Finance
CASHIER,FINANCE,3.3,335738,10000000,Free,0.0,Everyone,2018-05-03,,Finance
Rabo Banking,FINANCE,3.4,31906,1000000,Free,0.0,Everyone,2018-07-19,,Finance
Capitec Remote Banking,FINANCE,4.3,20672,1000000,Free,0.0,Everyone,2018-05-08,,Finance
Itau bank,FINANCE,4.2,957973,10000000,Free,0.0,Everyone,2018-07-30,40.0,Finance
Nubank,FINANCE,4.7,130582,5000000,Free,0.0,Everyone,2018-08-02,24.0,Finance
The Societe Generale App,FINANCE,4.1,31218,1000000,Free,0.0,Everyone,2018-07-31,,Finance
IKO,FINANCE,4.7,167168,1000000,Free,0.0,Everyone,2018-07-04,20.0,Finance
Cash App,FINANCE,4.0,34428,10000000,Free,0.0,Everyone,2018-08-02,15.0,Finance
Standard Bank / Stanbic Bank,FINANCE,3.6,15247,1000000,Free,0.0,Everyone,2018-07-13,28.0,Finance
Bualuang mBanking,FINANCE,4.0,48445,5000000,Free,0.0,Everyone,2018-07-16,10.0,Finance
Intesa Sanpaolo Mobile,FINANCE,3.6,35518,1000000,Free,0.0,Everyone,2018-07-02,,Finance
UBA Mobile Banking,FINANCE,4.3,12185,1000000,Free,0.0,Everyone,2018-06-08,,Finance
BBVA Spain,FINANCE,4.2,36746,5000000,Free,0.0,Everyone,2018-07-24,,Finance
MyMo by GSB,FINANCE,4.2,21996,1000000,Free,0.0,Everyone,2018-07-19,14.0,Finance
VTB-Online,FINANCE,4.1,138371,5000000,Free,0.0,Everyone,2018-08-02,,Finance
Ecobank Mobile Banking,FINANCE,4.0,12073,1000000,Free,0.0,Everyone,2018-05-25,42.0,Finance
Banorte Movil,FINANCE,4.1,111632,1000000,Free,0.0,Everyone,2018-06-09,65.0,Finance
Wells Fargo Mobile,FINANCE,4.4,250706,10000000,Free,0.0,Everyone,2018-07-31,37.0,Finance
Credit Karma,FINANCE,4.7,706301,10000000,Free,0.0,Everyone,2018-07-31,,Finance
BZWBK24 mobile,FINANCE,4.5,64959,1000000,Free,0.0,Everyone,2018-06-18,39.0,Finance
PayPal,FINANCE,4.3,659741,50000000,Free,0.0,Everyone,2018-07-18,47.0,Finance
Capital One® Mobile,FINANCE,4.6,510392,10000000,Free,0.0,Everyone,2018-08-01,79.0,Finance
Zenith Bank Mobile App,FINANCE,4.3,7215,1000000,Free,0.0,Everyone,2018-07-23,18.0,Finance
"GCash - Buy Load, Pay Bills, Send Money",FINANCE,4.0,25508,1000000,Free,0.0,Everyone,2018-07-31,,Finance
Post Bank,FINANCE,4.5,60449,1000000,Free,0.0,Everyone,2018-07-23,100.0,Finance
İşCep,FINANCE,4.5,381788,10000000,Free,0.0,Everyone,2018-08-02,32.0,Finance
People's Bank,FINANCE,3.6,10697,1000000,Free,0.0,Everyone,2018-07-18,46.0,Finance
Google Pay,FINANCE,4.2,347838,100000000,Free,0.0,Everyone,2018-07-26,,Finance
Transfer,FINANCE,4.1,31804,5000000,Free,0.0,Everyone,2018-07-27,9.8,Finance
T-Mobile in,FINANCE,3.5,3856,1000000,Free,0.0,Everyone,2018-07-31,8.2,Finance
TrueMoney Wallet,FINANCE,4.4,199684,5000000,Free,0.0,Everyone,2018-07-19,18.0,Finance
Alfa-Bank (Alfa-Bank),FINANCE,4.0,44545,1000000,Free,0.0,Everyone,2018-07-31,,Finance
Bank of Brazil,FINANCE,4.5,1336246,10000000,Free,0.0,Everyone,2018-08-03,39.0,Finance
WiseBanyan - Invest For Free,FINANCE,4.2,257,10000,Free,0.0,Everyone,2018-07-31,44.0,Finance
"Robinhood - Investing, No Fees",FINANCE,4.6,57493,1000000,Free,0.0,Everyone,2018-07-31,,Finance
Wells Fargo Daily Change,FINANCE,4.2,283,100000,Free,0.0,Everyone,2018-04-26,5.0,Finance
"Even - organize your money, get paid early",FINANCE,4.8,12304,100000,Free,0.0,Everyone,2018-08-02,21.0,Finance
Digit Save Money Automatically,FINANCE,4.5,8188,100000,Free,0.0,Everyone,2018-07-31,22.0,Finance
Stash: Invest. Learn. Save.,FINANCE,4.2,11919,1000000,Free,0.0,Everyone,2018-07-27,23.0,Finance
Acorns - Invest Spare Change,FINANCE,4.3,45957,1000000,Free,0.0,Everyone,2018-07-31,,Finance
Google Pay,FINANCE,4.2,347838,100000000,Free,0.0,Everyone,2018-07-26,,Finance
"Money Lover: Expense Tracker, Budget Planner",FINANCE,4.4,126431,1000000,Free,0.0,Everyone,2018-08-01,,Finance
Expense IQ Money Manager,FINANCE,4.4,21570,1000000,Free,0.0,Everyone,2018-06-19,27.0,Finance
Money Manager Expense & Budget,FINANCE,4.6,134564,5000000,Free,0.0,Everyone,2018-07-25,,Finance
Wells Fargo Daily Change,FINANCE,4.2,283,100000,Free,0.0,Everyone,2018-04-26,5.0,Finance
"Prism Pay Bills, Track Money, Personal Finance",FINANCE,4.6,16961,500000,Free,0.0,Everyone,2018-08-04,32.0,Finance
Monefy - Money Manager,FINANCE,4.6,111254,1000000,Free,0.0,Everyone,2018-07-03,7.4,Finance
Simple - Better Banking,FINANCE,4.4,7731,100000,Free,0.0,Everyone,2018-08-02,24.0,Finance
Chime - Mobile Banking,FINANCE,4.3,5928,500000,Free,0.0,Everyone,2018-07-22,22.0,Finance
Bluebird by American Express,FINANCE,4.2,15703,1000000,Free,0.0,Everyone,2018-07-25,,Finance
Walmart MoneyCard,FINANCE,4.2,6148,1000000,Free,0.0,Everyone,2018-06-01,10.0,Finance
Moven - Smart Finances,FINANCE,3.8,861,100000,Free,0.0,Everyone,2018-05-29,17.0,Finance
Qapital - Save Small. Live Large,FINANCE,4.5,8662,100000,Free,0.0,Everyone,2018-07-20,38.0,Finance
Experian - Free Credit Report,FINANCE,4.6,23130,1000000,Free,0.0,Everyone,2018-07-12,46.0,Finance
Branch,FINANCE,4.6,69973,1000000,Free,0.0,Everyone,2018-07-23,3.8,Finance
"WalletHub - Free Credit Score, Report & Monitoring",FINANCE,4.7,1311,50000,Free,0.0,Everyone,2018-06-19,9.3,Finance
CreditWise from Capital One,FINANCE,4.6,26587,1000000,Free,0.0,Everyone,2018-07-19,8.4,Finance
"NerdWallet: Personal Finance, Credit Score & Cash",FINANCE,4.6,2417,100000,Free,0.0,Everyone,2018-08-03,28.0,Finance
Credit Karma,FINANCE,4.7,706302,10000000,Free,0.0,Everyone,2018-07-31,,Finance
my face,FINANCE,3.8,1054,100000,Free,0.0,Everyone,2018-07-10,9.7,Finance
Credit Sesame,FINANCE,4.3,25166,1000000,Free,0.0,Everyone,2018-07-25,11.0,Finance
"Mint: Budget, Bills, Finance",FINANCE,4.3,129304,5000000,Free,0.0,Everyone,2018-08-02,,Finance
Fresh EBT - Food Stamp Balance,FINANCE,4.5,19870,1000000,Free,0.0,Everyone,2018-07-24,7.4,Finance
"Hurdlr: Track Mileage, Expenses, and Log Receipts",FINANCE,4.6,3596,100000,Free,0.0,Everyone,2018-07-20,19.0,Finance
Mobills: Budget Planner,FINANCE,4.6,161440,1000000,Free,0.0,Everyone,2018-08-03,16.0,Finance
Everlance: Free Mileage Log,FINANCE,4.7,7514,100000,Free,0.0,Everyone,2018-07-31,14.0,Finance
MileIQ - Free Mileage Tracker for Business,FINANCE,4.5,46106,1000000,Free,0.0,Everyone,2018-07-31,22.0,Finance
QuickBooks Self-Employed:Mileage Tracker and Taxes,FINANCE,4.4,15141,1000000,Free,0.0,Everyone,2018-07-24,25.0,Finance
FREE Stock Market Trading Tips,FINANCE,3.9,714,50000,Free,0.0,Everyone,2017-06-07,3.6,Finance
MetaTrader 5,FINANCE,4.5,42410,1000000,Free,0.0,Everyone,2018-08-03,,Finance
MetaTrader 4,FINANCE,4.6,260547,5000000,Free,0.0,Everyone,2018-07-31,,Finance
Stock Quote,FINANCE,4.1,4344,500000,Free,0.0,Everyone,2018-07-30,4.5,Finance
Seeking Alpha,FINANCE,4.5,22808,1000000,Free,0.0,Everyone,2018-08-03,,Finance
Stock Trainer: Virtual Trading (Stock Markets),FINANCE,4.4,42809,1000000,Free,0.0,Everyone,2018-07-27,23.0,Finance
Stocks: Realtime Quotes Charts,FINANCE,4.5,16808,1000000,Free,0.0,Everyone,2018-05-01,,Finance
"Stocks, Forex, Bitcoin, Ethereum: Portfolio & News",FINANCE,4.6,157505,5000000,Free,0.0,Everyone,2018-08-01,,Finance
CNBC: Breaking Business News & Live Market Data,FINANCE,4.2,24647,1000000,Free,0.0,Everyone,2018-07-13,,Finance
US Stock Market,FINANCE,4.4,1922,100000,Free,0.0,Everyone,2018-08-01,4.2,Finance
Bloomberg Professional,FINANCE,4.1,3334,500000,Free,0.0,Everyone,2018-07-23,,Finance
E*TRADE Mobile,FINANCE,3.9,10658,1000000,Free,0.0,Everyone,2018-08-02,58.0,Finance
"Robinhood - Investing, No Fees",FINANCE,4.6,57493,1000000,Free,0.0,Everyone,2018-07-31,,Finance
MSN Money- Stock Quotes & News,FINANCE,4.5,78361,1000000,Free,0.0,Everyone,2018-07-05,22.0,Finance
Fox Business,FINANCE,3.7,2594,500000,Free,0.0,Everyone,2018-03-13,,Finance
NSE Mobile Trading,FINANCE,4.1,13868,1000000,Free,0.0,Everyone,2017-08-03,1.4,Finance
Yahoo Finance,FINANCE,4.4,135952,5000000,Free,0.0,Everyone,2018-07-30,,Finance
"JStock - Stock Market, Portfolio & News",FINANCE,4.6,11066,500000,Free,0.0,Everyone,2018-07-18,9.1,Finance
Digit Save Money Automatically,FINANCE,4.5,8188,100000,Free,0.0,Everyone,2018-07-31,22.0,Finance
Acorns - Invest Spare Change,FINANCE,4.3,45962,1000000,Free,0.0,Everyone,2018-07-31,,Finance
Webull - Stock Quotes & Free Stock Trading,FINANCE,4.3,34861,1000000,Free,0.0,Everyone,2018-08-03,,Finance
"Trading 212 - Forex, Stocks, CFDs",FINANCE,4.3,37580,5000000,Free,0.0,Everyone,2018-08-01,,Finance
"Moneycontrol – Stocks, Sensex, Mutual Funds, IPO",FINANCE,4.4,281485,5000000,Free,0.0,Everyone,2018-05-11,,Finance
Current debit card and app made for teens,FINANCE,4.3,685,50000,Free,0.0,Everyone,2018-08-03,21.0,Finance
"Money Lover: Expense Tracker, Budget Planner",FINANCE,4.4,126447,1000000,Free,0.0,Everyone,2018-08-01,,Finance
"Mint: Budget, Bills, Finance",FINANCE,4.3,129304,5000000,Free,0.0,Everyone,2018-08-02,,Finance
Betterment,FINANCE,4.4,3780,100000,Free,0.0,Everyone,2018-08-03,11.0,Finance
Citizens Bank Mobile Banking,FINANCE,4.1,15192,1000000,Free,0.0,Everyone,2018-05-23,38.0,Finance
GoBank,FINANCE,4.4,5950,500000,Free,0.0,Everyone,2018-06-01,12.0,Finance
NetSpend Prepaid,FINANCE,4.2,15993,1000000,Free,0.0,Everyone,2018-05-09,45.0,Finance
BBVA Compass Banking,FINANCE,4.3,5905,500000,Free,0.0,Everyone,2018-07-27,50.0,Finance
Simple - Better Banking,FINANCE,4.4,7731,100000,Free,0.0,Everyone,2018-08-02,24.0,Finance
PayPal,FINANCE,4.3,659760,50000000,Free,0.0,Everyone,2018-07-18,47.0,Finance
BankMobile Vibe App,FINANCE,4.3,14627,1000000,Free,0.0,Everyone,2018-07-09,23.0,Finance
Netspend Skylight ONE,FINANCE,3.9,1098,100000,Free,0.0,Everyone,2018-05-09,46.0,Finance
ACE Elite,FINANCE,4.1,2898,100000,Free,0.0,Everyone,2018-05-09,45.0,Finance
U.S. Bank,FINANCE,4.1,70782,1000000,Free,0.0,Everyone,2018-07-25,50.0,Finance
Huntington Mobile,FINANCE,4.2,11264,1000000,Free,0.0,Everyone,2018-06-26,24.0,Finance
USAA Mobile,FINANCE,4.5,100997,5000000,Free,0.0,Everyone,2018-07-27,33.0,Finance
Google Pay,FINANCE,4.2,347874,100000000,Free,0.0,Everyone,2018-07-26,,Finance
Associated Credit Union Mobile,FINANCE,4.7,3290,50000,Free,0.0,Everyone,2018-05-30,12.0,Finance
Bank of America Mobile Banking,FINANCE,4.4,341090,10000000,Free,0.0,Everyone,2018-07-31,53.0,Finance
USE Credit Union Mobile,FINANCE,4.6,964,10000,Free,0.0,Everyone,2018-06-12,14.0,Finance
Discover Mobile,FINANCE,4.6,87951,5000000,Free,0.0,Everyone,2018-07-23,68.0,Finance
Wells Fargo Mobile,FINANCE,4.4,250719,10000000,Free,0.0,Everyone,2018-07-31,37.0,Finance
Capital One® Mobile,FINANCE,4.6,510401,10000000,Free,0.0,Everyone,2018-08-01,79.0,Finance
Amex Mobile,FINANCE,4.3,24729,1000000,Free,0.0,Everyone,2018-08-03,32.0,Finance
Citi Mobile®,FINANCE,4.0,78306,5000000,Free,0.0,Everyone,2018-07-31,46.0,Finance
Navy Federal Credit Union,FINANCE,4.4,43313,1000000,Free,0.0,Everyone,2018-07-09,40.0,Finance
Chase Mobile,FINANCE,4.6,1374549,10000000,Free,0.0,Everyone,2018-07-23,32.0,Finance
HDFC Bank MobileBanking,FINANCE,4.2,208463,10000000,Free,0.0,Everyone,2018-07-26,,Finance
Barclays US for Android,FINANCE,4.1,6998,1000000,Free,0.0,Everyone,2018-08-01,24.0,Finance
McDonald's,FOOD_AND_DRINK,3.6,145323,10000000,Free,0.0,Everyone,2018-07-31,42.0,Food & Drink
Cookpad - FREE recipe search makes fun cooking · musical making!,FOOD_AND_DRINK,4.1,64784,10000000,Free,0.0,Everyone,2018-08-02,13.0,Food & Drink
DELISH KITCHEN - FREE recipe movies make food fun and easy!,FOOD_AND_DRINK,4.6,32997,1000000,Free,0.0,Everyone,2018-08-04,13.0,Food & Drink
Easy Recipes,FOOD_AND_DRINK,4.7,2707,100000,Free,0.0,Everyone,2018-05-15,8.9,Food & Drink
Delicious Recipes,FOOD_AND_DRINK,4.7,129737,1000000,Free,0.0,Teen,2018-08-03,,Food & Drink
Tastely,FOOD_AND_DRINK,4.7,611136,10000000,Free,0.0,Everyone,2018-07-13,19.0,Food & Drink
Pastry & Cooking (Without Net),FOOD_AND_DRINK,4.7,6118,1000000,Free,0.0,Everyone,2018-07-07,,Food & Drink
Frigo Magic: Easy recipe idea and anti-waste,FOOD_AND_DRINK,4.1,2473,500000,Free,0.0,Everyone,2018-07-28,14.0,Food & Drink
McDonald's - McDonald's Japan,FOOD_AND_DRINK,3.4,109784,10000000,Free,0.0,Everyone,2018-08-03,64.0,Food & Drink
Debonairs Pizza,FOOD_AND_DRINK,3.8,3320,500000,Free,0.0,Everyone,2018-08-04,8.4,Food & Drink
Popeyes® App,FOOD_AND_DRINK,3.7,61,50000,Free,0.0,Everyone,2018-07-23,11.0,Food & Drink
Dunkin' Donuts,FOOD_AND_DRINK,4.2,68103,1000000,Free,0.0,Everyone,2018-06-20,66.0,Food & Drink
Pyaterochka,FOOD_AND_DRINK,3.1,8412,1000000,Free,0.0,Everyone,2018-07-19,,Food & Drink
Refreshing app Free application that can use deal coupons,FOOD_AND_DRINK,3.5,10741,1000000,Free,0.0,Everyone,2018-07-23,41.0,Food & Drink
Simple Recipes,FOOD_AND_DRINK,4.7,3803,500000,Free,0.0,Everyone,2018-02-22,15.0,Food & Drink
Grubhub: Food Delivery,FOOD_AND_DRINK,4.5,155944,5000000,Free,0.0,Everyone,2018-08-02,35.0,Food & Drink
Panera Bread,FOOD_AND_DRINK,4.2,10159,1000000,Free,0.0,Everyone,2018-07-17,36.0,Food & Drink
Chick-fil-A,FOOD_AND_DRINK,4.3,28008,5000000,Free,0.0,Everyone,2018-08-03,17.0,Food & Drink
hellofood - Food Delivery,FOOD_AND_DRINK,4.0,43614,1000000,Free,0.0,Everyone,2016-10-12,25.0,Food & Drink
Starbucks,FOOD_AND_DRINK,4.5,455377,10000000,Free,0.0,Everyone,2018-08-01,35.0,Food & Drink
Easy and quick desserts,FOOD_AND_DRINK,4.6,1398,100000,Free,0.0,Everyone 10+,2018-06-14,10.0,Food & Drink
Domino's Pizza USA,FOOD_AND_DRINK,4.7,1032935,10000000,Free,0.0,Everyone,2018-07-20,,Food & Drink
Chef - Recipes & Cooking,FOOD_AND_DRINK,4.1,32405,5000000,Free,0.0,Everyone,2018-07-03,12.0,Food & Drink
"Delivery Club-food delivery: pizza, sushi, burger, salad",FOOD_AND_DRINK,4.3,151080,5000000,Free,0.0,Everyone,2018-07-27,,Food & Drink
HungerStation,FOOD_AND_DRINK,3.8,22513,1000000,Free,0.0,Everyone,2018-05-21,11.0,Food & Drink
Delivery yogi.,FOOD_AND_DRINK,4.4,90042,10000000,Free,0.0,Everyone,2018-07-18,,Food & Drink
Delivery trough - delivery trough delivery trough,FOOD_AND_DRINK,4.3,58316,5000000,Free,0.0,Everyone,2018-07-25,,Food & Drink
Dr. Oetker recipe ideas,FOOD_AND_DRINK,4.2,8509,1000000,Free,0.0,Everyone,2018-07-12,17.0,Food & Drink
SONIC Drive-In,FOOD_AND_DRINK,4.3,19314,1000000,Free,0.0,Everyone,2018-07-31,43.0,Food & Drink
SUBWAY®,FOOD_AND_DRINK,3.8,21314,1000000,Free,0.0,Everyone,2018-07-24,41.0,Food & Drink
GialloZafferano: Recipes,FOOD_AND_DRINK,4.3,30224,1000000,Free,0.0,Everyone,2018-05-28,,Food & Drink
Dairy Queen,FOOD_AND_DRINK,3.7,731,100000,Free,0.0,Everyone,2018-07-25,43.0,Food & Drink
9th stage,FOOD_AND_DRINK,4.5,454,100000,Free,0.0,Everyone,2018-03-28,16.0,Food & Drink
OpenRice,FOOD_AND_DRINK,3.6,14952,1000000,Free,0.0,Everyone,2018-06-08,39.0,Food & Drink
SarashpazPapion (Cooking with Chef Bowls),FOOD_AND_DRINK,4.8,1250,50000,Free,0.0,Everyone,2018-07-28,13.0,Food & Drink
Little Caesars,FOOD_AND_DRINK,3.3,1726,500000,Free,0.0,Everyone,2018-07-19,30.0,Food & Drink
Recipes Pastries and homemade pies More than 500 recipes for pastries,FOOD_AND_DRINK,4.7,14065,500000,Free,0.0,Everyone,2018-06-12,7.1,Food & Drink
Om Waleed Sweets,FOOD_AND_DRINK,4.6,556,100000,Free,0.0,Teen,2018-01-25,23.0,Food & Drink
"""Eat Fast Prepare """"Without Internet""""""",FOOD_AND_DRINK,4.6,4925,1000000,Free,0.0,Everyone,2018-06-10,17.0,Food & Drink
Wendy’s – Food and Offers,FOOD_AND_DRINK,3.4,6507,1000000,Free,0.0,Everyone,2018-04-12,18.0,Food & Drink
My Recipes Cookbook : RecetteTek,FOOD_AND_DRINK,4.6,11707,100000,Free,0.0,Everyone,2018-06-24,,Food & Drink
Healthy Recipes Free,FOOD_AND_DRINK,4.0,1077,100000,Free,0.0,Everyone,2017-10-18,17.0,Food & Drink
Cookbook Recipes,FOOD_AND_DRINK,4.1,46539,5000000,Free,0.0,Teen,2018-07-23,,Food & Drink
ChefTap Recipes & Grocery List,FOOD_AND_DRINK,4.5,9066,500000,Free,0.0,Everyone,2018-04-25,15.0,Food & Drink
Recipe Keeper,FOOD_AND_DRINK,4.4,1962,100000,Free,0.0,Everyone,2018-06-27,22.0,Food & Drink
My CookBook (Recipe Manager),FOOD_AND_DRINK,4.5,22071,1000000,Free,0.0,Everyone,2018-06-29,,Food & Drink
50 Healthy Slow Cooker Recipes,FOOD_AND_DRINK,4.0,196,10000,Free,0.0,Everyone 10+,2017-02-17,9.0,Food & Drink
Easy Healthy Recipes,FOOD_AND_DRINK,4.1,278,50000,Free,0.0,Everyone,2018-07-20,7.2,Food & Drink
Allrecipes Dinner Spinner,FOOD_AND_DRINK,4.5,61881,5000000,Free,0.0,Everyone,2018-04-10,,Food & Drink
My CookBook Pro (Ad Free),FOOD_AND_DRINK,4.6,2129,10000,Paid,3.49,Everyone,2018-06-28,,Food & Drink
Paprika Recipe Manager,FOOD_AND_DRINK,4.1,1268,50000,Paid,4.99,Everyone,2018-06-03,2.3,Food & Drink
Yummly Recipes & Shopping List,FOOD_AND_DRINK,4.5,91359,1000000,Free,0.0,Everyone,2018-07-05,27.0,Food & Drink
Kitchen Stories - Recipes & Cooking,FOOD_AND_DRINK,4.6,22015,1000000,Free,0.0,Everyone,2018-07-06,,Food & Drink
Cookpad,FOOD_AND_DRINK,4.5,131569,10000000,Free,0.0,Everyone,2018-08-03,8.2,Food & Drink
"BigOven Recipes, Meal Planner, Grocery List & More",FOOD_AND_DRINK,4.3,31986,1000000,Free,0.0,Teen,2017-11-23,76.0,Food & Drink
Postmates Food Delivery: Order Eats & Alcohol,FOOD_AND_DRINK,3.6,22875,1000000,Free,0.0,Everyone,2018-07-27,22.0,Food & Drink
Instacart: Grocery Delivery,FOOD_AND_DRINK,4.4,17071,1000000,Free,0.0,Everyone,2018-08-02,,Food & Drink
OpenTable: Restaurants Near Me,FOOD_AND_DRINK,4.6,90242,5000000,Free,0.0,Everyone,2018-07-31,19.0,Food & Drink
Foursquare City Guide,FOOD_AND_DRINK,4.1,483960,10000000,Free,0.0,Teen,2018-07-23,,Food & Drink
Zomato - Restaurant Finder and Food Delivery App,FOOD_AND_DRINK,4.3,511228,10000000,Free,0.0,Everyone,2018-08-01,,Food & Drink
Munchery: Chef Crafted Fresh Food Delivered,FOOD_AND_DRINK,3.9,464,50000,Free,0.0,Everyone,2018-05-22,28.0,Food & Drink
Grubhub: Food Delivery,FOOD_AND_DRINK,4.5,155944,5000000,Free,0.0,Everyone,2018-08-02,35.0,Food & Drink
"delivery.com: Order Food, Alcohol & Laundry",FOOD_AND_DRINK,4.1,1920,100000,Free,0.0,Everyone,2018-07-31,,Food & Drink
Postmates Food Delivery: Order Eats & Alcohol,FOOD_AND_DRINK,3.6,22875,1000000,Free,0.0,Everyone,2018-07-27,22.0,Food & Drink
Domino's Pizza USA,FOOD_AND_DRINK,4.7,1032935,10000000,Free,0.0,Everyone,2018-07-20,,Food & Drink
Eat24 Food Delivery & Takeout,FOOD_AND_DRINK,4.3,40116,1000000,Free,0.0,Everyone,2018-08-02,,Food & Drink
BeyondMenu Food Delivery,FOOD_AND_DRINK,4.7,51517,1000000,Free,0.0,Everyone,2018-08-01,,Food & Drink
EatStreet Food Delivery App,FOOD_AND_DRINK,4.6,7690,100000,Free,0.0,Everyone,2018-07-03,25.0,Food & Drink
Pizza Hut,FOOD_AND_DRINK,4.4,321134,10000000,Free,0.0,Everyone,2018-06-12,30.0,Food & Drink
Caviar - Food Delivery,FOOD_AND_DRINK,4.2,3755,100000,Free,0.0,Everyone,2018-07-20,8.5,Food & Drink
DoorDash - Food Delivery,FOOD_AND_DRINK,4.5,104504,1000000,Free,0.0,Everyone,2018-07-31,,Food & Drink
Chick-fil-A,FOOD_AND_DRINK,4.3,28009,5000000,Free,0.0,Everyone,2018-08-03,17.0,Food & Drink
Uber Eats: Local Food Delivery,FOOD_AND_DRINK,4.2,333208,10000000,Free,0.0,Everyone,2018-08-01,34.0,Food & Drink
Seamless Food Delivery/Takeout,FOOD_AND_DRINK,4.5,35218,1000000,Free,0.0,Everyone,2018-08-02,34.0,Food & Drink
Talabat: Food Delivery,FOOD_AND_DRINK,4.5,116403,5000000,Free,0.0,Everyone,2018-08-01,,Food & Drink
TheFork - Restaurants booking and special offers,FOOD_AND_DRINK,4.3,37517,5000000,Free,0.0,Everyone,2018-07-20,17.0,Food & Drink
foodpanda - Local Food Delivery,FOOD_AND_DRINK,4.0,292969,10000000,Free,0.0,Everyone,2018-07-30,16.0,Food & Drink
Zomato - Restaurant Finder and Food Delivery App,FOOD_AND_DRINK,4.3,511420,10000000,Free,0.0,Everyone,2018-08-01,,Food & Drink
Home Workout - No Equipment,HEALTH_AND_FITNESS,4.8,428156,10000000,Free,0.0,Everyone,2018-06-28,15.0,Health & Fitness
Step Counter - Calorie Counter,HEALTH_AND_FITNESS,4.0,1577,500000,Free,0.0,Everyone,2017-08-12,2.2,Health & Fitness
Lose Belly Fat in 30 Days - Flat Stomach,HEALTH_AND_FITNESS,4.9,38098,5000000,Free,0.0,Everyone,2018-06-21,11.0,Health & Fitness
Pedometer - Step Counter Free & Calorie Burner,HEALTH_AND_FITNESS,4.8,31139,1000000,Free,0.0,Everyone,2018-07-24,6.9,Health & Fitness
Six Pack in 30 Days - Abs Workout,HEALTH_AND_FITNESS,4.9,272337,10000000,Free,0.0,Everyone,2018-06-21,13.0,Health & Fitness
Lose Weight in 30 Days,HEALTH_AND_FITNESS,4.8,220125,10000000,Free,0.0,Everyone,2018-07-31,11.0,Health & Fitness
Pedometer,HEALTH_AND_FITNESS,4.4,400592,10000000,Free,0.0,Everyone,2018-07-04,2.9,Health & Fitness
LG Health,HEALTH_AND_FITNESS,3.3,20098,10000000,Free,0.0,Everyone,2018-05-14,25.0,Health & Fitness
Step Counter - Pedometer Free & Calorie Counter,HEALTH_AND_FITNESS,4.7,117925,10000000,Free,0.0,Everyone,2018-07-24,7.0,Health & Fitness
"Pedometer, Step Counter & Weight Loss Tracker App",HEALTH_AND_FITNESS,4.6,548021,10000000,Free,0.0,Everyone,2018-08-02,27.0,Health & Fitness
Sportractive GPS Running Cycling Distance Tracker,HEALTH_AND_FITNESS,4.8,48276,1000000,Free,0.0,Everyone,2018-08-04,7.5,Health & Fitness
30 Day Fitness Challenge - Workout at Home,HEALTH_AND_FITNESS,4.8,471036,10000000,Free,0.0,Everyone,2018-08-03,,Health & Fitness
Home Workout for Men - Bodybuilding,HEALTH_AND_FITNESS,4.8,12705,1000000,Free,0.0,Everyone,2018-07-10,15.0,Health & Fitness
Fat Burning Workout - Home Weight lose,HEALTH_AND_FITNESS,4.5,706,100000,Free,0.0,Everyone,2018-07-24,9.4,Health & Fitness
Buttocks and Abdomen,HEALTH_AND_FITNESS,4.4,465,500000,Free,0.0,Everyone,2018-06-07,6.4,Health & Fitness
Walking for Weight Loss - Walk Tracker,HEALTH_AND_FITNESS,4.5,644,100000,Free,0.0,Everyone,2018-07-25,5.5,Health & Fitness
Running & Jogging,HEALTH_AND_FITNESS,4.5,6238,500000,Free,0.0,Everyone,2018-07-30,3.9,Health & Fitness
Walk with Map My Walk,HEALTH_AND_FITNESS,4.5,144040,5000000,Free,0.0,Everyone,2018-07-27,55.0,Health & Fitness
Sleep Sounds,HEALTH_AND_FITNESS,4.8,51227,1000000,Free,0.0,Everyone,2018-07-13,28.0,Health & Fitness
Fitbit,HEALTH_AND_FITNESS,3.9,357417,10000000,Free,0.0,Everyone,2018-07-26,,Health & Fitness
Lose Belly Fat-Home Abs Fitness Workout,HEALTH_AND_FITNESS,4.6,199,50000,Free,0.0,Everyone,2018-07-24,8.8,Health & Fitness
Runtastic Running App & Mile Tracker,HEALTH_AND_FITNESS,4.5,827597,10000000,Free,0.0,Everyone,2018-07-25,,Health & Fitness
Cycling - Bike Tracker,HEALTH_AND_FITNESS,4.5,9116,500000,Free,0.0,Everyone,2018-07-30,4.0,Health & Fitness
Abs Training-Burn belly fat,HEALTH_AND_FITNESS,4.7,2071,100000,Free,0.0,Everyone,2018-07-24,6.9,Health & Fitness
Calorie Counter - EasyFit free,HEALTH_AND_FITNESS,4.7,50294,1000000,Free,0.0,Everyone,2018-07-09,11.0,Health & Fitness
Nike+ Run Club,HEALTH_AND_FITNESS,4.4,708674,10000000,Free,0.0,Everyone,2018-07-12,,Health & Fitness
Aunjai i lert u,HEALTH_AND_FITNESS,4.2,1140,500000,Free,0.0,Teen,2017-01-10,5.5,Health & Fitness
Garmin Connect™,HEALTH_AND_FITNESS,3.9,232153,10000000,Free,0.0,Everyone,2018-08-02,,Health & Fitness
BetterMe: Weight Loss Workouts,HEALTH_AND_FITNESS,4.2,14709,5000000,Free,0.0,Everyone,2018-07-26,15.0,Health & Fitness
Bike Computer - GPS Cycling Tracker,HEALTH_AND_FITNESS,4.4,12029,1000000,Free,0.0,Everyone,2018-08-04,4.3,Health & Fitness
Calorie Counter - MyFitnessPal,HEALTH_AND_FITNESS,4.6,1873516,50000000,Free,0.0,Everyone,2018-07-31,,Health & Fitness
Six Packs for Man–Body Building with No Equipment,HEALTH_AND_FITNESS,4.6,2880,100000,Free,0.0,Everyone,2018-07-24,7.1,Health & Fitness
Weight Watchers Mobile,HEALTH_AND_FITNESS,4.2,270267,5000000,Free,0.0,Everyone,2018-07-31,58.0,Health & Fitness
Endomondo - Running & Walking,HEALTH_AND_FITNESS,4.5,559186,10000000,Free,0.0,Everyone,2018-07-11,,Health & Fitness
Running Distance Tracker +,HEALTH_AND_FITNESS,4.7,77777,1000000,Free,0.0,Everyone,2018-06-29,,Health & Fitness
The TK-App - everything under control,HEALTH_AND_FITNESS,4.5,8642,100000,Free,0.0,Everyone,2018-08-02,18.0,Health & Fitness
Runkeeper - GPS Track Run Walk,HEALTH_AND_FITNESS,4.5,501144,10000000,Free,0.0,Everyone,2018-07-16,,Health & Fitness
Walking: Pedometer diet,HEALTH_AND_FITNESS,3.7,1861,1000000,Free,0.0,Everyone,2018-06-18,1.5,Health & Fitness
Recipes for hair and face tried,HEALTH_AND_FITNESS,4.5,1203,500000,Free,0.0,Everyone,2016-10-16,6.5,Health & Fitness
Abs Workout - 30 Days Fitness App for Six Pack Abs,HEALTH_AND_FITNESS,4.6,299,100000,Free,0.0,Everyone,2018-08-03,11.0,Health & Fitness
8fit Workouts & Meal Planner,HEALTH_AND_FITNESS,4.6,115721,10000000,Free,0.0,Everyone,2018-07-11,67.0,Health & Fitness
Keep Trainer - Workout Trainer & Fitness Coach,HEALTH_AND_FITNESS,4.7,14810,1000000,Free,0.0,Everyone,2018-07-24,,Health & Fitness
Run with Map My Run,HEALTH_AND_FITNESS,4.5,183662,5000000,Free,0.0,Everyone,2018-07-27,57.0,Health & Fitness
Weight Loss Running by Verv,HEALTH_AND_FITNESS,4.5,27393,1000000,Free,0.0,Mature 17+,2018-07-16,59.0,Health & Fitness
Couch to 10K Running Trainer,HEALTH_AND_FITNESS,4.6,10445,500000,Free,0.0,Everyone,2018-07-02,48.0,Health & Fitness
PumpUp — Fitness Community,HEALTH_AND_FITNESS,4.0,49479,1000000,Free,0.0,Teen,2018-07-10,57.0,Health & Fitness
"Home workouts - fat burning, abs, legs, arms,chest",HEALTH_AND_FITNESS,4.3,4848,1000000,Free,0.0,Everyone,2018-07-18,13.0,Health & Fitness
Running Weight Loss Walking Jogging Hiking FITAPP,HEALTH_AND_FITNESS,4.4,20812,1000000,Free,0.0,Teen,2018-07-27,,Health & Fitness
"Strava Training: Track Running, Cycling & Swimming",HEALTH_AND_FITNESS,4.5,328469,10000000,Free,0.0,Teen,2018-08-01,,Health & Fitness
Workout Trainer: fitness coach,HEALTH_AND_FITNESS,4.2,100406,10000000,Free,0.0,Everyone,2018-06-30,,Health & Fitness
"Fabulous: Motivate Me! Meditate, Relax, Sleep",HEALTH_AND_FITNESS,4.6,205299,5000000,Free,0.0,Everyone,2018-07-16,31.0,Health & Fitness
StrongLifts 5x5 Workout Gym Log & Personal Trainer,HEALTH_AND_FITNESS,4.9,66791,1000000,Free,0.0,Everyone,2018-07-30,10.0,Health & Fitness
Run with Map My Run,HEALTH_AND_FITNESS,4.5,183669,5000000,Free,0.0,Everyone,2018-07-27,57.0,Health & Fitness
7 Minute Workout,HEALTH_AND_FITNESS,4.5,399009,10000000,Free,0.0,Everyone,2018-06-08,,Health & Fitness
Workout Tracker & Gym Trainer - Fitness Log Book,HEALTH_AND_FITNESS,4.6,5420,500000,Free,0.0,Everyone,2018-06-05,21.0,Health & Fitness
Freeletics: Personal Trainer & Fitness Workouts,HEALTH_AND_FITNESS,4.5,130104,10000000,Free,0.0,Everyone,2018-08-03,25.0,Health & Fitness
Nike Training Club - Workouts & Fitness Plans,HEALTH_AND_FITNESS,4.6,251534,10000000,Free,0.0,Everyone,2018-07-18,93.0,Health & Fitness
Fitbit Coach,HEALTH_AND_FITNESS,4.6,28951,1000000,Free,0.0,Everyone,2018-07-16,60.0,Health & Fitness
"JEFIT Workout Tracker, Weight Lifting, Gym Log App",HEALTH_AND_FITNESS,4.5,60096,5000000,Free,0.0,Teen,2018-04-07,27.0,Health & Fitness
Map My Ride GPS Cycling Riding,HEALTH_AND_FITNESS,4.5,106547,1000000,Free,0.0,Everyone,2018-07-27,54.0,Health & Fitness
Daily Workouts - Exercise Fitness Routine Trainer,HEALTH_AND_FITNESS,4.4,134195,10000000,Free,0.0,Everyone,2018-06-14,,Health & Fitness
Google Fit - Fitness Tracking,HEALTH_AND_FITNESS,3.9,249855,10000000,Free,0.0,Everyone,2018-07-24,,Health & Fitness
Weight Loss Running by Verv,HEALTH_AND_FITNESS,4.5,27396,1000000,Free,0.0,Mature 17+,2018-07-16,59.0,Health & Fitness
Nike+ Run Club,HEALTH_AND_FITNESS,4.4,708710,10000000,Free,0.0,Everyone,2018-07-12,,Health & Fitness
Sworkit: Workouts & Fitness Plans,HEALTH_AND_FITNESS,4.6,109756,5000000,Free,0.0,Everyone,2018-08-01,78.0,Health & Fitness
Map My Fitness Workout Trainer,HEALTH_AND_FITNESS,4.4,38343,1000000,Free,0.0,Everyone,2018-07-27,55.0,Health & Fitness
Sports Tracker Running Cycling,HEALTH_AND_FITNESS,4.5,190247,5000000,Free,0.0,Everyone,2018-08-03,,Health & Fitness
Runtastic Running App & Mile Tracker,HEALTH_AND_FITNESS,4.5,827651,10000000,Free,0.0,Everyone,2018-07-25,,Health & Fitness
8fit Workouts & Meal Planner,HEALTH_AND_FITNESS,4.6,115721,10000000,Free,0.0,Everyone,2018-07-11,67.0,Health & Fitness
Seven - 7 Minute Workout Training Challenge,HEALTH_AND_FITNESS,4.5,75571,1000000,Free,0.0,Everyone,2018-08-03,,Health & Fitness
Daily Yoga - Yoga Fitness Plans,HEALTH_AND_FITNESS,4.4,70769,5000000,Free,0.0,Everyone,2018-07-24,35.0,Health & Fitness
Pocket Yoga,HEALTH_AND_FITNESS,4.4,2107,100000,Paid,2.99,Everyone,2015-12-22,,Health & Fitness
Relax Meditation: Sleep with Sleep Sounds,HEALTH_AND_FITNESS,4.4,26540,1000000,Free,0.0,Everyone,2017-02-09,43.0,Health & Fitness
Free Meditation - Take a Break,HEALTH_AND_FITNESS,4.2,1608,100000,Free,0.0,Everyone,2016-07-28,39.0,Health & Fitness
Meditate OM,HEALTH_AND_FITNESS,4.5,19074,1000000,Free,0.0,Everyone,2018-01-17,4.2,Health & Fitness
Yoga - Track Yoga,HEALTH_AND_FITNESS,4.5,7976,500000,Free,0.0,Everyone,2018-07-09,44.0,Health & Fitness
My Chakra Meditation,HEALTH_AND_FITNESS,4.4,7586,500000,Free,0.0,Everyone,2018-04-10,45.0,Health & Fitness
Relax with Andrew Johnson Lite,HEALTH_AND_FITNESS,4.3,2885,100000,Free,0.0,Everyone,2012-06-19,,Health & Fitness
"Meditation Music - Relax, Yoga",HEALTH_AND_FITNESS,4.6,48226,1000000,Free,0.0,Everyone,2018-03-05,28.0,Health & Fitness
Meditation Studio,HEALTH_AND_FITNESS,4.6,1026,10000,Paid,3.99,Everyone,2018-05-15,29.0,Health & Fitness
Down Dog: Great Yoga Anywhere,HEALTH_AND_FITNESS,4.9,28945,500000,Free,0.0,Teen,2018-05-17,12.0,Health & Fitness
21-Day Meditation Experience,HEALTH_AND_FITNESS,4.4,11506,100000,Free,0.0,Everyone,2018-08-02,15.0,Health & Fitness
My Chakra Meditation 2,HEALTH_AND_FITNESS,4.3,1288,100000,Free,0.0,Everyone,2018-04-10,31.0,Health & Fitness
Simply Yoga - Fitness Trainer for Workouts & Poses,HEALTH_AND_FITNESS,4.1,6826,1000000,Free,0.0,Everyone,2018-06-14,,Health & Fitness
"Calm - Meditate, Sleep, Relax",HEALTH_AND_FITNESS,4.6,111450,5000000,Free,0.0,Everyone,2018-08-05,,Health & Fitness
Relax Melodies P: Sleep Sounds,HEALTH_AND_FITNESS,4.8,19543,100000,Paid,2.99,Everyone,2018-01-19,,Health & Fitness
Relax Melodies: Sleep Sounds,HEALTH_AND_FITNESS,4.5,233243,5000000,Free,0.0,Everyone,2018-07-23,,Health & Fitness
Simple Habit Meditation,HEALTH_AND_FITNESS,4.7,11689,500000,Free,0.0,Everyone,2018-07-27,20.0,Health & Fitness
Headspace: Meditation & Mindfulness,HEALTH_AND_FITNESS,4.6,77563,10000000,Free,0.0,Everyone,2018-07-23,39.0,Health & Fitness
Yoga Studio: Mind & Body,HEALTH_AND_FITNESS,4.3,5499,100000,Free,0.0,Everyone,2018-07-23,94.0,Health & Fitness
Daily Yoga - Yoga Fitness Plans,HEALTH_AND_FITNESS,4.4,70769,5000000,Free,0.0,Everyone,2018-07-24,35.0,Health & Fitness
Pocket Yoga,HEALTH_AND_FITNESS,4.4,2107,100000,Paid,2.99,Everyone,2015-12-22,,Health & Fitness
Pregnancy & Baby Tracker,HEALTH_AND_FITNESS,4.6,48286,1000000,Free,0.0,Everyone,2018-07-27,,Health & Fitness
My Cycles Period and Ovulation,HEALTH_AND_FITNESS,4.3,26652,1000000,Free,0.0,Everyone,2018-05-04,41.0,Health & Fitness
I’m Expecting - Pregnancy App,HEALTH_AND_FITNESS,4.6,71269,1000000,Free,0.0,Everyone,2018-03-30,49.0,Health & Fitness
The Bump Pregnancy Tracker,HEALTH_AND_FITNESS,4.6,20301,1000000,Free,0.0,Everyone,2018-05-16,22.0,Health & Fitness
My Days - Ovulation Calendar & Period Tracker ™,HEALTH_AND_FITNESS,4.5,93691,5000000,Free,0.0,Everyone,2018-07-05,,Health & Fitness
Best Ovulation Tracker Fertility Calendar App Glow,HEALTH_AND_FITNESS,4.6,56145,1000000,Free,0.0,Everyone,2018-08-01,23.0,Health & Fitness
"Eve Period Tracker - Love, Sex & Relationships App",HEALTH_AND_FITNESS,4.6,20326,1000000,Free,0.0,Teen,2018-08-04,28.0,Health & Fitness
Fertility Friend Ovulation App,HEALTH_AND_FITNESS,4.5,12955,1000000,Free,0.0,Teen,2018-06-27,7.2,Health & Fitness
Pregnancy Tracker,HEALTH_AND_FITNESS,4.1,2681,500000,Free,0.0,Everyone,2018-02-10,6.5,Health & Fitness
Period Tracker,HEALTH_AND_FITNESS,4.5,325738,10000000,Free,0.0,Everyone,2018-07-28,,Health & Fitness
"Spot On Period, Birth Control, & Cycle Tracker",HEALTH_AND_FITNESS,4.6,4102,500000,Free,0.0,Everyone 10+,2018-07-19,24.0,Health & Fitness
OvuView: Ovulation and Fertility,HEALTH_AND_FITNESS,4.5,40296,1000000,Free,0.0,Everyone,2018-06-15,,Health & Fitness
Period Tracker - Period Calendar Ovulation Tracker,HEALTH_AND_FITNESS,4.8,4559407,100000000,Free,0.0,Everyone,2018-08-01,,Health & Fitness
Period Tracker Clue: Period and Ovulation Tracker,HEALTH_AND_FITNESS,4.8,570242,10000000,Free,0.0,Everyone,2018-08-02,20.0,Health & Fitness
Calorie Counter - MyFitnessPal,HEALTH_AND_FITNESS,4.6,1873523,50000000,Free,0.0,Everyone,2018-07-31,,Health & Fitness
WomanLog Calendar,HEALTH_AND_FITNESS,4.5,121838,5000000,Free,0.0,Everyone,2018-05-23,15.0,Health & Fitness
Geocaching®,HEALTH_AND_FITNESS,4.1,62616,5000000,Free,0.0,Teen,2018-08-02,,Health & Fitness
Map My Hike GPS Hiking,HEALTH_AND_FITNESS,4.4,12858,500000,Free,0.0,Everyone,2018-07-27,55.0,Health & Fitness
"ViewRanger - Hike, Ride or Walk",HEALTH_AND_FITNESS,4.2,34356,1000000,Free,0.0,Everyone,2018-07-31,,Health & Fitness
Runtastic Mountain Bike GPS Tracker,HEALTH_AND_FITNESS,4.5,50679,1000000,Free,0.0,Everyone,2018-08-01,38.0,Health & Fitness
"AllTrails: Hiking, Running & Mountain Bike Trails",HEALTH_AND_FITNESS,4.3,16943,1000000,Free,0.0,Everyone,2018-07-30,32.0,Health & Fitness
Water Drink Reminder,HEALTH_AND_FITNESS,4.6,524299,10000000,Free,0.0,Everyone,2018-06-29,,Health & Fitness
"Zombies, Run! 5k Training (Free)",HEALTH_AND_FITNESS,4.0,267,50000,Free,0.0,Teen,2018-08-01,,Health & Fitness
Tracks,HEALTH_AND_FITNESS,4.6,623,50000,Free,0.0,Everyone 10+,2017-07-17,40.0,Health & Fitness
Weight Loss Running by Verv,HEALTH_AND_FITNESS,4.5,27396,1000000,Free,0.0,Mature 17+,2018-07-16,59.0,Health & Fitness
Nike+ Run Club,HEALTH_AND_FITNESS,4.4,708710,10000000,Free,0.0,Everyone,2018-07-12,,Health & Fitness
Seven - 7 Minute Workout Training Challenge,HEALTH_AND_FITNESS,4.5,75571,1000000,Free,0.0,Everyone,2018-08-03,,Health & Fitness
"YAZIO Calorie Counter, Nutrition Diary & Diet Plan",HEALTH_AND_FITNESS,4.6,117176,5000000,Free,0.0,Everyone,2018-07-07,,Health & Fitness
"Technutri - calorie counter, diet and carb tracker",HEALTH_AND_FITNESS,4.4,70416,5000000,Free,0.0,Everyone,2018-07-27,23.0,Health & Fitness
Couch to 5K by RunDouble,HEALTH_AND_FITNESS,4.7,15674,1000000,Free,0.0,Everyone,2018-07-31,6.1,Health & Fitness
Fooducate Healthy Weight Loss & Calorie Counter,HEALTH_AND_FITNESS,4.4,14402,1000000,Free,0.0,Everyone,2018-08-03,,Health & Fitness
Weight Watchers Mobile,HEALTH_AND_FITNESS,4.2,270294,5000000,Free,0.0,Everyone,2018-07-31,58.0,Health & Fitness
Walk with Map My Walk,HEALTH_AND_FITNESS,4.5,144050,5000000,Free,0.0,Everyone,2018-07-27,55.0,Health & Fitness
Workout Trainer: fitness coach,HEALTH_AND_FITNESS,4.2,100406,10000000,Free,0.0,Everyone,2018-06-30,,Health & Fitness
My Diet Coach - Weight Loss Motivation & Tracker,HEALTH_AND_FITNESS,4.4,141163,10000000,Free,0.0,Everyone,2018-06-11,,Health & Fitness
Run with Map My Run,HEALTH_AND_FITNESS,4.5,183669,5000000,Free,0.0,Everyone,2018-07-27,57.0,Health & Fitness
Nike Training Club - Workouts & Fitness Plans,HEALTH_AND_FITNESS,4.6,251534,10000000,Free,0.0,Everyone,2018-07-18,93.0,Health & Fitness
Fitbit Coach,HEALTH_AND_FITNESS,4.6,28951,1000000,Free,0.0,Everyone,2018-07-16,60.0,Health & Fitness
Calorie Counter - MyFitnessPal,HEALTH_AND_FITNESS,4.6,1873520,50000000,Free,0.0,Everyone,2018-07-31,,Health & Fitness
Endomondo - Running & Walking,HEALTH_AND_FITNESS,4.5,559262,10000000,Free,0.0,Everyone,2018-07-11,,Health & Fitness
Runkeeper - GPS Track Run Walk,HEALTH_AND_FITNESS,4.5,501144,10000000,Free,0.0,Everyone,2018-07-16,,Health & Fitness
Nike+ Run Club,HEALTH_AND_FITNESS,4.4,708753,10000000,Free,0.0,Everyone,2018-07-12,,Health & Fitness
Lose It! - Calorie Counter,HEALTH_AND_FITNESS,4.4,69395,10000000,Free,0.0,Everyone,2018-08-03,,Health & Fitness
Runtastic Running App & Mile Tracker,HEALTH_AND_FITNESS,4.5,827653,10000000,Free,0.0,Everyone,2018-07-25,,Health & Fitness
Calorie Counter - MyNetDiary,HEALTH_AND_FITNESS,4.5,27439,1000000,Free,0.0,Everyone,2018-07-16,19.0,Health & Fitness
10 Best Foods for You,HEALTH_AND_FITNESS,4.0,2490,500000,Free,0.0,Everyone 10+,2017-02-17,3.8,Health & Fitness
MyPlate Calorie Tracker,HEALTH_AND_FITNESS,4.6,24094,1000000,Free,0.0,Everyone,2018-07-09,18.0,Health & Fitness
My Diet Diary Calorie Counter,HEALTH_AND_FITNESS,4.1,18539,1000000,Free,0.0,Everyone,2018-07-30,57.0,Health & Fitness
Calorie Counter - Macros,HEALTH_AND_FITNESS,4.0,3061,100000,Free,0.0,Everyone,2016-08-27,5.5,Health & Fitness
Calorie Counter by FatSecret,HEALTH_AND_FITNESS,4.4,229210,10000000,Free,0.0,Everyone,2018-07-31,,Health & Fitness
Weight Loss Tracker - RecStyle,HEALTH_AND_FITNESS,4.4,20547,1000000,Free,0.0,Everyone,2017-11-29,5.7,Health & Fitness
Lark - 24/7 Health Coach,HEALTH_AND_FITNESS,4.1,3405,100000,Free,0.0,Everyone,2018-07-25,51.0,Health & Fitness
MealLogger-Photo Food Journal,HEALTH_AND_FITNESS,3.5,217,50000,Free,0.0,Teen,2017-08-23,9.4,Health & Fitness
Health and Nutrition Guide,HEALTH_AND_FITNESS,4.3,7895,500000,Free,0.0,Everyone,2018-07-15,3.3,Health & Fitness
Calorie Counter & Diet Tracker,HEALTH_AND_FITNESS,4.5,32606,1000000,Free,0.0,Everyone,2018-03-22,,Health & Fitness
Food Calorie Calculator,HEALTH_AND_FITNESS,4.2,1324,100000,Free,0.0,Everyone,2018-01-29,4.0,Health & Fitness
Calorie Counter - MyFitnessPal,HEALTH_AND_FITNESS,4.6,1873520,50000000,Free,0.0,Everyone,2018-07-31,,Health & Fitness
Lose It! - Calorie Counter,HEALTH_AND_FITNESS,4.4,69395,10000000,Free,0.0,Everyone,2018-08-03,,Health & Fitness
Calorie Counter - MyNetDiary,HEALTH_AND_FITNESS,4.5,27439,1000000,Free,0.0,Everyone,2018-07-16,19.0,Health & Fitness
10 Best Foods for You,HEALTH_AND_FITNESS,4.0,2490,500000,Free,0.0,Everyone 10+,2017-02-17,3.8,Health & Fitness
Monitor Your Weight,HEALTH_AND_FITNESS,4.5,126017,5000000,Free,0.0,Everyone,2018-07-05,4.3,Health & Fitness
MyPlate Calorie Tracker,HEALTH_AND_FITNESS,4.6,24094,1000000,Free,0.0,Everyone,2018-07-09,18.0,Health & Fitness
Weight Loss Tracker - RecStyle,HEALTH_AND_FITNESS,4.4,20547,1000000,Free,0.0,Everyone,2017-11-29,5.7,Health & Fitness
Calorie Counter by FatSecret,HEALTH_AND_FITNESS,4.4,229214,10000000,Free,0.0,Everyone,2018-07-31,,Health & Fitness
Eat Fit - Diet and Health Free,HEALTH_AND_FITNESS,4.1,2469,100000,Free,0.0,Everyone,2014-07-23,3.6,Health & Fitness
Calorie Counter - Macros,HEALTH_AND_FITNESS,4.0,3061,100000,Free,0.0,Everyone,2016-08-27,5.5,Health & Fitness
My Diet Diary Calorie Counter,HEALTH_AND_FITNESS,4.1,18539,1000000,Free,0.0,Everyone,2018-07-30,57.0,Health & Fitness
Lark - 24/7 Health Coach,HEALTH_AND_FITNESS,4.1,3405,100000,Free,0.0,Everyone,2018-07-25,51.0,Health & Fitness
Weight Watchers Mobile,HEALTH_AND_FITNESS,4.2,270294,5000000,Free,0.0,Everyone,2018-07-31,58.0,Health & Fitness
Calorie Counter & Diet Tracker,HEALTH_AND_FITNESS,4.5,32606,1000000,Free,0.0,Everyone,2018-03-22,,Health & Fitness
MealLogger-Photo Food Journal,HEALTH_AND_FITNESS,3.5,217,50000,Free,0.0,Teen,2017-08-23,9.4,Health & Fitness
Health and Nutrition Guide,HEALTH_AND_FITNESS,4.3,7895,500000,Free,0.0,Everyone,2018-07-15,3.3,Health & Fitness
Food Calorie Calculator,HEALTH_AND_FITNESS,4.2,1324,100000,Free,0.0,Everyone,2018-01-29,4.0,Health & Fitness
Calorie Counter - MyFitnessPal,HEALTH_AND_FITNESS,4.6,1873523,50000000,Free,0.0,Everyone,2018-07-31,,Health & Fitness
Lose It! - Calorie Counter,HEALTH_AND_FITNESS,4.4,69395,10000000,Free,0.0,Everyone,2018-08-03,,Health & Fitness
Self Healing,HEALTH_AND_FITNESS,4.5,14394,500000,Free,0.0,Everyone,2017-07-16,9.9,Health & Fitness
Relax Meditation: Sleep with Sleep Sounds,HEALTH_AND_FITNESS,4.4,26540,1000000,Free,0.0,Everyone,2017-02-09,43.0,Health & Fitness
Happify,HEALTH_AND_FITNESS,3.7,1812,100000,Free,0.0,Everyone,2018-07-24,37.0,Health & Fitness
Binaural Beats Therapy,HEALTH_AND_FITNESS,4.3,13724,1000000,Free,0.0,Everyone,2017-08-17,,Health & Fitness
Pacifica - Stress & Anxiety,HEALTH_AND_FITNESS,4.5,10253,500000,Free,0.0,Teen,2018-07-09,,Health & Fitness
Relaxing Sounds,HEALTH_AND_FITNESS,4.6,4642,100000,Free,0.0,Everyone,2017-03-11,40.0,Health & Fitness
White Sound Pro,HEALTH_AND_FITNESS,4.7,16570,500000,Free,0.0,Everyone,2018-07-29,73.0,Health & Fitness
"Meditation Music - Relax, Yoga",HEALTH_AND_FITNESS,4.6,48226,1000000,Free,0.0,Everyone,2018-03-05,28.0,Health & Fitness
Insight Timer - Free Meditation App,HEALTH_AND_FITNESS,4.6,20161,1000000,Free,0.0,Everyone,2018-08-01,,Health & Fitness
Self-help Anxiety Management,HEALTH_AND_FITNESS,4.0,2894,500000,Free,0.0,Everyone 10+,2017-02-22,23.0,Health & Fitness
Brain Waves - Binaural Beats,HEALTH_AND_FITNESS,4.4,5038,500000,Free,0.0,Everyone,2018-07-15,10.0,Health & Fitness
21-Day Meditation Experience,HEALTH_AND_FITNESS,4.4,11506,100000,Free,0.0,Everyone,2018-08-02,15.0,Health & Fitness
Prana Breath: Calm & Meditate,HEALTH_AND_FITNESS,4.8,31665,1000000,Free,0.0,Everyone,2018-07-19,8.4,Health & Fitness
"Fabulous: Motivate Me! Meditate, Relax, Sleep",HEALTH_AND_FITNESS,4.6,205299,5000000,Free,0.0,Everyone,2018-07-16,31.0,Health & Fitness
7 Cups: Anxiety & Stress Chat,HEALTH_AND_FITNESS,4.2,13799,500000,Free,0.0,Teen,2018-07-31,,Health & Fitness
"Calm - Meditate, Sleep, Relax",HEALTH_AND_FITNESS,4.6,111455,5000000,Free,0.0,Everyone,2018-08-05,,Health & Fitness
Runtastic Sleep Better: Sleep Cycle & Smart Alarm,HEALTH_AND_FITNESS,4.1,111462,5000000,Free,0.0,Everyone,2018-07-25,,Health & Fitness
White Noise Lite,HEALTH_AND_FITNESS,4.4,57634,1000000,Free,0.0,Everyone,2018-06-25,41.0,Health & Fitness
Relax Melodies: Sleep Sounds,HEALTH_AND_FITNESS,4.5,233243,5000000,Free,0.0,Everyone,2018-07-23,,Health & Fitness
"Stop, Breathe & Think: Meditation & Mindfulness",HEALTH_AND_FITNESS,4.3,8576,1000000,Free,0.0,Everyone,2018-07-28,,Health & Fitness
Simple Habit Meditation,HEALTH_AND_FITNESS,4.7,11689,500000,Free,0.0,Everyone,2018-07-27,20.0,Health & Fitness
Headspace: Meditation & Mindfulness,HEALTH_AND_FITNESS,4.6,77563,10000000,Free,0.0,Everyone,2018-07-23,39.0,Health & Fitness
Daily Yoga - Yoga Fitness Plans,HEALTH_AND_FITNESS,4.4,70769,5000000,Free,0.0,Everyone,2018-07-24,35.0,Health & Fitness
Zillow: Find Houses for Sale & Apartments for Rent,HOUSE_AND_HOME,4.5,417907,10000000,Free,0.0,Everyone,2018-08-01,34.0,House & Home
"Viva Decora - Decoration, Photos, Architecture, House",HOUSE_AND_HOME,4.8,3167,100000,Free,0.0,Everyone,2018-08-03,7.5,House & Home
Apartments & Rentals - Zillow,HOUSE_AND_HOME,4.2,27386,1000000,Free,0.0,Everyone,2018-06-21,,House & Home
Realtor.com Real Estate: Homes for Sale and Rent,HOUSE_AND_HOME,4.5,162243,10000000,Free,0.0,Everyone,2018-07-26,12.0,House & Home
Real Estate sale & rent Trovit,HOUSE_AND_HOME,4.1,65913,5000000,Free,0.0,Everyone,2018-07-16,7.7,House & Home
"591 housing transactions - renting houses, middle-class houses, new cases, real-time registration, villas through the sky, apartment suites, MRT, buying a house selling prices, housing mortgages",HOUSE_AND_HOME,4.1,24977,1000000,Free,0.0,Everyone,2018-08-01,21.0,House & Home
"Homes.com 🏠 For Sale, Rent",HOUSE_AND_HOME,4.0,6000,1000000,Free,0.0,Everyone,2018-07-28,18.0,House & Home
"CYANOGEN. Rent, buy an apartment, a room, a cottage 3+",HOUSE_AND_HOME,4.3,37711,1000000,Free,0.0,Everyone,2018-07-31,40.0,House & Home
Trulia Real Estate & Rentals,HOUSE_AND_HOME,4.5,175293,10000000,Free,0.0,Everyone,2018-07-24,,House & Home
Houzz Interior Design Ideas,HOUSE_AND_HOME,4.6,353799,10000000,Free,0.0,Everyone,2018-08-01,,House & Home
Good room network fast rent,HOUSE_AND_HOME,3.7,2758,500000,Free,0.0,Everyone,2018-06-25,8.6,House & Home
Yongqing fast search,HOUSE_AND_HOME,3.7,1437,100000,Free,0.0,Everyone,2018-08-02,,House & Home
LIFULL HOME'S,HOUSE_AND_HOME,4.2,7573,1000000,Free,0.0,Everyone,2018-07-25,18.0,House & Home
"Apartment List: Housing, Apt, and Property Rentals",HOUSE_AND_HOME,4.5,8481,1000000,Free,0.0,Everyone,2018-08-03,7.5,House & Home
Gold Butterfly Keyboard Theme,HOUSE_AND_HOME,4.3,10054,1000000,Free,0.0,Everyone,2018-07-12,9.1,House & Home
"Apartment, Home Rental Search: Realtor.com Rentals",HOUSE_AND_HOME,3.9,10117,1000000,Free,0.0,Everyone,2018-06-29,13.0,House & Home
Living Smart Home,HOUSE_AND_HOME,4.6,39189,1000000,Free,0.0,Everyone,2018-07-30,,House & Home
591 Housing Trading - Hong Kong,HOUSE_AND_HOME,4.3,3522,100000,Free,0.0,Everyone,2018-08-02,15.0,House & Home
Trulia Rent Apartments & Homes,HOUSE_AND_HOME,4.4,71419,5000000,Free,0.0,Everyone,2018-07-24,,House & Home
Redfin Real Estate,HOUSE_AND_HOME,4.6,36857,1000000,Free,0.0,Everyone,2018-07-25,19.0,House & Home
"Domofond Real Estate. Buy, rent an apartment.",HOUSE_AND_HOME,4.5,39123,1000000,Free,0.0,Everyone,2018-08-03,,House & Home
"realestate.com.au - Buy, Rent & Sell Property",HOUSE_AND_HOME,3.8,14653,1000000,Free,0.0,Everyone,2018-07-16,,House & Home
DaBang - Rental Homes in Korea,HOUSE_AND_HOME,4.4,23013,5000000,Free,0.0,Everyone,2018-07-17,26.0,House & Home
DIY On A Budget,HOUSE_AND_HOME,4.7,114,10000,Free,0.0,Teen,2018-02-18,8.3,House & Home
Free Foreclosure Real Estate Search by USHUD.com,HOUSE_AND_HOME,3.4,287,100000,Free,0.0,Everyone,2018-05-29,27.0,House & Home
Mortgage by Zillow: Calculator & Rates,HOUSE_AND_HOME,4.3,4435,500000,Free,0.0,Everyone,2016-03-02,7.9,House & Home
Home Security Camera WardenCam - reuse old phones,HOUSE_AND_HOME,4.3,43800,1000000,Free,0.0,Everyone,2018-07-06,,House & Home
Room planner: Interior & Floorplan Design for IKEA,HOUSE_AND_HOME,4.0,4281,100000,Free,0.0,Everyone,2018-08-05,27.0,House & Home
Rent.com Apartment Homes,HOUSE_AND_HOME,4.0,7508,1000000,Free,0.0,Everyone,2018-07-09,5.1,House & Home
Good house to buy a house,HOUSE_AND_HOME,3.8,491,100000,Free,0.0,Everyone,2018-07-25,15.0,House & Home
Apartments.com Rental Search,HOUSE_AND_HOME,4.3,22584,1000000,Free,0.0,Everyone,2018-07-16,16.0,House & Home
Hemnet,HOUSE_AND_HOME,3.6,4087,500000,Free,0.0,Everyone,2018-07-16,9.2,House & Home
At home - rental · real estate · room finding application such as apartment · apartment,HOUSE_AND_HOME,3.8,2496,500000,Free,0.0,Everyone,2018-07-05,,House & Home
Alfred Home Security Camera,HOUSE_AND_HOME,4.5,103305,5000000,Free,0.0,Everyone,2018-07-31,,House & Home
House app: beautiful everyday ~,HOUSE_AND_HOME,4.6,2669,500000,Free,0.0,Teen,2018-08-03,10.0,House & Home
"N1.RU - Real estate: apartments, new buildings, lodging",HOUSE_AND_HOME,4.5,7619,100000,Free,0.0,Everyone,2018-07-12,13.0,House & Home
Ruler,HOUSE_AND_HOME,4.7,126,10000,Free,0.0,Everyone,2017-08-21,1.9,House & Home
Home Decor Showpiece Art making: Medium Difficulty,HOUSE_AND_HOME,4.3,273,50000,Free,0.0,Everyone,2018-05-30,7.0,House & Home
"乐屋网: Buying a house, selling a house, renting a house",HOUSE_AND_HOME,3.7,2248,100000,Free,0.0,Everyone,2018-08-03,15.0,House & Home
iProperty Malaysia,HOUSE_AND_HOME,4.2,809,100000,Free,0.0,Everyone,2018-07-25,7.8,House & Home
ColorSnap® Visualizer,HOUSE_AND_HOME,3.4,3280,1000000,Free,0.0,Everyone,2018-06-29,77.0,House & Home
Apartment Decorating Ideas,HOUSE_AND_HOME,3.9,1478,100000,Free,0.0,Everyone,2015-03-13,5.7,House & Home
Bedroom Decorating Ideas,HOUSE_AND_HOME,4.0,2382,500000,Free,0.0,Everyone,2015-04-07,5.9,House & Home
Room Painting Ideas,HOUSE_AND_HOME,4.0,4450,1000000,Free,0.0,Everyone,2015-03-17,7.6,House & Home
Kitchen Island Ideas,HOUSE_AND_HOME,4.0,515,50000,Free,0.0,Everyone,2015-05-30,5.8,House & Home
Houzz Interior Design Ideas,HOUSE_AND_HOME,4.6,353800,10000000,Free,0.0,Everyone,2018-08-01,,House & Home
Living Room Decorating Ideas,HOUSE_AND_HOME,4.0,4465,1000000,Free,0.0,Everyone,2015-03-06,5.8,House & Home
Bathroom Decorating Ideas,HOUSE_AND_HOME,4.1,2427,500000,Free,0.0,Everyone,2015-03-12,5.3,House & Home
Wall Decorating Ideas,HOUSE_AND_HOME,3.9,6631,1000000,Free,0.0,Everyone,2015-03-11,5.5,House & Home
Zumper - Apartment Rental Finder,HOUSE_AND_HOME,4.4,11200,1000000,Free,0.0,Everyone,2018-07-16,25.0,House & Home
RadPad: Apartment Finder App,HOUSE_AND_HOME,4.4,6896,500000,Free,0.0,Everyone,2017-08-30,35.0,House & Home
Mortgage by Zillow: Calculator & Rates,HOUSE_AND_HOME,4.3,4435,500000,Free,0.0,Everyone,2016-03-02,7.9,House & Home
Redfin Real Estate,HOUSE_AND_HOME,4.6,36857,1000000,Free,0.0,Everyone,2018-07-25,19.0,House & Home
"Apartment List: Housing, Apt, and Property Rentals",HOUSE_AND_HOME,4.5,8481,1000000,Free,0.0,Everyone,2018-08-03,7.5,House & Home
Realtor.com Real Estate: Homes for Sale and Rent,HOUSE_AND_HOME,4.5,162243,10000000,Free,0.0,Everyone,2018-07-26,12.0,House & Home
Trulia Real Estate & Rentals,HOUSE_AND_HOME,4.5,175293,10000000,Free,0.0,Everyone,2018-07-24,,House & Home
Zillow: Find Houses for Sale & Apartments for Rent,HOUSE_AND_HOME,4.5,417907,10000000,Free,0.0,Everyone,2018-08-01,34.0,House & Home
Homesnap Real Estate & Rentals,HOUSE_AND_HOME,4.3,3834,500000,Free,0.0,Everyone,2018-07-31,30.0,House & Home
Apartments & Rentals - Zillow,HOUSE_AND_HOME,4.2,27387,1000000,Free,0.0,Everyone,2018-06-21,,House & Home
Trulia Rent Apartments & Homes,HOUSE_AND_HOME,4.4,71421,5000000,Free,0.0,Everyone,2018-07-24,,House & Home
Apartments.com Rental Search,HOUSE_AND_HOME,4.3,22584,1000000,Free,0.0,Everyone,2018-07-16,16.0,House & Home
Houzz Interior Design Ideas,HOUSE_AND_HOME,4.6,353813,10000000,Free,0.0,Everyone,2018-08-01,,House & Home
Trulia Mortgage Calculators,HOUSE_AND_HOME,4.1,81,50000,Free,0.0,Everyone,2018-02-16,16.0,House & Home
Public Digital Library,LIBRARIES_AND_DEMO,3.9,2087,50000,Free,0.0,Everyone,2018-07-30,,Libraries & Demo
Quotes,LIBRARIES_AND_DEMO,4.4,58,10000,Free,0.0,Everyone,2018-07-06,15.0,Libraries & Demo
Best New Ringtones 2018 Free 🔥 For Android™,LIBRARIES_AND_DEMO,4.6,3014,100000,Free,0.0,Everyone,2018-06-27,21.0,Libraries & Demo
SUDOKU,LIBRARIES_AND_DEMO,4.1,923,100000,Free,0.0,Everyone,2015-10-15,4.3,Libraries & Demo
Aviary Effects: Classic,LIBRARIES_AND_DEMO,3.8,67007,5000000,Free,0.0,Everyone,2013-03-06,0.2265625,Libraries & Demo
Chakra Cleansing,LIBRARIES_AND_DEMO,4.6,539,50000,Free,0.0,Everyone,2018-08-02,99.0,Libraries & Demo
Aviary Stickers: Free Pack,LIBRARIES_AND_DEMO,3.5,126862,10000000,Free,0.0,Everyone,2012-01-17,0.609375,Libraries & Demo
Call Recorder,LIBRARIES_AND_DEMO,4.7,48,1000,Free,0.0,Everyone,2018-05-25,6.9,Libraries & Demo
Pink Water Sakura Keyboard Theme,LIBRARIES_AND_DEMO,4.3,1465,100000,Free,0.0,Everyone,2018-07-09,7.0,Libraries & Demo
auto Call Recorder 2018,LIBRARIES_AND_DEMO,4.5,929,50000,Free,0.0,Everyone,2018-02-16,7.0,Libraries & Demo
converter video to mp3,LIBRARIES_AND_DEMO,4.4,783,100000,Free,0.0,Everyone,2017-06-10,6.4,Libraries & Demo
eBiblio,LIBRARIES_AND_DEMO,3.4,2907,50000,Free,0.0,Everyone,2018-06-22,,Libraries & Demo
chicken song,LIBRARIES_AND_DEMO,4.3,434,100000,Free,0.0,Everyone,2018-06-06,16.0,Libraries & Demo
Binaural Beats Meditation,LIBRARIES_AND_DEMO,4.3,411,50000,Free,0.0,Everyone,2018-06-08,95.0,Libraries & Demo
Essential Resources,LIBRARIES_AND_DEMO,4.6,237,50000,Free,0.0,Everyone,2017-09-27,0.00830078125,Libraries & Demo
MOMOLAND BBoom BBoom,LIBRARIES_AND_DEMO,4.6,2580,100000,Free,0.0,Everyone,2018-03-08,20.0,Libraries & Demo
Cardboard,LIBRARIES_AND_DEMO,4.2,130272,10000000,Free,0.0,Everyone,2016-03-14,50.0,Libraries & Demo
Bird Sounds & Bird Ringtones for Free 2018,LIBRARIES_AND_DEMO,4.6,130,10000,Free,0.0,Everyone,2018-02-23,12.0,Libraries & Demo
Top Popular Ringtones 2018 Free 🔥,LIBRARIES_AND_DEMO,4.4,7396,500000,Free,0.0,Everyone,2018-07-06,22.0,Libraries & Demo
Wifi Connect Library,LIBRARIES_AND_DEMO,3.9,58055,5000000,Free,0.0,Everyone,2016-11-07,0.0400390625,Libraries & Demo
Super Funny Ringtones 2018 🔔,LIBRARIES_AND_DEMO,4.5,1703,100000,Free,0.0,Everyone,2018-03-01,22.0,Libraries & Demo
Apk Installer,LIBRARIES_AND_DEMO,3.8,7750,1000000,Free,0.0,Everyone,2011-06-29,0.28515625,Libraries & Demo
SAMSUNG RETAILMODE 2018,LIBRARIES_AND_DEMO,4.3,6,10000,Free,0.0,Everyone,2018-08-03,5.5,Libraries & Demo
OpenCV Manager,LIBRARIES_AND_DEMO,3.7,12657,1000000,Free,0.0,Everyone,2015-09-21,,Libraries & Demo
Eternal life,LIBRARIES_AND_DEMO,5.0,26,1000,Free,0.0,Everyone,2018-05-24,2.5,Libraries & Demo
V380s,LIBRARIES_AND_DEMO,3.2,1919,500000,Free,0.0,Everyone,2018-07-11,8.1,Libraries & Demo
Cool Popular Ringtones 2018 🔥,LIBRARIES_AND_DEMO,4.5,60170,1000000,Free,0.0,Everyone,2018-07-13,28.0,Libraries & Demo
Blackpink as if it's your last,LIBRARIES_AND_DEMO,4.7,831,100000,Free,0.0,Everyone,2018-02-20,24.0,Libraries & Demo
Wifi Test,LIBRARIES_AND_DEMO,4.0,8671,1000000,Free,0.0,Everyone,2018-07-03,3.1,Libraries & Demo
Market Update Helper,LIBRARIES_AND_DEMO,4.1,20145,1000000,Free,0.0,Everyone,2013-02-12,0.0107421875,Libraries & Demo
Ayyush wih wih new without Net,LIBRARIES_AND_DEMO,3.8,912,500000,Free,0.0,Everyone,2018-01-09,13.0,Libraries & Demo
Girls Nancy Ajram Without Net,LIBRARIES_AND_DEMO,4.7,2639,500000,Free,0.0,Everyone,2017-12-11,19.0,Libraries & Demo
R M Lock Screen,LIBRARIES_AND_DEMO,4.5,399,100000,Free,0.0,Everyone,2018-05-22,9.5,Libraries & Demo
Barcode Scanner,LIBRARIES_AND_DEMO,4.2,3945,500000,Free,0.0,Everyone,2018-01-09,9.4,Libraries & Demo
New Ringtones 2018,LIBRARIES_AND_DEMO,4.1,3781,1000000,Free,0.0,Everyone,2018-04-15,36.0,Libraries & Demo
EyeCloud,LIBRARIES_AND_DEMO,3.1,1267,100000,Free,0.0,Everyone,2018-08-02,55.0,Libraries & Demo
Dollhouse Decorating Games,LIFESTYLE,4.1,18968,5000000,Free,0.0,Teen,2018-04-26,32.0,Lifestyle
metroZONE,LIFESTYLE,4.1,47497,10000000,Free,0.0,Everyone,2018-06-08,34.0,Lifestyle
Easy Hair Style Design,LIFESTYLE,4.3,601,100000,Free,0.0,Everyone,2017-12-20,5.1,Lifestyle
Talking Babsy Baby: Baby Games,LIFESTYLE,4.0,140995,10000000,Free,0.0,Everyone,2018-07-16,100.0,Lifestyle
"Black Wallpaper, AMOLED, Dark Background: Darkify",LIFESTYLE,4.6,51357,5000000,Free,0.0,Everyone,2018-07-31,80.0,Lifestyle
Girly Wallpapers Backgrounds,LIFESTYLE,4.4,13565,1000000,Free,0.0,Everyone,2018-08-05,3.3,Lifestyle
Chart - Myanmar Keyboard,LIFESTYLE,4.4,39364,5000000,Free,0.0,Everyone,2018-07-17,28.0,Lifestyle
Easy Makeup Tutorials,LIFESTYLE,4.3,7287,1000000,Free,0.0,Everyone,2016-11-03,5.0,Lifestyle
Horoscopes – Daily Zodiac Horoscope and Astrology,LIFESTYLE,4.6,161143,10000000,Free,0.0,Everyone 10+,2018-06-25,11.0,Lifestyle
Entel,LIFESTYLE,3.2,16168,1000000,Free,0.0,Everyone,2018-07-26,55.0,Lifestyle
ZenUI Safeguard,LIFESTYLE,4.5,100,1000000,Free,0.0,Everyone,2018-05-09,7.1,Lifestyle
Live 4D Results ! (MY & SG),LIFESTYLE,4.6,116079,5000000,Free,0.0,Everyone,2018-05-20,3.2,Lifestyle
Diary with lock,LIFESTYLE,4.6,815893,10000000,Free,0.0,Everyone,2018-06-30,4.4,Lifestyle
FOSSIL Q: DESIGN YOUR DIAL,LIFESTYLE,4.3,985,500000,Free,0.0,Everyone,2018-05-31,16.0,Lifestyle
Telstra,LIFESTYLE,3.0,4260,5000000,Free,0.0,Everyone,2017-08-08,6.3,Lifestyle
Family Locator - GPS Tracker,LIFESTYLE,4.4,726074,10000000,Free,0.0,Everyone,2018-08-02,45.0,Lifestyle
Van Nien 2018 - Lich Van su & Lich Am,LIFESTYLE,4.4,3829,1000000,Free,0.0,Everyone,2018-06-01,23.0,Lifestyle
Safeway,LIFESTYLE,4.3,33572,1000000,Free,0.0,Everyone,2018-08-02,37.0,Lifestyle
HTC Speak,LIFESTYLE,3.5,6145,10000000,Free,0.0,Everyone,2016-06-30,13.0,Lifestyle
Kawaii Easy Drawing : How to draw Step by Step,LIFESTYLE,4.3,34327,5000000,Free,0.0,Everyone,2018-07-17,8.1,Lifestyle
Tattoodo - Find your next tattoo,LIFESTYLE,4.5,7457,1000000,Free,0.0,Teen,2018-08-03,13.0,Lifestyle
H&M,LIFESTYLE,3.7,41941,10000000,Free,0.0,Everyone,2018-07-30,14.0,Lifestyle
Samsung+,LIFESTYLE,4.5,82145,50000000,Free,0.0,Everyone,2018-07-05,30.0,Lifestyle
Anime Avatar Creator: Make Your Own Avatar,LIFESTYLE,4.2,10944,1000000,Free,0.0,Everyone,2018-06-15,36.0,Lifestyle
Beautiful Design Birthday Cake,LIFESTYLE,4.3,665,500000,Free,0.0,Everyone,2018-08-04,3.0,Lifestyle
Pronunciation and know the name of the caller from his number,LIFESTYLE,4.6,2167,500000,Free,0.0,Everyone,2018-01-07,1.4,Lifestyle
Super Slime Simulator - Satisfying Slime App,LIFESTYLE,4.5,53652,1000000,Free,0.0,Everyone,2018-08-05,39.0,Lifestyle
Caf - My Account,LIFESTYLE,3.9,18961,5000000,Free,0.0,Everyone,2015-09-24,1.8,Lifestyle
H Pack,LIFESTYLE,4.3,9412,1000000,Free,0.0,Everyone,2016-12-17,1.7,Lifestyle
Family convenience store FamilyMart,LIFESTYLE,3.3,9663,1000000,Free,0.0,Everyone,2018-07-16,19.0,Lifestyle
သိင်္ Astrology - Min Thein Kha BayDin,LIFESTYLE,4.7,2225,100000,Free,0.0,Everyone,2018-07-26,15.0,Lifestyle
w UN map,LIFESTYLE,4.2,23164,1000000,Free,0.0,Mature 17+,2018-07-24,10.0,Lifestyle
Official Matsumoto Kiyoshi application,LIFESTYLE,3.2,3031,1000000,Free,0.0,Everyone,2018-07-03,2.7,Lifestyle
Galaxy Gift,LIFESTYLE,4.4,95557,10000000,Free,0.0,Everyone,2018-07-23,16.0,Lifestyle
PASS by KT (formerly KT certified),LIFESTYLE,3.5,7869,1000000,Free,0.0,Everyone,2018-08-01,21.0,Lifestyle
Safety stepping stone,LIFESTYLE,3.7,4212,1000000,Free,0.0,Everyone,2018-07-25,20.0,Lifestyle
Rate Guide Bill Letter,LIFESTYLE,3.8,17368,10000000,Free,0.0,Everyone,2018-06-27,14.0,Lifestyle
US Mission - buy gourmet movie KTV,LIFESTYLE,3.8,6554,500000,Free,0.0,Teen,2018-06-20,76.0,Lifestyle
OK cashbag [point of pleasure],LIFESTYLE,3.7,33264,10000000,Free,0.0,Everyone,2018-06-15,18.0,Lifestyle
JOANN - Crafts & Coupons,LIFESTYLE,4.6,34782,1000000,Free,0.0,Everyone,2018-06-22,12.0,Lifestyle
MK eCatalog,LIFESTYLE,4.0,6676,1000000,Free,0.0,Everyone,2018-02-21,6.2,Lifestyle
Vaniday - Beauty Booking App,LIFESTYLE,3.6,1067,100000,Free,0.0,Everyone,2018-03-20,,Lifestyle
Fashion in Vogue,LIFESTYLE,3.8,1797,100000,Free,0.0,Everyone,2016-09-27,6.8,Lifestyle
Mirror,LIFESTYLE,4.1,367505,10000000,Free,0.0,Everyone,2018-07-25,,Lifestyle
StyleSeat,LIFESTYLE,4.7,20304,500000,Free,0.0,Everyone,2018-07-31,24.0,Lifestyle
Wedding Countdown Widget,LIFESTYLE,3.9,7376,1000000,Free,0.0,Everyone,2018-01-11,19.0,Lifestyle
My Day - Countdown Calendar 🗓️,LIFESTYLE,4.1,49147,1000000,Free,0.0,Everyone,2018-05-07,13.0,Lifestyle
justWink Greeting Cards,LIFESTYLE,4.6,69177,1000000,Free,0.0,Teen,2017-08-02,15.0,Lifestyle
Wedding LookBook by The Knot,LIFESTYLE,4.2,3448,100000,Free,0.0,Everyone,2018-07-09,13.0,Lifestyle
Vaniday - Beauty Booking App,LIFESTYLE,3.6,1067,100000,Free,0.0,Everyone,2018-03-20,,Lifestyle
Big Days - Events Countdown,LIFESTYLE,4.6,39724,1000000,Free,0.0,Everyone,2018-06-29,,Lifestyle
"Wedding Planner by WeddingWire - Venues, Checklist",LIFESTYLE,4.2,3788,1000000,Free,0.0,Everyone,2018-07-24,44.0,Lifestyle
Been Together (Ad) - D-day,LIFESTYLE,4.4,95736,10000000,Free,0.0,Everyone,2018-07-30,,Lifestyle
WedMeGood - Wedding Planner,LIFESTYLE,4.6,1658,100000,Free,0.0,Everyone,2018-07-31,9.7,Lifestyle
StyleSeat,LIFESTYLE,4.7,20304,500000,Free,0.0,Everyone,2018-07-31,24.0,Lifestyle
DIY Garden Ideas,LIFESTYLE,4.1,3309,500000,Free,0.0,Everyone,2018-08-05,13.0,Lifestyle
Brit + Co,LIFESTYLE,3.9,987,10000,Free,0.0,Everyone,2017-08-29,4.5,Lifestyle
Creative Ideas - DIY & Craft,LIFESTYLE,4.0,5208,100000,Free,0.0,Teen,2017-11-23,4.5,Lifestyle
Homestyler Interior Design & Decorating Ideas,LIFESTYLE,4.1,78298,5000000,Free,0.0,Everyone,2018-08-02,29.0,Lifestyle
JOANN - Crafts & Coupons,LIFESTYLE,4.6,34802,1000000,Free,0.0,Everyone,2018-06-22,12.0,Lifestyle
Wheretoget: Shop in style,LIFESTYLE,4.1,6808,500000,Free,0.0,Teen,2017-06-05,12.0,Lifestyle
My Dressing - Fashion closet,LIFESTYLE,4.1,12452,500000,Free,0.0,Everyone,2017-01-26,,Lifestyle
Chictopia,LIFESTYLE,4.1,360,10000,Free,0.0,Everyone,2014-04-30,4.6,Lifestyle
Scarf Fashion Designer,LIFESTYLE,4.4,16637,1000000,Free,0.0,Everyone,2017-06-18,10.0,Lifestyle
Fashion in Vogue,LIFESTYLE,3.8,1797,100000,Free,0.0,Everyone,2016-09-27,6.8,Lifestyle
Zara,LIFESTYLE,4.3,95904,10000000,Free,0.0,Everyone,2018-07-30,33.0,Lifestyle
Wheretoget: Shop in style,LIFESTYLE,4.1,6808,500000,Free,0.0,Teen,2017-06-05,12.0,Lifestyle
My Dressing - Fashion closet,LIFESTYLE,4.1,12452,500000,Free,0.0,Everyone,2017-01-26,,Lifestyle
Chictopia,LIFESTYLE,4.1,360,10000,Free,0.0,Everyone,2014-04-30,4.6,Lifestyle
Scarf Fashion Designer,LIFESTYLE,4.4,16637,1000000,Free,0.0,Everyone,2017-06-18,10.0,Lifestyle
Fashion in Vogue,LIFESTYLE,3.8,1797,100000,Free,0.0,Everyone,2016-09-27,6.8,Lifestyle
Zara,LIFESTYLE,4.3,95905,10000000,Free,0.0,Everyone,2018-07-30,33.0,Lifestyle
Real Estate by Movoto,LIFESTYLE,4.4,3114,100000,Free,0.0,Everyone,2018-02-20,13.0,Lifestyle
Etta Homes,LIFESTYLE,4.2,220,50000,Free,0.0,Everyone,2018-07-26,15.0,Lifestyle
Houlihan Lawrence,LIFESTYLE,4.4,33,5000,Free,0.0,Everyone,2017-10-12,23.0,Lifestyle
Home Scouting® MLS Mobile,LIFESTYLE,4.3,1533,100000,Free,0.0,Everyone,2016-09-27,7.7,Lifestyle
Housing-Real Estate & Property,LIFESTYLE,4.1,28301,1000000,Free,0.0,Everyone,2018-07-13,,Lifestyle
ZipRealty Real Estate & Homes,LIFESTYLE,4.0,3937,100000,Free,0.0,Everyone,2018-07-27,15.0,Lifestyle
Sotheby's International Realty,LIFESTYLE,4.2,894,50000,Free,0.0,Everyone,2018-04-09,25.0,Lifestyle
Zoopla Property Search UK - Home to buy & rent,LIFESTYLE,4.1,21195,1000000,Free,0.0,Everyone,2018-06-22,,Lifestyle
Neighborhoods & Apartments,LIFESTYLE,3.9,2042,100000,Free,0.0,Everyone,2015-08-28,3.0,Lifestyle
Keller Williams Real Estate,LIFESTYLE,4.4,13213,1000000,Free,0.0,Everyone,2018-03-28,22.0,Lifestyle
Relax Rain ~ Rain Sounds,LIFESTYLE,4.6,118034,5000000,Free,0.0,Everyone,2018-08-02,,Lifestyle
Relax Ocean ~ Nature Sounds,LIFESTYLE,4.5,9464,500000,Free,0.0,Everyone,2017-07-18,,Lifestyle
Bed Time Fan - White Noise Sleep Sounds,LIFESTYLE,4.5,10097,500000,Free,0.0,Everyone,2018-04-26,7.5,Lifestyle
Nature Sounds,LIFESTYLE,4.8,28588,1000000,Free,0.0,Everyone,2018-03-01,24.0,Lifestyle
SleepyTime: Bedtime Calculator,LIFESTYLE,4.4,19621,500000,Free,0.0,Everyone,2016-02-27,,Lifestyle
White Noise Baby,LIFESTYLE,4.5,10544,1000000,Free,0.0,Everyone,2018-06-18,44.0,Lifestyle
White Noise ~ Sleeping Sounds,LIFESTYLE,4.5,4427,100000,Free,0.0,Everyone,2017-06-23,,Lifestyle
"Journey - Diary, Journal",LIFESTYLE,4.6,50338,1000000,Free,0.0,Everyone,2018-07-23,,Lifestyle
7 Day Food Journal Challenge,LIFESTYLE,4.5,3346,100000,Free,0.0,Teen,2017-03-08,14.0,Lifestyle
ROBLOX,GAME,4.5,4447388,100000000,Free,0.0,Everyone 10+,2018-07-31,67.0,Adventure
Subway Surfers,GAME,4.5,27722264,1000000000,Free,0.0,Everyone 10+,2018-07-12,76.0,Arcade
Candy Crush Saga,GAME,4.4,22426677,500000000,Free,0.0,Everyone,2018-07-05,74.0,Casual
Solitaire,GAME,4.7,254258,10000000,Free,0.0,Everyone,2018-08-01,23.0,Card
Bubble Shooter,GAME,4.5,148897,10000000,Free,0.0,Everyone,2018-07-17,46.0,Casual
Hello Kitty Nail Salon,GAME,4.2,369203,50000000,Free,0.0,Everyone,2018-04-17,24.0,Casual
slither.io,GAME,4.4,5234162,100000000,Free,0.0,Everyone,2017-11-14,,Action
Clash Royale,GAME,4.6,23133508,100000000,Free,0.0,Everyone 10+,2018-06-27,97.0,Strategy
Temple Run 2,GAME,4.3,8118609,500000000,Free,0.0,Everyone,2018-07-05,62.0,Action
Pou,GAME,4.3,10485308,500000000,Free,0.0,Everyone,2018-05-25,24.0,Casual
Helix Jump,GAME,4.2,1497361,100000000,Free,0.0,Everyone,2018-04-09,33.0,Action
Block Puzzle,GAME,4.6,59800,5000000,Free,0.0,Everyone,2018-03-06,7.8,Puzzle
Angry Birds Rio,GAME,4.4,2610526,100000000,Free,0.0,Everyone,2018-07-03,46.0,Arcade
Plants vs. Zombies FREE,GAME,4.4,4066989,100000000,Free,0.0,Everyone 10+,2018-07-06,69.0,Strategy
Sonic Dash,GAME,4.5,3778921,100000000,Free,0.0,Everyone,2018-07-26,75.0,Arcade
Candy Crush Soda Saga,GAME,4.4,6198563,100000000,Free,0.0,Everyone,2018-07-10,67.0,Casual
Zombie Hunter King,GAME,4.3,10306,1000000,Free,0.0,Mature 17+,2018-08-01,50.0,Action
Clash of Clans,GAME,4.6,44891723,100000000,Free,0.0,Everyone 10+,2018-07-15,98.0,Strategy
Kick the Buddy,GAME,4.3,1000417,50000000,Free,0.0,Teen,2018-07-05,,Action
Block Puzzle Classic Legend !,GAME,4.2,17039,5000000,Free,0.0,Everyone,2018-04-13,4.9,Puzzle
PAC-MAN,GAME,4.2,685981,100000000,Free,0.0,Everyone,2018-05-15,37.0,Arcade
Super Jim Jump - pixel 3d,GAME,4.5,10393,1000000,Free,0.0,Everyone,2018-07-11,18.0,Arcade
8 Ball Pool,GAME,4.5,14198297,100000000,Free,0.0,Everyone,2018-07-31,52.0,Sports
Magic Tiles 3,GAME,4.5,592068,50000000,Free,0.0,Everyone,2018-08-03,,Music
Bubble Witch 3 Saga,GAME,4.7,1732263,50000000,Free,0.0,Everyone,2018-07-17,78.0,Puzzle
Word Search,GAME,4.7,295241,10000000,Free,0.0,Everyone,2018-06-06,3.9,Word
Granny,GAME,4.5,1135631,50000000,Free,0.0,Teen,2018-05-29,59.0,Arcade
Angry Birds Classic,GAME,4.4,5566669,100000000,Free,0.0,Everyone,2018-05-24,97.0,Arcade
Flow Free,GAME,4.3,1295557,100000000,Free,0.0,Everyone,2018-04-11,11.0,Puzzle
Race the Traffic Moto,GAME,3.8,270687,10000000,Free,0.0,Teen,2018-07-20,38.0,Racing
Fishdom,GAME,4.6,2157930,10000000,Free,0.0,Everyone,2018-07-19,,Puzzle
Galaxy Attack: Alien Shooter,GAME,4.6,506275,10000000,Free,0.0,Everyone,2018-08-01,,Arcade
Zombie Tsunami,GAME,4.4,4920817,100000000,Free,0.0,Everyone 10+,2018-06-15,,Arcade
Bubble Shooter 2,GAME,4.3,23005,5000000,Free,0.0,Everyone,2018-07-25,,Arcade
Barbie™ Fashion Closet,GAME,4.1,68057,10000000,Free,0.0,Everyone,2018-07-30,85.0,Casual
Candy Crush Jelly Saga,GAME,4.3,1300490,50000000,Free,0.0,Everyone,2018-07-20,78.0,Puzzle
Hill Climb Racing,GAME,4.4,8923587,100000000,Free,0.0,Everyone,2018-07-02,63.0,Racing
Gardenscapes,GAME,4.6,4128732,50000000,Free,0.0,Everyone,2018-07-13,,Casual
Marble - Temple Quest,GAME,4.3,42053,10000000,Free,0.0,Everyone,2018-06-21,24.0,Puzzle
Shooting King,GAME,4.4,257724,10000000,Free,0.0,Everyone 10+,2018-05-25,69.0,Sports
Zombie Catchers,GAME,4.7,990491,10000000,Free,0.0,Everyone,2018-05-24,75.0,Action
Minion Rush: Despicable Me Official Game,GAME,4.5,10216538,100000000,Free,0.0,Everyone 10+,2018-07-12,,Casual
Farm Heroes Saga,GAME,4.4,7614130,100000000,Free,0.0,Everyone,2018-07-26,70.0,Casual
Geometry Dash World,GAME,4.6,760628,10000000,Free,0.0,Everyone,2017-12-22,63.0,Arcade
My Talking Angela,GAME,4.5,9881829,100000000,Free,0.0,Everyone,2018-07-03,99.0,Casual
Cut the Rope FULL FREE,GAME,4.4,2123381,100000000,Free,0.0,Everyone,2018-07-05,49.0,Puzzle
Sniper 3D Gun Shooter: Free Shooting Games - FPS,GAME,4.6,7671249,100000000,Free,0.0,Mature 17+,2018-08-02,,Action
Subway Surfers,GAME,4.5,27723193,1000000000,Free,0.0,Everyone 10+,2018-07-12,76.0,Arcade
ROBLOX,GAME,4.5,4447346,100000000,Free,0.0,Everyone 10+,2018-07-31,67.0,Adventure
Pou,GAME,4.3,10485334,500000000,Free,0.0,Everyone,2018-05-25,24.0,Casual
8 Ball Pool,GAME,4.5,14198602,100000000,Free,0.0,Everyone,2018-07-31,52.0,Sports
Clash of Clans,GAME,4.6,44891723,100000000,Free,0.0,Everyone 10+,2018-07-15,98.0,Strategy
Candy Crush Saga,GAME,4.4,22428456,500000000,Free,0.0,Everyone,2018-07-05,74.0,Casual
Plants vs. Zombies FREE,GAME,4.4,4066980,100000000,Free,0.0,Everyone 10+,2018-07-06,69.0,Strategy
Cooking Fever,GAME,4.5,3197865,100000000,Free,0.0,Everyone,2018-07-12,82.0,Arcade
Toon Blast,GAME,4.7,1351068,10000000,Free,0.0,Everyone,2018-07-30,,Puzzle
Score! Hero,GAME,4.6,5418675,100000000,Free,0.0,Everyone,2018-06-13,96.0,Sports
My Talking Angela,GAME,4.5,9881908,100000000,Free,0.0,Everyone,2018-07-03,99.0,Casual
Bubble Shooter,GAME,4.5,148895,10000000,Free,0.0,Everyone,2018-07-17,46.0,Casual
Toy Blast,GAME,4.7,1889250,50000000,Free,0.0,Everyone,2018-07-23,,Puzzle
Miraculous Ladybug & Cat Noir - The Official Game,GAME,4.5,183846,10000000,Free,0.0,Everyone,2018-07-30,99.0,Action
Wordscapes,GAME,4.8,230710,10000000,Free,0.0,Everyone,2018-08-02,87.0,Word
Word Search,GAME,4.7,295305,10000000,Free,0.0,Everyone,2018-06-06,3.9,Word
Candy Crush Soda Saga,GAME,4.4,6198880,100000000,Free,0.0,Everyone,2018-07-10,67.0,Casual
Fishdom,GAME,4.6,2157930,10000000,Free,0.0,Everyone,2018-07-19,,Puzzle
Garena Free Fire,GAME,4.5,5465624,100000000,Free,0.0,Teen,2018-08-03,53.0,Action
Block Puzzle,GAME,4.6,59854,5000000,Free,0.0,Everyone,2018-03-06,7.8,Puzzle
Bowmasters,GAME,4.7,1534466,50000000,Free,0.0,Teen,2018-07-23,,Action
Clash Royale,GAME,4.6,23134775,100000000,Free,0.0,Everyone 10+,2018-06-27,97.0,Strategy
My Talking Tom,GAME,4.5,14891223,500000000,Free,0.0,Everyone,2018-07-19,,Casual
Sniper 3D Gun Shooter: Free Shooting Games - FPS,GAME,4.6,7672495,100000000,Free,0.0,Mature 17+,2018-08-02,,Action
Granny,GAME,4.5,1137271,50000000,Free,0.0,Teen,2018-05-29,59.0,Arcade
Galaxy Attack: Alien Shooter,GAME,4.6,506275,10000000,Free,0.0,Everyone,2018-08-01,,Arcade
Angry Birds Rio,GAME,4.4,2610622,100000000,Free,0.0,Everyone,2018-07-03,46.0,Arcade
Zombie Catchers,GAME,4.7,990586,10000000,Free,0.0,Everyone,2018-05-24,75.0,Action
Zombie Hunter King,GAME,4.3,10354,1000000,Free,0.0,Mature 17+,2018-08-01,50.0,Action
Temple Run 2,GAME,4.3,8118937,500000000,Free,0.0,Everyone,2018-07-05,62.0,Action
Zombie Tsunami,GAME,4.4,4921122,100000000,Free,0.0,Everyone 10+,2018-06-15,,Arcade
Jungle Marble Blast,GAME,4.3,18985,5000000,Free,0.0,Everyone,2018-07-23,23.0,Casual
Rider,GAME,4.5,655067,10000000,Free,0.0,Teen,2017-07-17,72.0,Arcade
Farm Heroes Saga,GAME,4.4,7614271,100000000,Free,0.0,Everyone,2018-07-26,70.0,Casual
Super Jim Jump - pixel 3d,GAME,4.5,10434,1000000,Free,0.0,Everyone,2018-07-11,18.0,Arcade
slither.io,GAME,4.4,5234825,100000000,Free,0.0,Everyone,2017-11-14,,Action
Roll the Ball® - slide puzzle,GAME,4.5,1385093,100000000,Free,0.0,Everyone,2018-08-02,35.0,Puzzle
Talking Tom Gold Run,GAME,4.6,2698348,100000000,Free,0.0,Everyone,2018-07-31,78.0,Action
Pixel Art: Color by Number Game,GAME,4.7,1125017,10000000,Free,0.0,Everyone,2018-07-17,25.0,Puzzle
Dream League Soccer 2018,GAME,4.6,9882639,100000000,Free,0.0,Everyone,2018-07-16,74.0,Sports
Angry Birds Classic,GAME,4.4,5566805,100000000,Free,0.0,Everyone,2018-05-24,97.0,Arcade
Fruits Bomb,GAME,4.4,74673,10000000,Free,0.0,Everyone,2018-07-06,17.0,Casual
Traffic Racer,GAME,4.5,5387639,100000000,Free,0.0,Everyone,2018-02-27,53.0,Racing
Hill Climb Racing 2,GAME,4.6,2750410,100000000,Free,0.0,Everyone,2018-08-02,,Racing
Flow Free,GAME,4.3,1295606,100000000,Free,0.0,Everyone,2018-04-11,11.0,Puzzle
Knife Hit,GAME,4.5,461137,10000000,Free,0.0,Everyone,2018-05-22,60.0,Arcade
Block Craft 3D: Building Simulator Games For Free,GAME,4.5,946926,50000000,Free,0.0,Everyone,2018-03-05,57.0,Simulation
Farm Fruit Pop: Party Time,GAME,4.4,9305,1000000,Free,0.0,Everyone,2018-08-02,14.0,Casual
ROBLOX,GAME,4.5,4448791,100000000,Free,0.0,Everyone 10+,2018-07-31,67.0,Adventure
Helix Jump,GAME,4.2,1498648,100000000,Free,0.0,Everyone,2018-04-09,33.0,Action
Subway Surfers,GAME,4.5,27724094,1000000000,Free,0.0,Everyone 10+,2018-07-12,76.0,Arcade
Candy Crush Saga,GAME,4.4,22428456,500000000,Free,0.0,Everyone,2018-07-05,74.0,Casual
Toon Blast,GAME,4.7,1351089,10000000,Free,0.0,Everyone,2018-07-30,,Puzzle
Love Balls,GAME,4.2,360630,50000000,Free,0.0,Everyone,2018-07-31,40.0,Puzzle
Granny,GAME,4.5,1137267,50000000,Free,0.0,Teen,2018-05-29,59.0,Arcade
8 Ball Pool,GAME,4.5,14200344,100000000,Free,0.0,Everyone,2018-07-31,52.0,Sports
Sniper 3D Gun Shooter: Free Shooting Games - FPS,GAME,4.6,7672495,100000000,Free,0.0,Mature 17+,2018-08-02,,Action
slither.io,GAME,4.4,5234810,100000000,Free,0.0,Everyone,2017-11-14,,Action
Hungry Shark Evolution,GAME,4.5,6074334,100000000,Free,0.0,Teen,2018-07-25,100.0,Arcade
Temple Run 2,GAME,4.3,8118937,500000000,Free,0.0,Everyone,2018-07-05,62.0,Action
Kick the Buddy,GAME,4.3,1000417,50000000,Free,0.0,Teen,2018-07-05,,Action
Magic Tiles 3,GAME,4.5,592282,50000000,Free,0.0,Everyone,2018-08-03,,Music
Bowmasters,GAME,4.7,1535084,50000000,Free,0.0,Teen,2018-07-23,,Action
Piano Tiles 2™,GAME,4.7,8118880,100000000,Free,0.0,Everyone,2018-08-03,,Arcade
Pokémon GO,GAME,4.1,10424925,100000000,Free,0.0,Everyone,2018-07-23,85.0,Adventure
Wordscapes,GAME,4.8,230727,10000000,Free,0.0,Everyone,2018-08-02,87.0,Word
Paint Hit,GAME,4.4,37023,10000000,Free,0.0,Everyone,2018-07-06,33.0,Casual
Snake VS Block,GAME,4.2,422244,50000000,Free,0.0,Teen,2018-04-23,32.0,Arcade
Rolly Vortex,GAME,4.4,98123,10000000,Free,0.0,Teen,2018-05-25,40.0,Arcade
Woody Puzzle,GAME,4.7,21262,1000000,Free,0.0,Everyone,2018-08-03,29.0,Puzzle
Stack Jump,GAME,4.3,118253,10000000,Free,0.0,Teen,2018-05-03,40.0,Arcade
Color by Number – New Coloring Book,GAME,4.7,141529,5000000,Free,0.0,Everyone 10+,2018-08-01,24.0,Board
The Cube,GAME,4.2,70226,5000000,Free,0.0,Everyone,2018-07-25,38.0,Arcade
Extreme Car Driving Simulator,GAME,4.3,2251012,100000000,Free,0.0,Everyone,2018-05-03,52.0,Racing
Bricks n Balls,GAME,4.4,30253,1000000,Free,0.0,Everyone,2018-08-05,,Casual
The Fish Master!,GAME,4.1,15763,1000000,Free,0.0,Everyone,2018-07-17,54.0,Arcade
Color Road,GAME,4.1,84911,10000000,Free,0.0,Everyone,2018-07-19,71.0,Arcade
Draw In,GAME,4.2,46416,10000000,Free,0.0,Everyone,2018-07-23,73.0,Arcade
Block Craft 3D: Building Simulator Games For Free,GAME,4.5,946926,50000000,Free,0.0,Everyone,2018-03-05,57.0,Simulation
PLANK!,GAME,4.7,7196,500000,Free,0.0,Everyone,2018-07-17,38.0,Arcade
Looper!,GAME,4.6,48256,1000000,Free,0.0,Everyone,2018-07-20,62.0,Puzzle
Trivia Crack,GAME,4.5,6427773,100000000,Free,0.0,Everyone,2018-08-03,95.0,Trivia
Will it Crush?,GAME,3.1,25825,5000000,Free,0.0,Everyone,2018-05-22,16.0,Simulation
Tomb of the Mask,GAME,4.1,55380,5000000,Free,0.0,Everyone,2018-07-24,39.0,Action
Baseball Boy!,GAME,3.4,148177,10000000,Free,0.0,Everyone,2018-07-27,78.0,Arcade
PUBG MOBILE,GAME,4.4,3715656,50000000,Free,0.0,Teen,2018-07-24,36.0,Action
Episode - Choose Your Story,GAME,4.3,1841061,50000000,Free,0.0,Teen,2018-07-31,,Simulation
Hello Stars,GAME,4.6,101686,10000000,Free,0.0,Everyone,2018-08-04,31.0,Puzzle
Run Sausage Run!,GAME,4.4,275447,10000000,Free,0.0,Everyone 10+,2018-08-01,,Arcade
Tank Stars,GAME,4.3,174755,10000000,Free,0.0,Everyone 10+,2018-07-11,98.0,Arcade
Castle Clash: Heroes of the Empire US,GAME,4.6,4578476,50000000,Free,0.0,Everyone 10+,2018-07-17,24.0,Strategy
Hole.io,GAME,4.2,145353,10000000,Free,0.0,Teen,2018-07-24,85.0,Arcade
Helix Jump,GAME,4.2,1499373,100000000,Free,0.0,Everyone,2018-04-09,33.0,Action
Mini Golf King - Multiplayer Game,GAME,4.5,531458,5000000,Free,0.0,Everyone,2018-07-20,100.0,Sports
PUBG MOBILE,GAME,4.4,3714270,50000000,Free,0.0,Teen,2018-07-24,36.0,Action
Flip the Gun - Simulator Game,GAME,4.2,195558,10000000,Free,0.0,Everyone,2018-07-26,86.0,Arcade
Mad Skills BMX 2,GAME,4.5,29940,1000000,Free,0.0,Everyone,2018-07-26,80.0,Action
Wordscapes,GAME,4.8,230727,10000000,Free,0.0,Everyone,2018-08-02,87.0,Word
"MMX Hill Dash 2 – Offroad Truck, Car & Bike Racing",GAME,4.4,41975,1000000,Free,0.0,Everyone,2018-07-19,79.0,Racing
Word Link,GAME,4.6,216675,10000000,Free,0.0,Everyone,2018-08-01,30.0,Word
Last Day on Earth: Survival,GAME,4.5,2311785,10000000,Free,0.0,Teen,2018-08-01,87.0,Action
MARVEL Strike Force,GAME,4.3,165888,5000000,Free,0.0,Teen,2018-07-31,91.0,Role Playing
Partymasters - Fun Idle Game,GAME,4.6,541144,10000000,Free,0.0,Teen,2018-07-12,63.0,Arcade
Harry Potter: Hogwarts Mystery,GAME,4.4,1107310,10000000,Free,0.0,Teen,2018-08-01,,Adventure
Offroad Outlaws,GAME,4.4,29168,1000000,Free,0.0,Everyone,2018-05-29,,Racing
Grim Soul: Dark Fantasy Survival,GAME,4.5,189773,5000000,Free,0.0,Teen,2018-07-18,95.0,Role Playing
DRAGON BALL LEGENDS,GAME,4.6,337752,5000000,Free,0.0,Teen,2018-08-03,48.0,Action
Disney Heroes: Battle Mode,GAME,4.6,102107,5000000,Free,0.0,Everyone 10+,2018-07-31,,Strategy
Homescapes,GAME,4.6,3093358,10000000,Free,0.0,Everyone,2018-07-13,,Casual
New YAHTZEE® With Buddies Dice Game,GAME,4.1,42079,5000000,Free,0.0,Everyone,2018-07-05,93.0,Board
Word Crossy - A crossword game,GAME,4.5,240416,5000000,Free,0.0,Everyone,2018-08-01,53.0,Word
MLB TAP SPORTS BASEBALL 2018,GAME,4.6,32506,1000000,Free,0.0,Everyone,2018-06-27,82.0,Sports
Hero Hunters,GAME,4.4,70747,5000000,Free,0.0,Teen,2018-07-31,99.0,Action
Cooking Madness - A Chef's Restaurant Games,GAME,4.7,358817,10000000,Free,0.0,Everyone,2018-07-30,49.0,Arcade
Ice Crush 2018 - A new Puzzle Matching Adventure,GAME,4.6,15403,1000000,Free,0.0,Everyone,2018-08-02,25.0,Casual
TerraGenesis - Space Colony,GAME,4.3,38957,1000000,Free,0.0,Everyone,2018-08-02,,Simulation
Merge Dragons!,GAME,4.5,214777,5000000,Free,0.0,Everyone,2018-07-30,91.0,Puzzle
SHADOWGUN LEGENDS,GAME,4.6,100609,1000000,Free,0.0,Teen,2018-07-16,52.0,Action
RULES OF SURVIVAL,GAME,4.2,1343866,10000000,Free,0.0,Teen,2018-08-01,56.0,Action
Mafia City,GAME,4.5,168717,10000000,Free,0.0,Mature 17+,2018-08-03,56.0,Strategy
"Cash, Inc. Money Clicker Game & Business Adventure",GAME,4.8,549720,10000000,Free,0.0,Everyone,2018-07-19,85.0,Simulation
Dino War: Rise of Beasts,GAME,4.1,18996,1000000,Free,0.0,Teen,2018-08-01,81.0,Strategy
Tokyo Ghoul: Dark War,GAME,4.3,25094,1000000,Free,0.0,Teen,2018-07-06,82.0,Role Playing
Last Shelter: Survival,GAME,4.4,93033,5000000,Free,0.0,Teen,2018-08-04,98.0,Strategy
Guns of Glory,GAME,4.0,120592,10000000,Free,0.0,Everyone 10+,2018-07-31,77.0,Strategy
Lineage 2: Revolution,GAME,4.2,187972,5000000,Free,0.0,Teen,2018-07-11,99.0,Role Playing
Final Fantasy XV: A New Empire,GAME,4.0,484981,10000000,Free,0.0,Everyone 10+,2018-06-15,,Strategy
Girls' Frontline,GAME,4.2,2055,100000,Free,0.0,Teen,2018-05-18,96.0,Strategy
Chapters: Interactive Stories,GAME,4.5,73539,1000000,Free,0.0,Mature 17+,2018-08-02,96.0,Role Playing
Honkai Impact 3rd,GAME,4.7,59017,1000000,Free,0.0,Teen,2018-07-03,82.0,Action
Master of Eternity(MOE),GAME,4.2,5829,100000,Free,0.0,Teen,2018-07-26,70.0,Strategy
The Game of Life,GAME,4.4,18621,100000,Paid,2.99,Everyone,2018-07-04,63.0,Board
Clue,GAME,4.6,19922,100000,Paid,1.99,Everyone 10+,2018-07-30,35.0,Board
The Room: Old Sins,GAME,4.9,21119,100000,Paid,4.99,Everyone,2018-04-18,48.0,Puzzle
The Escapists,GAME,4.4,7412,100000,Paid,4.99,Teen,2018-04-26,84.0,Strategy
Farming Simulator 18,GAME,4.5,18125,100000,Paid,4.99,Everyone,2018-07-09,15.0,Simulation
RollerCoaster Tycoon® Classic,GAME,4.6,10795,100000,Paid,5.99,Everyone,2017-12-21,69.0,Simulation
Call of Duty:Black Ops Zombies,GAME,4.2,13004,100000,Paid,6.99,Teen,2016-12-20,46.0,Action
Star Wars ™: DIRTY,GAME,4.5,38207,100000,Paid,9.99,Teen,2015-10-19,15.0,Role Playing
Monument Valley 2,GAME,4.6,9394,100000,Paid,4.99,Everyone,2017-11-30,33.0,Puzzle
DRAGON BALL LEGENDS,GAME,4.6,337913,5000000,Free,0.0,Teen,2018-08-03,48.0,Action
ROBLOX,GAME,4.5,4449882,100000000,Free,0.0,Everyone 10+,2018-07-31,67.0,Adventure
Candy Crush Saga,GAME,4.4,22429716,500000000,Free,0.0,Everyone,2018-07-05,74.0,Casual
Angry Birds 2,GAME,4.6,3883589,100000000,Free,0.0,Everyone,2018-07-26,57.0,Casual
8 Ball Pool,GAME,4.5,14200550,100000000,Free,0.0,Everyone,2018-07-31,52.0,Sports
Fallout Shelter,GAME,4.6,2719142,10000000,Free,0.0,Teen,2018-06-11,25.0,Simulation
Harry Potter: Hogwarts Mystery,GAME,4.4,1107197,10000000,Free,0.0,Teen,2018-08-01,,Adventure
PUBG MOBILE,GAME,4.4,3716278,50000000,Free,0.0,Teen,2018-07-24,36.0,Action
The Sims™ FreePlay,GAME,4.3,931595,10000000,Free,0.0,Teen,2018-07-16,31.0,Simulation
MARVEL Strike Force,GAME,4.3,165928,5000000,Free,0.0,Teen,2018-07-31,91.0,Role Playing
Best Fiends - Free Puzzle Game,GAME,4.6,1480189,10000000,Free,0.0,Everyone,2018-08-02,,Casual
MARVEL Contest of Champions,GAME,4.3,2468063,50000000,Free,0.0,Teen,2018-07-30,92.0,Action
Jurassic World™ Alive,GAME,4.3,309176,5000000,Free,0.0,Everyone 10+,2018-08-02,70.0,Simulation
Choices: Stories You Play,GAME,4.6,807338,10000000,Free,0.0,Teen,2018-07-30,93.0,Simulation
Solitaire TriPeaks,GAME,4.5,446434,10000000,Free,0.0,Everyone,2018-08-01,52.0,Card
Merge Dragons!,GAME,4.5,214819,5000000,Free,0.0,Everyone,2018-07-30,91.0,Puzzle
The Walking Dead: Road to Survival,GAME,4.2,522466,10000000,Free,0.0,Mature 17+,2018-06-19,37.0,Role Playing
Hustle Castle: Fantasy Kingdom,GAME,4.7,584126,10000000,Free,0.0,Everyone 10+,2018-07-27,64.0,Role Playing
Might & Magic: Elemental Guardians,GAME,4.3,32551,500000,Free,0.0,Mature 17+,2018-07-12,35.0,Role Playing
Game of Thrones: Conquest™,GAME,4.0,90218,1000000,Free,0.0,Teen,2018-08-03,97.0,Strategy
Love Nikki-Dress UP Queen,GAME,4.4,212524,5000000,Free,0.0,Everyone,2018-07-24,93.0,Role Playing
Summoners War,GAME,4.3,2045554,50000000,Free,0.0,Teen,2018-07-30,28.0,Role Playing
FINAL FANTASY BRAVE EXVIUS,GAME,4.6,745684,5000000,Free,0.0,Teen,2018-07-17,83.0,Role Playing
Idle Heroes,GAME,4.7,416540,10000000,Free,0.0,Everyone 10+,2018-05-30,99.0,Role Playing
Fate/Grand Order (English),GAME,4.4,16601,500000,Free,0.0,Teen,2018-07-26,55.0,Role Playing
Honkai Impact 3rd,GAME,4.7,59017,1000000,Free,0.0,Teen,2018-07-03,82.0,Action
Lords Mobile: Battle of the Empires - Strategy RPG,GAME,4.4,3057481,50000000,Free,0.0,Teen,2018-07-26,14.0,Strategy
War and Order,GAME,4.3,224514,5000000,Free,0.0,Teen,2018-07-18,81.0,Strategy
Dungeon Hunter Champions: Epic Online Action RPG,GAME,4.2,26247,1000000,Free,0.0,Teen,2018-07-26,,Role Playing
Candy Crush Saga,GAME,4.4,22430188,500000000,Free,0.0,Everyone,2018-07-05,74.0,Casual
ROBLOX,GAME,4.5,4449910,100000000,Free,0.0,Everyone 10+,2018-07-31,67.0,Adventure
8 Ball Pool,GAME,4.5,14201891,100000000,Free,0.0,Everyone,2018-07-31,52.0,Sports
Subway Surfers,GAME,4.5,27725352,1000000000,Free,0.0,Everyone 10+,2018-07-12,76.0,Arcade
Candy Crush Soda Saga,GAME,4.4,6199095,100000000,Free,0.0,Everyone,2018-07-10,67.0,Casual
Zombie Hunter King,GAME,4.3,10493,1000000,Free,0.0,Mature 17+,2018-08-01,50.0,Action
Bubble Shooter,GAME,4.5,148945,10000000,Free,0.0,Everyone,2018-07-17,46.0,Casual
Toon Blast,GAME,4.7,1351771,10000000,Free,0.0,Everyone,2018-07-30,,Puzzle
Toy Blast,GAME,4.7,1889582,50000000,Free,0.0,Everyone,2018-07-23,,Puzzle
Clash Royale,GAME,4.6,23136735,100000000,Free,0.0,Everyone 10+,2018-06-27,97.0,Strategy
Clash of Clans,GAME,4.6,44893888,100000000,Free,0.0,Everyone 10+,2018-07-15,98.0,Strategy
Farm Heroes Saga,GAME,4.4,7614415,100000000,Free,0.0,Everyone,2018-07-26,70.0,Casual
Plants vs. Zombies FREE,GAME,4.4,4067651,100000000,Free,0.0,Everyone 10+,2018-07-06,69.0,Strategy
Word Search,GAME,4.7,295576,10000000,Free,0.0,Everyone,2018-06-06,3.9,Word
Block Puzzle,GAME,4.6,59907,5000000,Free,0.0,Everyone,2018-03-06,7.8,Puzzle
Super Jim Jump - pixel 3d,GAME,4.5,10460,1000000,Free,0.0,Everyone,2018-07-11,18.0,Arcade
Pou,GAME,4.3,10486018,500000000,Free,0.0,Everyone,2018-05-25,24.0,Casual
Temple Run 2,GAME,4.3,8119151,500000000,Free,0.0,Everyone,2018-07-05,62.0,Action
Flow Free,GAME,4.3,1295625,100000000,Free,0.0,Everyone,2018-04-11,11.0,Puzzle
Homescapes,GAME,4.6,3093932,10000000,Free,0.0,Everyone,2018-07-13,,Casual
Wordscapes,GAME,4.8,230849,10000000,Free,0.0,Everyone,2018-08-02,87.0,Word
My Talking Angela,GAME,4.5,9883367,100000000,Free,0.0,Everyone,2018-07-03,99.0,Casual
slither.io,GAME,4.4,5235294,100000000,Free,0.0,Everyone,2017-11-14,,Action
Cooking Fever,GAME,4.5,3198176,100000000,Free,0.0,Everyone,2018-07-12,82.0,Arcade
Yes day,GAME,4.5,10055521,100000000,Free,0.0,Everyone,2018-06-28,94.0,Casual
Gardenscapes,GAME,4.6,4129665,50000000,Free,0.0,Everyone,2018-07-13,,Casual
Fishdom,GAME,4.6,2158580,10000000,Free,0.0,Everyone,2018-07-19,,Puzzle
Galaxy Attack: Alien Shooter,GAME,4.6,506593,10000000,Free,0.0,Everyone,2018-08-01,,Arcade
Score! Hero,GAME,4.6,5419676,100000000,Free,0.0,Everyone,2018-06-13,96.0,Sports
Zombie Catchers,GAME,4.7,990723,10000000,Free,0.0,Everyone,2018-05-24,75.0,Action
Magic Tiles 3,GAME,4.5,592504,50000000,Free,0.0,Everyone,2018-08-03,,Music
Jewels Star: OZ adventure,GAME,4.5,21892,1000000,Free,0.0,Everyone,2017-12-29,14.0,Puzzle
Granny,GAME,4.5,1138239,50000000,Free,0.0,Teen,2018-05-29,59.0,Arcade
Dream League Soccer 2018,GAME,4.6,9883806,100000000,Free,0.0,Everyone,2018-07-16,74.0,Sports
Sweet Fruit Candy,GAME,4.5,197540,10000000,Free,0.0,Everyone,2018-07-16,29.0,Puzzle
Fruits Bomb,GAME,4.4,74695,10000000,Free,0.0,Everyone,2018-07-06,17.0,Casual
Angry Birds Classic,GAME,4.4,5566889,100000000,Free,0.0,Everyone,2018-05-24,97.0,Arcade
Talking Tom Gold Run,GAME,4.6,2698882,100000000,Free,0.0,Everyone,2018-07-31,78.0,Action
Bowmasters,GAME,4.7,1535973,50000000,Free,0.0,Teen,2018-07-23,,Action
My Talking Tom,GAME,4.5,14892469,500000000,Free,0.0,Everyone,2018-07-19,,Casual
Hill Climb Racing,GAME,4.4,8923818,100000000,Free,0.0,Everyone,2018-07-02,63.0,Racing
Sniper 3D Gun Shooter: Free Shooting Games - FPS,GAME,4.6,7674252,100000000,Free,0.0,Mature 17+,2018-08-02,,Action
Pixel Art: Color by Number Game,GAME,4.7,1125438,10000000,Free,0.0,Everyone,2018-07-17,25.0,Puzzle
Shoot Bubble - Fruit Splash,GAME,4.6,29445,5000000,Free,0.0,Everyone,2018-05-11,29.0,Casual
Rider,GAME,4.5,655145,10000000,Free,0.0,Teen,2017-07-17,72.0,Arcade
Zombie Tsunami,GAME,4.4,4921451,100000000,Free,0.0,Everyone 10+,2018-06-15,,Arcade
Garena Free Fire,GAME,4.5,5476569,100000000,Free,0.0,Teen,2018-08-03,53.0,Action
Doodle Jump,GAME,4.3,1083571,50000000,Free,0.0,Everyone,2018-07-20,,Arcade
Subway Surfers,GAME,4.5,27725352,1000000000,Free,0.0,Everyone 10+,2018-07-12,76.0,Arcade
Helix Jump,GAME,4.2,1500999,100000000,Free,0.0,Everyone,2018-04-09,33.0,Action
Crossy Road,GAME,4.5,4230886,100000000,Free,0.0,Everyone,2018-08-01,60.0,Action
Temple Run 2,GAME,4.3,8119154,500000000,Free,0.0,Everyone,2018-07-05,62.0,Action
slither.io,GAME,4.4,5235294,100000000,Free,0.0,Everyone,2017-11-14,,Action
Bowmasters,GAME,4.7,1535973,50000000,Free,0.0,Teen,2018-07-23,,Action
Talking Tom Gold Run,GAME,4.6,2698889,100000000,Free,0.0,Everyone,2018-07-31,78.0,Action
Zombie Catchers,GAME,4.7,990663,10000000,Free,0.0,Everyone,2018-05-24,75.0,Action
Sniper 3D Gun Shooter: Free Shooting Games - FPS,GAME,4.6,7674252,100000000,Free,0.0,Mature 17+,2018-08-02,,Action
Swamp Attack,GAME,4.4,2119218,50000000,Free,0.0,Everyone 10+,2018-06-29,70.0,Action
Earn to Die 2,GAME,4.6,1327265,50000000,Free,0.0,Teen,2017-04-12,99.0,Racing
Miraculous Ladybug & Cat Noir - The Official Game,GAME,4.5,184210,10000000,Free,0.0,Everyone,2018-07-30,99.0,Action
Kick the Buddy,GAME,4.3,1003269,50000000,Free,0.0,Teen,2018-07-05,,Action
Hungry Shark World,GAME,4.5,1242855,50000000,Free,0.0,Teen,2018-07-18,27.0,Action
Dude Perfect 2,GAME,4.5,401425,10000000,Free,0.0,Everyone,2017-04-12,70.0,Action
Shadow Fight 2,GAME,4.6,10979062,100000000,Free,0.0,Everyone 10+,2018-07-02,88.0,Action
Alto's Adventure,GAME,4.6,515657,10000000,Free,0.0,Everyone,2018-06-05,63.0,Action
DEER HUNTER 2018,GAME,4.3,955656,10000000,Free,0.0,Teen,2018-06-26,82.0,Action
DRAGON BALL LEGENDS,GAME,4.6,337913,5000000,Free,0.0,Teen,2018-08-03,48.0,Action
DEAD TARGET: FPS Zombie Apocalypse Survival Games,GAME,4.5,1468591,50000000,Free,0.0,Mature 17+,2018-07-23,,Action
Cover Fire: offline shooting games for free,GAME,4.7,725897,10000000,Free,0.0,Teen,2018-08-03,31.0,Action
Anger of stick 5 : zombie,GAME,4.5,549039,50000000,Free,0.0,Teen,2018-08-03,23.0,Action
CATS: Crash Arena Turbo Stars,GAME,4.7,1559650,50000000,Free,0.0,Everyone,2018-07-09,,Action
Soul Knight,GAME,4.7,292164,10000000,Free,0.0,Everyone 10+,2018-08-01,59.0,Action
Major Mayhem,GAME,4.6,520962,10000000,Free,0.0,Teen,2017-06-28,39.0,Action
DINO HUNTER: DEADLY SHORES,GAME,4.4,1381820,10000000,Free,0.0,Teen,2017-03-14,54.0,Action
Strawberry Shortcake BerryRush,GAME,4.3,525517,10000000,Free,0.0,Everyone,2017-10-15,48.0,Action
Extreme Match,GAME,4.5,696,100000,Free,0.0,Everyone,2018-07-05,,Action
Power Rangers Dino Charge,GAME,4.3,194969,10000000,Free,0.0,Everyone 10+,2018-01-29,30.0,Action
Zombie Hunter: Post Apocalypse Survival Games,GAME,4.4,327599,10000000,Free,0.0,Teen,2017-07-28,66.0,Action
Agar.io,GAME,4.2,3816799,100000000,Free,0.0,Everyone,2018-07-23,32.0,Action
Zombie Hunter King,GAME,4.3,10538,1000000,Free,0.0,Mature 17+,2018-08-01,50.0,Action
Garena Free Fire,GAME,4.5,5476569,100000000,Free,0.0,Teen,2018-08-03,53.0,Action
Battlelands Royale,GAME,4.4,105620,1000000,Free,0.0,Everyone 10+,2018-07-16,61.0,Action
Once Upon a Tower,GAME,4.7,37139,1000000,Free,0.0,Everyone 10+,2018-01-24,49.0,Action
TEKKEN™,GAME,4.2,147791,5000000,Free,0.0,Teen,2018-07-26,38.0,Action
diep.io,GAME,4.1,347883,10000000,Free,0.0,Everyone,2018-03-16,20.0,Action
Arrow.io,GAME,4.5,343263,10000000,Free,0.0,Everyone 10+,2018-08-06,,Action
BEYBLADE BURST app,GAME,4.5,216849,10000000,Free,0.0,Everyone,2018-07-16,,Action
Dragon Hills,GAME,4.5,354373,10000000,Free,0.0,Everyone 10+,2017-10-12,66.0,Action
Bus Rush: Subway Edition,GAME,4.1,753043,100000000,Free,0.0,Teen,2018-08-01,57.0,Action
DC Super Hero Girls™,GAME,4.3,43055,5000000,Free,0.0,Everyone,2018-06-29,95.0,Action
Tiny Archers,GAME,4.5,80678,5000000,Free,0.0,Mature 17+,2018-05-25,,Action
Metal Soldiers 2,GAME,4.4,153381,10000000,Free,0.0,Teen,2018-06-18,,Action
Runner 3d like,GAME,4.5,559,100000,Free,0.0,Everyone 10+,2018-08-03,32.0,Action
War Robots,GAME,4.6,3073251,50000000,Free,0.0,Everyone 10+,2018-07-25,33.0,Action
Dinosaur Simulator: Dino World,GAME,4.0,26649,5000000,Free,0.0,Teen,2018-08-05,66.0,Action
GUNSHIP BATTLE: Helicopter 3D,GAME,4.3,2151039,50000000,Free,0.0,Teen,2018-08-01,75.0,Action
Quiz: Logo game,GAME,4.5,306764,10000000,Free,0.0,Everyone,2018-08-03,29.0,Trivia
Candy Crush Saga,GAME,4.4,22430188,500000000,Free,0.0,Everyone,2018-07-05,74.0,Casual
Plants vs. Zombies FREE,GAME,4.4,4067651,100000000,Free,0.0,Everyone 10+,2018-07-06,69.0,Strategy
Block Puzzle,GAME,4.6,59907,5000000,Free,0.0,Everyone,2018-03-06,7.8,Puzzle
Helix Jump,GAME,4.2,1500622,100000000,Free,0.0,Everyone,2018-04-09,33.0,Action
8 Ball Pool,GAME,4.5,14201604,100000000,Free,0.0,Everyone,2018-07-31,52.0,Sports
Jewels Legend - Match 3 Puzzle,GAME,4.6,280098,10000000,Free,0.0,Everyone,2018-07-20,50.0,Arcade
Bubble Shooter,GAME,4.5,148990,10000000,Free,0.0,Everyone,2018-07-17,46.0,Casual
Solitaire,GAME,4.7,154264,10000000,Free,0.0,Everyone,2018-06-08,12.0,Card
Bubble Shooter Genies,GAME,4.5,26985,5000000,Free,0.0,Everyone,2018-06-04,41.0,Casual
Blossom Blast Saga,GAME,4.5,1125438,10000000,Free,0.0,Everyone,2018-07-05,63.0,Casual
Traffic Racer,GAME,4.5,5387781,100000000,Free,0.0,Everyone,2018-02-27,53.0,Racing
Hill Climb Racing,GAME,4.4,8923847,100000000,Free,0.0,Everyone,2018-07-02,63.0,Racing
Earn to Die 2,GAME,4.6,1327269,50000000,Free,0.0,Teen,2017-04-12,99.0,Racing
Bubble Shooter 2,GAME,4.3,23043,5000000,Free,0.0,Everyone,2018-07-25,,Arcade
Candy Bomb,GAME,4.4,42145,10000000,Free,0.0,Everyone,2018-07-04,20.0,Casual
Flow Free,GAME,4.3,1295625,100000000,Free,0.0,Everyone,2018-04-11,11.0,Puzzle
Zombie Catchers,GAME,4.7,990796,10000000,Free,0.0,Everyone,2018-05-24,75.0,Action
Gems or jewels ?,GAME,4.7,171448,10000000,Free,0.0,Teen,2018-08-03,13.0,Puzzle
Angry Birds Rio,GAME,4.4,2610680,100000000,Free,0.0,Everyone,2018-07-03,46.0,Arcade
Candy Crush Jelly Saga,GAME,4.3,1300619,50000000,Free,0.0,Everyone,2018-07-20,78.0,Puzzle
Cut the Rope FULL FREE,GAME,4.4,2123793,100000000,Free,0.0,Everyone,2018-07-05,49.0,Puzzle
Jewels Star: OZ adventure,GAME,4.5,21892,1000000,Free,0.0,Everyone,2017-12-29,14.0,Puzzle
Hungry Shark Evolution,GAME,4.5,6074627,100000000,Free,0.0,Teen,2018-07-25,100.0,Arcade
Power Pop Bubbles,GAME,4.4,104303,10000000,Free,0.0,Everyone,2018-08-02,,Arcade
Angry Birds Classic,GAME,4.4,5566908,100000000,Free,0.0,Everyone,2018-05-24,97.0,Arcade
Best Fiends - Free Puzzle Game,GAME,4.6,1480182,10000000,Free,0.0,Everyone,2018-08-02,,Casual
Hill Climb Racing 2,GAME,4.6,2750645,100000000,Free,0.0,Everyone,2018-08-02,,Racing
Jewels classic Prince,GAME,4.4,47644,5000000,Free,0.0,Everyone,2018-06-15,15.0,Puzzle
Fruit Block - Puzzle Legend,GAME,4.6,125647,10000000,Free,0.0,Everyone,2018-07-23,33.0,Casual
Bubble Shooter Space,GAME,4.2,4355,1000000,Free,0.0,Everyone,2017-07-17,,Casual
Swamp Attack,GAME,4.4,2119235,50000000,Free,0.0,Everyone 10+,2018-06-29,70.0,Action
1LINE – One Line with One Touch,GAME,4.6,214878,10000000,Free,0.0,Everyone,2018-08-03,10.0,Board
Stick War: Legacy,GAME,4.6,811040,10000000,Free,0.0,Teen,2018-05-10,77.0,Strategy
Bowmasters,GAME,4.7,1536349,50000000,Free,0.0,Teen,2018-07-23,,Action
Magic Tiles 3,GAME,4.5,592504,50000000,Free,0.0,Everyone,2018-08-03,,Music
Block Puzzle Classic Legend !,GAME,4.2,17044,5000000,Free,0.0,Everyone,2018-04-13,4.9,Puzzle
Marble Woka Woka 2018 - Bubble Shooter Match 3,GAME,4.6,155186,10000000,Free,0.0,Everyone,2018-08-03,,Puzzle
Pixel Art: Color by Number Game,GAME,4.7,1125566,10000000,Free,0.0,Everyone,2018-07-17,25.0,Puzzle
Score! Hero,GAME,4.6,5419676,100000000,Free,0.0,Everyone,2018-06-13,96.0,Sports
Super Jabber Jump 3,GAME,4.3,34494,5000000,Free,0.0,Everyone 10+,2018-07-11,23.0,Arcade
Rush,GAME,4.6,260651,10000000,Free,0.0,Everyone,2018-02-14,51.0,Arcade
Jetpack Joyride,GAME,4.4,4638163,100000000,Free,0.0,Everyone 10+,2018-07-19,96.0,Arcade
Zombie Tsunami,GAME,4.4,4921409,100000000,Free,0.0,Everyone 10+,2018-06-15,,Arcade
DEAD TARGET: FPS Zombie Apocalypse Survival Games,GAME,4.5,1468638,50000000,Free,0.0,Mature 17+,2018-07-23,,Action
Word Search,GAME,4.2,344585,50000000,Free,0.0,Everyone,2018-07-02,,Word
Farm Heroes Saga,GAME,4.4,7614407,100000000,Free,0.0,Everyone,2018-07-26,70.0,Casual
Racing in Car 2,GAME,4.3,234110,50000000,Free,0.0,Everyone,2016-11-22,38.0,Racing
Dog Run - Pet Dog Simulator,GAME,4.7,48615,10000000,Free,0.0,Everyone,2018-05-22,24.0,Simulation
YouTube Kids,FAMILY,4.5,470694,50000000,Free,0.0,Everyone,2018-08-03,,Entertainment
Candy Bomb,FAMILY,4.4,42145,10000000,Free,0.0,Everyone,2018-07-04,20.0,Casual
ROBLOX,FAMILY,4.5,4449910,100000000,Free,0.0,Everyone 10+,2018-07-31,67.0,Adventure
Jewels Crush- Match 3 Puzzle,FAMILY,4.4,14774,1000000,Free,0.0,Everyone,2018-07-23,19.0,Casual
Coloring & Learn,FAMILY,4.4,12753,5000000,Free,0.0,Everyone,2018-07-17,51.0,Educational
Mahjong,FAMILY,4.5,33983,5000000,Free,0.0,Everyone,2018-08-02,22.0,Puzzle
Super ABC! Learning games for kids! Preschool apps,FAMILY,4.6,20267,1000000,Free,0.0,Everyone,2018-07-16,46.0,Educational
Toy Pop Cubes,FAMILY,4.5,5761,1000000,Free,0.0,Everyone,2018-07-04,21.0,Casual
Educational Games 4 Kids,FAMILY,4.3,11618,5000000,Free,0.0,Everyone,2018-04-03,39.0,Educational
Candy Pop Story,FAMILY,4.7,12948,1000000,Free,0.0,Everyone,2018-05-24,23.0,Casual
Solitaire,FAMILY,4.4,685,100000,Free,0.0,Everyone,2018-07-16,26.0,Card
Princess Coloring Book,FAMILY,4.5,9779,5000000,Free,0.0,Everyone,2018-02-25,39.0,Education
Hello Kitty Nail Salon,FAMILY,4.2,369378,50000000,Free,0.0,Everyone,2018-04-17,24.0,Casual
Candy Smash,FAMILY,4.5,11436,1000000,Free,0.0,Everyone,2018-04-17,15.0,Casual
Happy Fruits Bomb - Cube Blast,FAMILY,4.5,2150,500000,Free,0.0,Everyone,2018-02-01,20.0,Casual
Dog Run - Pet Dog Simulator,FAMILY,4.7,48615,10000000,Free,0.0,Everyone,2018-05-22,24.0,Simulation
Princess Adventures Puzzles,FAMILY,4.4,382,500000,Free,0.0,Everyone,2018-08-01,44.0,Education
Kids Educational Game 3 Free,FAMILY,4.3,24936,5000000,Free,0.0,Everyone,2018-05-16,38.0,Educational
Puzzle Kids - Animals Shapes and Jigsaw Puzzles,FAMILY,4.6,1109,1000000,Free,0.0,Everyone,2018-07-18,52.0,Educational
Coloring book moana,FAMILY,3.9,974,500000,Free,0.0,Everyone,2018-01-15,14.0,Art & Design
Baby Panda Care,FAMILY,4.2,108795,10000000,Free,0.0,Everyone,2018-06-15,49.0,Educational
Kids Educational :All in One,FAMILY,4.5,1455,500000,Free,0.0,Everyone,2018-02-01,8.9,Education
Number Counting games for toddler preschool kids,FAMILY,4.3,1024,1000000,Free,0.0,Everyone,2018-05-28,,Educational
Toca Kitchen 2,FAMILY,4.5,1014822,50000000,Free,0.0,Everyone,2017-06-29,56.0,Educational
PJ Masks: Moonlight Heroes,FAMILY,4.4,86961,10000000,Free,0.0,Everyone,2018-06-05,99.0,Casual
Learn To Draw Glow Flower,FAMILY,4.4,7320,1000000,Free,0.0,Everyone,2017-07-07,10.0,Entertainment
"No. Color - Color by Number, Number Coloring",FAMILY,4.8,269194,10000000,Free,0.0,Everyone,2018-08-03,6.9,Entertainment
Bubble Shooter,FAMILY,4.4,59843,5000000,Free,0.0,Everyone,2018-01-09,20.0,Puzzle
Draw.ly - Color by Number Pixel Art Coloring,FAMILY,4.4,18616,1000000,Free,0.0,Everyone,2018-08-05,10.0,Casual
Baby puzzles,FAMILY,4.3,11950,5000000,Free,0.0,Everyone,2018-07-12,19.0,Educational
Garden Fruit Legend,FAMILY,4.6,4289,500000,Free,0.0,Everyone,2018-07-31,33.0,Casual
Barbie™ Fashion Closet,FAMILY,4.1,68286,10000000,Free,0.0,Everyone,2018-07-30,85.0,Casual
Candy Day,FAMILY,4.5,11716,1000000,Free,0.0,Everyone,2018-08-03,48.0,Casual
Learn To Draw Glow Princess,FAMILY,4.5,3323,1000000,Free,0.0,Everyone,2017-07-14,9.6,Casual
ABC Kids - Tracing & Phonics,FAMILY,4.5,36606,10000000,Free,0.0,Everyone,2018-06-22,,Educational
Barbie Magical Fashion,FAMILY,4.0,328619,10000000,Free,0.0,Everyone,2017-10-06,15.0,Casual
Minion Rush: Despicable Me Official Game,FAMILY,4.5,10216997,100000000,Free,0.0,Everyone 10+,2018-07-12,,Casual
Piano Kids - Music & Songs,FAMILY,4.6,46741,10000000,Free,0.0,Everyone,2018-08-03,50.0,Music
Farming Simulator 14,FAMILY,4.5,530854,10000000,Free,0.0,Everyone,2017-07-17,51.0,Simulation
Educational Games for Kids,FAMILY,4.5,7050,1000000,Free,0.0,Everyone,2018-05-27,24.0,Educational
No.Draw - Colors by Number 2018,FAMILY,4.5,235906,10000000,Free,0.0,Everyone,2018-07-29,13.0,Entertainment
Fruit Boom,FAMILY,4.4,17753,1000000,Free,0.0,Everyone,2018-05-25,16.0,Casual
Duolingo: Learn Languages Free,FAMILY,4.7,6294400,100000000,Free,0.0,Everyone,2018-08-01,,Education
Hot Wheels: Race Off,FAMILY,4.5,520609,10000000,Free,0.0,Everyone,2018-06-28,,Racing
Baby Tiger Care - My Cute Virtual Pet Friend,FAMILY,4.5,432,100000,Free,0.0,Everyone 10+,2018-07-27,63.0,Educational
Strawberry Shortcake Ice Cream Island,FAMILY,4.2,32029,5000000,Free,0.0,Everyone,2017-11-06,15.0,Casual
Rhythm Patrol,FAMILY,4.3,4207,100000,Free,0.0,Everyone,2018-07-23,26.0,Music
Kiddopia - Preschool Learning Games,FAMILY,4.5,64,10000,Free,0.0,Everyone,2018-07-18,81.0,Educational
Toca Mystery House,FAMILY,4.2,96,5000,Paid,3.99,Everyone,2018-06-14,79.0,Educational
DisneyNOW – TV Shows & Games,FAMILY,4.3,82471,5000000,Free,0.0,Everyone,2018-07-05,,Entertainment
Papumba Academy - Fun Learning For Kids,FAMILY,4.4,496,100000,Free,0.0,Everyone,2018-07-11,94.0,Education
Super ABC! Learning games for kids! Preschool apps,FAMILY,4.6,20267,1000000,Free,0.0,Everyone,2018-07-16,46.0,Educational
Drawing for Kids Learning Games for Toddlers age 3,FAMILY,4.6,29436,1000000,Free,0.0,Everyone,2018-03-21,43.0,Educational
Baby Panda’s Juice Shop,FAMILY,4.5,19230,5000000,Free,0.0,Everyone,2018-07-12,45.0,Educational
Dr. Panda Restaurant 3,FAMILY,4.2,11126,1000000,Free,0.0,Everyone,2018-03-23,91.0,Educational
LEGO® Friends: Heartlake Rush,FAMILY,4.5,23671,1000000,Free,0.0,Everyone,2018-07-31,91.0,Arcade
Baby ABC in box! Kids alphabet games for toddlers!,FAMILY,4.6,9652,1000000,Free,0.0,Everyone,2018-07-16,53.0,Educational
Henry Danger Crime Warp,FAMILY,4.6,9626,1000000,Free,0.0,Everyone,2018-02-07,28.0,Action
Thomas & Friends: Race On!,FAMILY,4.1,29319,5000000,Free,0.0,Everyone,2018-05-18,26.0,Casual
Super School: Educational Kids Games & Rhymes,FAMILY,4.5,1791,500000,Free,0.0,Everyone,2018-06-02,56.0,Education
Fruit Cube Blast,FAMILY,4.6,9199,500000,Free,0.0,Everyone,2018-08-03,80.0,Puzzle
Toddler Kids Puzzles PUZZINGO,FAMILY,4.6,14014,1000000,Free,0.0,Everyone,2018-07-06,60.0,Education
Happy Street,FAMILY,4.5,110877,1000000,Free,0.0,Everyone 10+,2018-03-28,,Casual
Intellijoy Early Learning Academy,FAMILY,4.3,160,50000,Free,0.0,Everyone,2018-06-18,67.0,Education
Dr. Panda Town: Vacation,FAMILY,3.8,10366,1000000,Free,0.0,Everyone,2018-07-24,78.0,Education
Leo and Tig,FAMILY,4.5,47644,1000000,Free,0.0,Everyone,2018-05-31,27.0,Adventure
School of Dragons,FAMILY,4.1,530792,10000000,Free,0.0,Everyone,2018-05-30,,Role Playing
Fuzzy Seasons: Animal Forest,FAMILY,4.8,12137,100000,Free,0.0,Everyone 10+,2018-08-06,63.0,Simulation
Montessori Preschool,FAMILY,3.9,237,100000,Free,0.0,Everyone,2018-07-12,26.0,Education
Kids Corner: Interactive Tales and Games for kids,FAMILY,4.5,6404,500000,Free,0.0,Everyone,2018-07-16,46.0,Educational
Cutie Cubies,FAMILY,4.4,6356,500000,Free,0.0,Everyone,2018-07-04,83.0,Puzzle
My Little Princess : Stores,FAMILY,4.3,169,5000,Paid,2.99,Everyone,2018-05-25,60.0,Educational
Sago Mini Big City,FAMILY,4.2,8,1000,Paid,3.99,Everyone,2018-07-09,44.0,Education
Pinkalicious Party,FAMILY,3.0,2,500,Paid,2.99,Everyone,2018-06-25,82.0,Educational
ROBLOX,FAMILY,4.5,4450855,100000000,Free,0.0,Everyone 10+,2018-07-31,67.0,Adventure
PJ Masks: Moonlight Heroes,FAMILY,4.4,86961,10000000,Free,0.0,Everyone,2018-06-05,99.0,Casual
Minion Rush: Despicable Me Official Game,FAMILY,4.5,10216997,100000000,Free,0.0,Everyone 10+,2018-07-12,,Casual
Dog Run - Pet Dog Simulator,FAMILY,4.7,48701,10000000,Free,0.0,Everyone,2018-05-22,24.0,Simulation
Moana Island Life,FAMILY,4.1,15246,1000000,Free,0.0,Everyone,2017-07-12,78.0,Simulation
Hot Wheels: Race Off,FAMILY,4.5,520654,10000000,Free,0.0,Everyone,2018-06-28,,Racing
Basketball FRVR - Shoot the Hoop and Slam Dunk!,FAMILY,4.5,4076,100000,Free,0.0,Everyone,2018-08-01,,Sports
Farming Simulator 14,FAMILY,4.5,530904,10000000,Free,0.0,Everyone,2017-07-17,51.0,Simulation
My Oasis - Calming and Relaxing Idle Clicker Game,FAMILY,4.6,106750,1000000,Free,0.0,Everyone,2018-06-29,94.0,Simulation
My Little Pony Rainbow Runners,FAMILY,4.3,33785,5000000,Free,0.0,Everyone,2017-12-20,16.0,Casual
Extreme Racing 2 - Real driving RC cars game!,FAMILY,4.3,4207,500000,Free,0.0,Everyone,2017-08-31,93.0,Racing
Cars: Lightning League,FAMILY,4.5,58795,10000000,Free,0.0,Everyone,2018-05-21,77.0,Racing
Little Panda Run,FAMILY,4.2,3235,1000000,Free,0.0,Everyone,2018-06-20,32.0,Educational
Snoopy's Town Tale - City Building Simulator,FAMILY,4.2,47031,1000000,Free,0.0,Everyone,2018-07-30,58.0,Simulation
Car Racing game for Kids - Beepzz Dogs 🐕,FAMILY,4.4,131,100000,Free,0.0,Everyone,2018-06-13,48.0,Racing
Pony Friends 🦄 - Beepzz racing game for kids,FAMILY,4.5,114,50000,Free,0.0,Everyone,2018-06-13,69.0,Racing
LEGO® Juniors Create & Cruise,FAMILY,4.1,673203,50000000,Free,0.0,Everyone,2018-01-19,73.0,Educational
Xtreme Racing 2018 - Jeep & 4x4 off road simulator,FAMILY,4.2,2178,500000,Free,0.0,Everyone,2017-08-23,99.0,Racing
Thomas & Friends: Go Go Thomas,FAMILY,4.1,175625,10000000,Free,0.0,Everyone,2017-11-22,16.0,Racing
Ninja Dash - Ronin Jump RPG,FAMILY,4.7,8508,500000,Free,0.0,Everyone 10+,2018-08-02,54.0,Arcade
Paw Patrol by ShuffleCards,FAMILY,4.3,3484,1000000,Free,0.0,Everyone,2017-03-07,56.0,Entertainment
Plants vs. Zombies™ Heroes,FAMILY,4.4,379415,10000000,Free,0.0,Everyone,2018-06-26,68.0,Casual
Transformers Rescue Bots: Disaster Dash,FAMILY,4.4,19245,1000000,Free,0.0,Everyone,2018-03-28,25.0,Casual
PAC-MAN Pop,FAMILY,4.3,24877,5000000,Free,0.0,Everyone,2018-06-20,54.0,Puzzle
Monster Truck Driver & Racing,FAMILY,4.4,765,1000000,Free,0.0,Everyone,2017-01-19,51.0,Education
L.O.L. Surprise Ball Pop,FAMILY,4.3,10088,1000000,Free,0.0,Everyone,2018-03-08,,Casual
Strawberry Shortcake BerryRush,FAMILY,4.3,525552,10000000,Free,0.0,Everyone,2017-10-15,48.0,Action
Little Fire Station,FAMILY,4.2,3762,1000000,Free,0.0,Everyone,2018-07-02,44.0,Education
Ice Cream Jump,FAMILY,4.2,141363,10000000,Free,0.0,Everyone,2018-01-21,8.7,Casual
Disney Magic Kingdoms: Build Your Own Magical Park,FAMILY,4.3,472584,10000000,Free,0.0,Everyone,2018-08-02,91.0,Simulation
Turbo FAST,FAMILY,4.3,1329192,50000000,Free,0.0,Everyone,2017-10-04,97.0,Racing
My Little Pony: Harmony Quest,FAMILY,4.1,148295,10000000,Free,0.0,Everyone,2018-03-05,26.0,Casual
Transformers Rescue Bots: Hero Adventures,FAMILY,4.2,41273,5000000,Free,0.0,Everyone,2018-07-05,16.0,Adventure
Robots Vs Zombies: Transform To Race And Fight,FAMILY,4.5,278,100000,Free,0.0,Everyone,2018-07-11,,Racing
Equestria Girls,FAMILY,4.3,392596,10000000,Free,0.0,Everyone,2016-07-22,53.0,Role Playing
DC Super Hero Girls™,FAMILY,4.3,43060,5000000,Free,0.0,Everyone,2018-06-29,95.0,Action
Disney Crossy Road,FAMILY,4.5,514088,10000000,Free,0.0,Everyone,2018-05-30,83.0,Arcade
Touch Racing 2 - Mini RC Race,FAMILY,4.1,41867,1000000,Free,0.0,Everyone,2017-05-18,78.0,Racing
Toca Kitchen 2,FAMILY,4.5,1014846,50000000,Free,0.0,Everyone,2017-06-29,56.0,Educational
Doctor Pets,FAMILY,4.2,23060,1000000,Free,0.0,Everyone,2018-07-26,21.0,Educational
Supermarket – Game for Kids,FAMILY,4.4,112080,10000000,Free,0.0,Everyone,2018-07-26,26.0,Casual
Supermarket Manager: Cashier Simulator Kids Games,FAMILY,4.0,15489,1000000,Free,0.0,Everyone,2017-10-11,60.0,Casual
Kids Animals Jigsaw Puzzles 😄,FAMILY,4.1,51895,10000000,Free,0.0,Everyone,2018-06-16,22.0,Educational
DC Super Hero Girls™,FAMILY,4.3,43060,5000000,Free,0.0,Everyone,2018-06-29,95.0,Action
Strawberry Shortcake BerryRush,FAMILY,4.3,525552,10000000,Free,0.0,Everyone,2017-10-15,48.0,Action
Inside Out Thought Bubbles,FAMILY,4.4,623398,10000000,Free,0.0,Everyone,2017-08-31,58.0,Puzzle
Disney Magic Kingdoms: Build Your Own Magical Park,FAMILY,4.3,472584,10000000,Free,0.0,Everyone,2018-08-02,91.0,Simulation
Monster High™,FAMILY,4.1,66661,5000000,Free,0.0,Everyone,2018-02-02,22.0,Casual
Cute Pet Puppies,FAMILY,4.0,10447,1000000,Free,0.0,Everyone,2016-02-18,36.0,Simulation
Frozen Free Fall,FAMILY,4.3,1574197,50000000,Free,0.0,Everyone,2018-07-27,37.0,Puzzle
Monster High™ Minis Mania,FAMILY,4.6,19170,1000000,Free,0.0,Everyone,2017-03-15,70.0,Strategy
Shopkins World!,FAMILY,4.3,169609,10000000,Free,0.0,Everyone,2018-06-13,34.0,Arcade
Monica Toy TV,FAMILY,4.7,6188,500000,Free,0.0,Everyone 10+,2018-04-03,49.0,Entertainment
Toy Guitar with songs for kids,FAMILY,4.3,1369,500000,Free,0.0,Everyone,2016-03-05,9.8,Music & Audio
Endless Numbers,FAMILY,4.4,2952,500000,Free,0.0,Everyone,2018-06-19,37.0,Education
Toddler Learning Games - Little Kids Games,FAMILY,4.2,731,100000,Free,0.0,Everyone,2018-07-28,,Educational
Sworkit Kids - Fitness Meets Fun,FAMILY,4.7,9856,100000,Free,0.0,Everyone,2016-02-02,55.0,Health & Fitness
Earth to Luna! Watch and Play,FAMILY,3.9,10753,1000000,Free,0.0,Everyone,2018-07-23,84.0,Educational
Nancy Drew Codes and Clues,FAMILY,4.1,154,10000,Free,0.0,Everyone,2017-01-13,16.0,Educational
Masha and the Bear Child Games,FAMILY,4.1,288523,10000000,Free,0.0,Everyone,2018-05-08,92.0,Adventure
codeSpark Academy & The Foos,FAMILY,4.1,4522,500000,Free,0.0,Everyone,2018-06-21,57.0,Educational
Toca Builders,FAMILY,4.2,3328,100000,Paid,3.99,Everyone,2017-07-13,,Education
Toca Life: City,FAMILY,4.7,31100,500000,Paid,3.99,Everyone,2018-07-06,24.0,Education
LEGO® Friends,FAMILY,4.4,854,10000,Paid,4.99,Everyone,2015-12-01,6.9,Casual
My Little Work – Garage,FAMILY,4.3,560,10000,Paid,3.99,Everyone,2015-06-17,44.0,Casual
"Alizay, pirate girl",FAMILY,4.5,197,1000,Paid,2.99,Everyone,2017-03-23,11.0,Casual
Word Search Games in english,FAMILY,4.3,63186,10000000,Free,0.0,Everyone,2018-07-12,16.0,Puzzle
Chess Free,FAMILY,4.3,23772,5000000,Free,0.0,Everyone,2017-08-02,17.0,Board
Tic Tac Toe,FAMILY,4.1,6007,1000000,Free,0.0,Everyone,2017-07-03,18.0,Board
Dominos Game ✔️,FAMILY,4.1,2903,1000000,Free,0.0,Everyone,2018-07-05,16.0,Board
Checkers ✔️,FAMILY,4.1,3617,1000000,Free,0.0,Everyone,2018-07-24,19.0,Board
Crazy Colors: Bubbles Matching,FAMILY,4.6,3063,100000,Free,0.0,Everyone,2018-05-24,1.6,Board
Chess for Kids - Play & Learn,FAMILY,4.1,3234,100000,Free,0.0,Everyone,2018-05-15,47.0,Puzzle
Block Puzzle : Night in Egypt,FAMILY,4.4,276,50000,Free,0.0,Everyone,2017-09-12,16.0,Puzzle
Mosaic puzzles,FAMILY,4.4,1595,500000,Free,0.0,Everyone,2018-07-04,14.0,Puzzle
Chess School for Beginners,FAMILY,4.3,879,100000,Free,0.0,Everyone,2018-05-22,,Board
RISK: Global Domination,FAMILY,4.0,68559,5000000,Free,0.0,Everyone,2018-07-31,75.0,Board
Pino chess,FAMILY,4.8,61,1000,Free,0.0,Everyone,2017-01-26,25.0,Casual
Chess PRO Free,FAMILY,3.8,1123,100000,Free,0.0,Everyone,2016-09-08,5.7,Board
Children Educational Game Full,FAMILY,4.7,30,1000,Paid,7.49,Everyone,2018-05-16,,Educational
All-in-One Mahjong 3 FREE,FAMILY,4.5,566,50000,Free,0.0,Everyone,2018-06-13,17.0,Board
Hactar Go,FAMILY,4.8,97,1000,Paid,2.99,Everyone,2018-03-30,3.5,Board
All-in-One Mahjong 3,FAMILY,4.4,38,100,Paid,0.99,Everyone,2018-06-14,16.0,Board
World Racers family board game,FAMILY,4.8,4,100,Paid,0.99,Everyone,2015-09-03,42.0,Board
SweetLand — Family Board Game,FAMILY,4.2,38,1000,Paid,0.99,Everyone,2014-11-14,47.0,Casual
Steam: Rails to Riches,FAMILY,4.2,214,5000,Paid,4.99,Everyone,2017-12-13,67.0,Board
Whoowasit? - Best kids game!,FAMILY,4.0,248,5000,Paid,2.99,Everyone,2018-07-24,26.0,Board
Lanterns: The Harvest Festival,FAMILY,4.7,185,1000,Paid,4.99,Everyone,2018-05-01,72.0,Board
Tsuro - The Game of the Path,FAMILY,4.7,2195,10000,Paid,2.99,Everyone,2016-08-02,37.0,Board
THE aMAZEing Labyrinth,FAMILY,3.9,1615,10000,Paid,4.99,Everyone,2016-02-09,1.2,Board
Chess and Mate,FAMILY,4.5,359,5000,Paid,4.99,Everyone,2015-08-12,17.0,Board
Kids Balloon Pop Game Free 🎈,FAMILY,4.1,38021,10000000,Free,0.0,Everyone,2018-07-06,19.0,Casual
Sounds for Toddlers FREE,FAMILY,4.4,6190,1000000,Free,0.0,Everyone,2015-08-24,23.0,Educational
Elmo Calls by Sesame Street,FAMILY,3.9,6903,1000000,Free,0.0,Everyone,2018-01-31,25.0,Educational
Sago Mini Friends,FAMILY,4.4,13155,1000000,Free,0.0,Everyone,2016-06-16,83.0,Education
Papumba Academy - Fun Learning For Kids,FAMILY,4.4,496,100000,Free,0.0,Everyone,2018-07-11,94.0,Education
Tee and Mo Bath Time Free,FAMILY,3.6,418,100000,Free,0.0,Everyone,2016-11-07,97.0,Educational
Bita and the Animals - Pelos Ares,FAMILY,4.4,1160,100000,Free,0.0,Everyone,2013-05-22,37.0,Education
TO-FU Oh!SUSHI,FAMILY,4.1,59917,5000000,Free,0.0,Everyone,2018-07-31,92.0,Education
DreamWorks Friends,FAMILY,3.6,1042,100000,Free,0.0,Everyone,2017-08-04,48.0,Role Playing
Avokiddo Emotions,FAMILY,4.6,73,1000,Paid,2.99,Everyone,2018-05-21,12.0,Education
Nighty Night Circus,FAMILY,4.3,382,10000,Paid,2.99,Everyone,2017-03-07,15.0,Education
Sago Mini Babies,FAMILY,4.5,253,10000,Paid,3.99,Everyone,2016-10-28,83.0,Education
Dr. Panda & Toto's Treehouse,FAMILY,4.4,3396,50000,Paid,3.99,Everyone,2014-12-09,9.5,Casual
Kids Balloon Pop Game Free 🎈,FAMILY,4.1,38021,10000000,Free,0.0,Everyone,2018-07-06,19.0,Casual
Sounds for Toddlers FREE,FAMILY,4.4,6190,1000000,Free,0.0,Everyone,2015-08-24,23.0,Educational
Elmo Calls by Sesame Street,FAMILY,3.9,6903,1000000,Free,0.0,Everyone,2018-01-31,25.0,Educational
Sago Mini Friends,FAMILY,4.4,13155,1000000,Free,0.0,Everyone,2016-06-16,83.0,Education
Papumba Academy - Fun Learning For Kids,FAMILY,4.4,496,100000,Free,0.0,Everyone,2018-07-11,94.0,Education
Tee and Mo Bath Time Free,FAMILY,3.6,418,100000,Free,0.0,Everyone,2016-11-07,97.0,Educational
Bita and the Animals - Pelos Ares,FAMILY,4.4,1160,100000,Free,0.0,Everyone,2013-05-22,37.0,Education
TO-FU Oh!SUSHI,FAMILY,4.1,59917,5000000,Free,0.0,Everyone,2018-07-31,92.0,Education
DreamWorks Friends,FAMILY,3.6,1042,100000,Free,0.0,Everyone,2017-08-04,48.0,Role Playing
Avokiddo Emotions,FAMILY,4.6,73,1000,Paid,2.99,Everyone,2018-05-21,12.0,Education
Nighty Night Circus,FAMILY,4.3,382,10000,Paid,2.99,Everyone,2017-03-07,15.0,Education
Sago Mini Babies,FAMILY,4.5,253,10000,Paid,3.99,Everyone,2016-10-28,83.0,Education
Dr. Panda & Toto's Treehouse,FAMILY,4.4,3396,50000,Paid,3.99,Everyone,2014-12-09,9.5,Casual
ROBLOX,FAMILY,4.5,4450890,100000000,Free,0.0,Everyone 10+,2018-07-31,67.0,Adventure
PlayKids - Educational cartoons and games for kids,FAMILY,4.1,182173,10000000,Free,0.0,Everyone,2018-07-30,,Entertainment
YouTube Kids,FAMILY,4.5,470713,50000000,Free,0.0,Everyone,2018-08-03,,Entertainment
Fun Kid Racing - Motocross,FAMILY,4.1,59729,10000000,Free,0.0,Everyone,2018-06-27,,Racing
Barbie Life™,FAMILY,3.9,133117,5000000,Free,0.0,Everyone,2018-07-12,63.0,Casual
Baby Panda Care,FAMILY,4.2,108795,10000000,Free,0.0,Everyone,2018-06-15,49.0,Educational
Palace Pets in Whisker Haven,FAMILY,4.1,47213,5000000,Free,0.0,Everyone,2017-12-09,14.0,Entertainment
Sweet Baby Girl - Dream House and Play Time,FAMILY,3.9,95537,10000000,Free,0.0,Everyone,2018-07-13,58.0,Educational
Monster High™,FAMILY,4.1,66660,5000000,Free,0.0,Everyone,2018-02-02,22.0,Casual
Hello Kitty Lunchbox,FAMILY,4.2,51838,5000000,Free,0.0,Everyone,2017-11-21,15.0,Casual
Duolingo: Learn Languages Free,FAMILY,4.7,6294397,100000000,Free,0.0,Everyone,2018-08-01,,Education
Sweet Baby Girl Newborn Baby,FAMILY,3.8,36028,5000000,Free,0.0,Everyone,2018-07-02,50.0,Educational
COOKING MAMA Let's Cook!,FAMILY,4.3,528745,10000000,Free,0.0,Everyone,2018-07-26,59.0,Educational
Shopkins World!,FAMILY,4.3,169609,10000000,Free,0.0,Everyone,2018-06-13,34.0,Arcade
DisneyNOW – TV Shows & Games,FAMILY,4.3,82471,5000000,Free,0.0,Everyone,2018-07-05,,Entertainment
Ever After High™ Charmed Style,FAMILY,3.9,44062,1000000,Free,0.0,Everyone,2016-12-30,54.0,Casual
Equestria Girls,FAMILY,4.3,392596,10000000,Free,0.0,Everyone,2016-07-22,53.0,Role Playing
Fun Kid Racing,FAMILY,4.0,79667,10000000,Free,0.0,Everyone,2018-08-03,,Racing
Learn to Read with Tommy Turtle,FAMILY,4.0,20763,5000000,Free,0.0,Everyone,2018-03-06,,Educational
Frozen Free Fall,FAMILY,4.3,1574204,50000000,Free,0.0,Everyone,2018-07-27,37.0,Puzzle
Nick,FAMILY,4.2,123322,10000000,Free,0.0,Everyone 10+,2018-01-24,25.0,Entertainment
Thomas & Friends: Race On!,FAMILY,4.1,29319,5000000,Free,0.0,Everyone,2018-05-18,26.0,Casual
Mad Libs,FAMILY,4.0,8126,1000000,Free,0.0,Everyone,2018-07-31,61.0,Entertainment
Inside Out Thought Bubbles,FAMILY,4.4,623398,10000000,Free,0.0,Everyone,2017-08-31,58.0,Puzzle
ABCmouse.com,FAMILY,4.3,50887,5000000,Free,0.0,Everyone,2018-07-03,91.0,Education
My Little Pony Celebration,FAMILY,4.3,63160,1000000,Free,0.0,Everyone,2016-07-22,17.0,Simulation
Sago Mini Friends,FAMILY,4.4,13155,1000000,Free,0.0,Everyone,2016-06-16,83.0,Education
Thomas & Friends: Delivery,FAMILY,4.2,28737,1000000,Free,0.0,Everyone,2016-02-05,17.0,Casual
School of Dragons,FAMILY,4.1,530792,10000000,Free,0.0,Everyone,2018-05-30,,Role Playing
Nasty Goats,FAMILY,4.3,45579,1000000,Free,0.0,Everyone,2016-04-14,64.0,Arcade
Starfall Free & Member,FAMILY,4.2,19720,1000000,Free,0.0,Everyone,2017-11-07,41.0,Education
Animal Jam - Play Wild!,FAMILY,4.6,361970,5000000,Free,0.0,Everyone,2018-08-02,58.0,Casual
Video Editor,FAMILY,4.1,159619,5000000,Free,0.0,Everyone,2018-07-17,23.0,Video Players & Editors
Real Racing 3,FAMILY,4.5,354384,10000000,Free,0.0,Everyone,2018-07-02,71.0,Racing
Peak – Brain Games & Training,FAMILY,4.4,272321,10000000,Free,0.0,Everyone,2018-08-03,,Education
Minecraft,FAMILY,4.5,2376564,10000000,Paid,6.99,Everyone 10+,2018-07-24,,Arcade
Card Wars - Adventure Time,FAMILY,4.3,129603,1000000,Paid,2.99,Everyone 10+,2016-02-11,23.0,Card
Monash Uni Low FODMAP Diet,MEDICAL,4.2,1135,100000,Paid,9.0,Everyone,2018-07-16,12.0,Medical
iBP Blood Pressure,MEDICAL,4.4,578,10000,Paid,0.99,Everyone,2014-11-30,0.6875,Medical
Pedi STAT,MEDICAL,4.6,129,10000,Paid,5.49,Everyone,2018-04-06,2.9,Medical
ASCCP Mobile,MEDICAL,4.5,63,10000,Paid,9.99,Everyone,2016-10-03,25.0,Medical
Journal Club: Medicine,MEDICAL,4.8,216,10000,Paid,6.99,Everyone,2017-06-17,,Medical
Paramedic Protocol Provider,MEDICAL,4.5,171,10000,Paid,10.0,Everyone 10+,2017-09-21,20.0,Medical
MommyMeds,MEDICAL,3.2,45,5000,Paid,3.99,Everyone,2017-11-15,21.0,Medical
Medical ID - In Case of Emergency (ICE),MEDICAL,4.6,717,5000,Paid,5.99,Everyone,2018-05-31,5.4,Medical
Human Anatomy Atlas 2018: Complete 3D Human Body,MEDICAL,4.5,2921,100000,Paid,24.99,Everyone,2018-05-25,25.0,Medical
Essential Anatomy 3,MEDICAL,4.1,1533,50000,Paid,11.99,Mature 17+,2014-08-07,42.0,Medical
Vargo Anesthesia Mega App,MEDICAL,4.6,92,1000,Paid,79.99,Everyone,2018-06-18,32.0,Medical
EMT Review Plus,MEDICAL,4.5,199,10000,Paid,11.99,Everyone,2018-06-27,1.8,Medical
Muscle Trigger Point Anatomy,MEDICAL,4.4,1361,50000,Paid,2.99,Everyone,2018-07-17,33.0,Medical
2017 EMRA Antibiotic Guide,MEDICAL,4.4,12,1000,Paid,16.99,Everyone,2017-01-27,3.8,Medical
ASRA Coags,MEDICAL,4.4,15,1000,Paid,3.99,Everyone,2018-08-01,5.8,Medical
IBM Micromedex Drug Info,MEDICAL,3.8,206,10000,Paid,2.99,Everyone,2018-04-25,9.5,Medical
Diabetes & Diet Tracker,MEDICAL,4.6,395,1000,Paid,9.99,Everyone,2018-07-16,19.0,Medical
VeinSeek,MEDICAL,2.5,79,1000,Paid,3.99,Everyone,2017-12-06,,Medical
Block Buddy,MEDICAL,4.0,15,1000,Paid,14.99,Everyone,2018-08-01,5.0,Medical
Super Hearing Secret Voices Recorder PRO,MEDICAL,5.0,3,100,Paid,2.99,Everyone,2018-04-20,23.0,Medical
EMT Study - NREMT Test Prep,MEDICAL,4.3,35,5000,Paid,3.99,Everyone,2014-12-03,0.841796875,Medical
Calcium Pro,MEDICAL,3.4,77,5000,Paid,2.99,Everyone,2017-04-18,9.9,Medical
EMT PASS,MEDICAL,3.4,51,1000,Paid,29.99,Everyone,2014-10-22,2.4,Medical
Pocket Lab Values,MEDICAL,4.3,214,10000,Paid,2.99,Everyone,2012-11-22,0.8779296875,Medical
Medical terms (OFFLINE),MEDICAL,4.4,104,1000,Paid,2.99,Teen,2018-05-24,38.0,Medical
"Cardiac diagnosis (heart rate, arrhythmia)",MEDICAL,4.4,8,100,Paid,12.99,Everyone,2018-07-25,6.5,Medical
ERres- Emergency Medicine,MEDICAL,4.2,45,1000,Paid,4.99,Everyone,2015-08-18,14.0,Medical
FHR 5-Tier 2.0,MEDICAL,5.0,2,500,Paid,2.99,Everyone,2015-12-16,1.2,Medical
AnatomyMapp,MEDICAL,4.1,80,5000,Paid,14.99,Everyone,2013-11-05,48.0,Medical
OptoDrum,MEDICAL,3.9,10,1000,Paid,5.99,Everyone,2015-05-26,0.369140625,Medical
"Migraine, Headache Diary HeadApp Pro",MEDICAL,4.6,156,500,Paid,3.49,Everyone,2018-03-14,22.0,Medical
Blood Pressure Companion,MEDICAL,4.2,178,1000,Paid,0.99,Everyone,2018-07-22,4.8,Medical
Visual Anatomy 2,MEDICAL,4.4,576,5000,Paid,2.49,Everyone,2017-08-05,,Medical
"Muscle Premium - Human Anatomy, Kinesiology, Bones",MEDICAL,4.2,168,10000,Paid,24.99,Everyone,2017-08-11,25.0,Medical
CCHT PREP,MEDICAL,3.6,25,1000,Paid,10.99,Everyone,2016-12-08,0.259765625,Medical
Paramedic Meds,MEDICAL,4.5,163,10000,Paid,1.99,Everyone,2015-08-03,0.3662109375,Medical
OmniMedix Medical Calculator,MEDICAL,4.7,25,1000,Paid,4.99,Everyone,2016-06-11,1.2,Medical
Breathing Zone,MEDICAL,4.6,319,5000,Paid,3.99,Everyone,2018-03-06,,Medical
Lab Values + Medical Reference,MEDICAL,4.5,133,10000,Paid,2.99,Everyone,2014-08-02,2.8,Medical
Recognise Foot,MEDICAL,4.2,9,1000,Paid,7.49,Everyone,2017-09-14,95.0,Medical
Anti Mosquito simulation,MEDICAL,4.2,74,1000,Paid,1.5,Everyone,2014-09-06,2.6,Medical
Pain Tracker & Diary,MEDICAL,4.3,3,100,Paid,2.99,Everyone,2018-01-02,4.6,Medical
Menstrual Calendar Premium,MEDICAL,4.4,4207,50000,Paid,3.99,Everyone,2013-07-26,,Medical
Whist - Tinnitus Relief,MEDICAL,4.1,12,1000,Paid,1.99,Everyone,2017-03-02,5.1,Medical
Critical Care Paramedic Review,MEDICAL,4.4,17,1000,Paid,9.99,Everyone 10+,2018-05-14,1.8,Medical
With Helper Pro Pill Reminder,MEDICAL,4.6,358,5000,Paid,3.99,Everyone,2017-10-25,,Medical
Manage My Pain Pro,MEDICAL,4.4,726,5000,Paid,3.99,Everyone,2018-03-05,,Medical
"End Anxiety Pro - Stress, Panic Attack Help",MEDICAL,4.2,33,1000,Paid,3.99,Everyone,2018-05-08,53.0,Medical
Acupuncture Assistant,MEDICAL,4.5,492,10000,Paid,7.99,Everyone,2018-04-13,39.0,Medical
InfantRisk Center HCP,MEDICAL,2.6,41,1000,Paid,9.99,Everyone,2015-05-06,14.0,Medical
EMT Tutor NREMT-B Study Guide,MEDICAL,4.6,625,10000,Paid,3.99,Everyone,2017-01-08,8.4,Medical
Hospitalist Handbook,MEDICAL,4.8,12,1000,Paid,19.99,Everyone,2017-06-05,18.0,Medical
PTA Content Master,MEDICAL,4.2,64,1000,Paid,29.99,Everyone,2015-12-22,41.0,Medical
Navi Radiography Pro,MEDICAL,4.7,11,500,Paid,15.99,Everyone,2018-01-14,100.0,Medical
Nursing Care Plan NANDA Tables,MEDICAL,3.0,4,500,Paid,0.99,Everyone,2017-05-09,3.4,Medical
A Manual of Acupuncture,MEDICAL,3.5,214,1000,Paid,33.99,Everyone,2017-10-02,68.0,Medical
palmPEDi: Pediatric Tape,MEDICAL,4.6,66,5000,Paid,0.99,Everyone,2013-12-02,2.6,Medical
GoodRx Drug Prices and Coupons,MEDICAL,4.8,59158,1000000,Free,0.0,Everyone,2018-07-26,11.0,Medical
MyChart,MEDICAL,4.2,19473,1000000,Free,0.0,Everyone,2018-07-24,,Medical
FollowMyHealth®,MEDICAL,4.6,73118,1000000,Free,0.0,Everyone,2018-05-10,37.0,Medical
CareZone,MEDICAL,4.4,27524,1000000,Free,0.0,Everyone,2018-07-30,,Medical
Ovia Pregnancy Tracker & Baby Countdown Calendar,MEDICAL,4.8,102858,1000000,Free,0.0,Everyone,2018-08-03,9.8,Medical
Teladoc Member,MEDICAL,4.0,2094,500000,Free,0.0,Everyone,2018-07-26,23.0,Medical
myAir™ for Air10™ by ResMed,MEDICAL,3.7,236,50000,Free,0.0,Everyone,2018-07-25,18.0,Medical
Blood Pressure,MEDICAL,4.2,33033,5000000,Free,0.0,Everyone,2018-07-24,7.4,Medical
Pregnancy Week By Week,MEDICAL,4.8,78825,1000000,Free,0.0,Everyone,2018-08-02,11.0,Medical
Doctor On Demand,MEDICAL,4.7,18674,1000000,Free,0.0,Everyone,2018-07-27,,Medical
BioLife Plasma Services,MEDICAL,3.5,250,100000,Free,0.0,Everyone,2018-07-09,23.0,Medical
OneTouch Reveal,MEDICAL,3.9,6266,500000,Free,0.0,Everyone,2018-05-22,34.0,Medical
To,MEDICAL,4.2,22,10000,Free,0.0,Everyone,2018-05-30,15.0,Medical
Ovia Fertility Tracker & Ovulation Calculator,MEDICAL,4.8,53743,1000000,Free,0.0,Everyone,2018-07-27,13.0,Medical
Anthem Anywhere,MEDICAL,2.7,2657,500000,Free,0.0,Everyone,2018-07-27,24.0,Medical
Blood Donor,MEDICAL,4.2,4476,500000,Free,0.0,Everyone,2018-07-31,20.0,Medical
My Calendar - Period Tracker,MEDICAL,4.7,156410,5000000,Free,0.0,Everyone,2018-08-03,14.0,Medical
Youper - AI Therapy,MEDICAL,4.6,2006,50000,Free,0.0,Everyone,2018-08-03,69.0,Medical
Zocdoc: Find Doctors & Book Appointments,MEDICAL,4.5,6099,500000,Free,0.0,Everyone,2018-07-31,38.0,Medical
1800 Contacts - Lens Store,MEDICAL,4.7,23160,1000000,Free,0.0,Everyone,2018-07-27,26.0,Medical
Blood Pressure Log - MyDiary,MEDICAL,4.7,8348,500000,Free,0.0,Everyone,2018-04-13,2.6,Medical
PulsePoint Respond,MEDICAL,4.5,7837,100000,Free,0.0,Everyone,2018-07-31,21.0,Medical
Ovia Parenting & Baby Development Tracker,MEDICAL,4.7,6185,100000,Free,0.0,Everyone,2018-08-03,38.0,Medical
MyQuest for Patients,MEDICAL,4.0,3803,100000,Free,0.0,Everyone,2018-03-13,16.0,Medical
OptumRx,MEDICAL,3.4,1838,100000,Free,0.0,Everyone,2018-07-02,21.0,Medical
CVS Caremark,MEDICAL,3.5,3707,500000,Free,0.0,Everyone,2018-07-28,10.0,Medical
fred's Pharmacy,MEDICAL,3.0,315,100000,Free,0.0,Everyone,2017-10-10,22.0,Medical
Ada - Your Health Guide,MEDICAL,4.7,87418,1000000,Free,0.0,Everyone,2018-07-16,14.0,Medical
mySugr: the blood sugar tracker made just for you,MEDICAL,4.6,21189,1000000,Free,0.0,Everyone,2018-08-06,36.0,Medical
ClearCareGo Caregiver,MEDICAL,4.2,1746,50000,Free,0.0,Everyone,2018-07-25,16.0,Medical
Pregnancy Calculator and Tracker app,MEDICAL,4.8,69126,1000000,Free,0.0,Everyone,2018-06-01,61.0,Medical
All Mental disorders,MEDICAL,4.5,453,100000,Free,0.0,Everyone,2017-07-07,11.0,Medical
DreamMapper,MEDICAL,4.2,10710,100000,Free,0.0,Everyone,2018-07-03,8.5,Medical
ScriptSave WellRx Rx Discounts,MEDICAL,3.8,700,100000,Free,0.0,Everyone,2018-06-21,37.0,Medical
Delta Dental,MEDICAL,3.0,914,100000,Free,0.0,Everyone,2018-07-17,,Medical
Drugs.com Medication Guide,MEDICAL,4.4,15875,1000000,Free,0.0,Everyone,2018-05-22,,Medical
MoodSpace,MEDICAL,4.5,503,50000,Free,0.0,Everyone,2018-06-10,22.0,Medical
Pill Identifier and Drug list,MEDICAL,4.0,488,100000,Free,0.0,Everyone,2018-08-01,17.0,Medical
HealtheLife,MEDICAL,3.6,190,100000,Free,0.0,Everyone,2018-01-02,7.7,Medical
SonicCloud: Hearing App,MEDICAL,4.4,15,1000,Free,0.0,Everyone,2018-07-19,39.0,Medical
Migraine Buddy - The Migraine and Headache tracker,MEDICAL,4.7,26862,500000,Free,0.0,Everyone,2018-06-25,30.0,Medical
Period Tracker,MEDICAL,4.9,100082,1000000,Free,0.0,Everyone,2018-07-09,3.7,Medical
LabCorp | Patient,MEDICAL,3.6,27,10000,Free,0.0,Everyone,2018-04-19,28.0,Medical
Anatomy Learning - 3D Atlas,MEDICAL,4.5,72167,1000000,Free,0.0,Everyone,2018-07-18,16.0,Medical
Super Hearing Super Ear Amplifier,MEDICAL,4.1,21,1000,Free,0.0,Everyone,2018-06-11,20.0,Medical
Moodpath - Depression & Anxiety Test,MEDICAL,4.6,6035,100000,Free,0.0,Everyone,2018-07-05,8.9,Medical
Teach Me Anatomy,MEDICAL,4.7,9945,500000,Free,0.0,Everyone,2018-07-05,97.0,Medical
Baritastic - Bariatric Tracker,MEDICAL,4.7,4318,100000,Free,0.0,Everyone,2018-07-26,12.0,Medical
Brilliant Distinctions®,MEDICAL,2.8,78,50000,Free,0.0,Everyone,2018-06-27,72.0,Medical
Mayo Clinic,MEDICAL,4.3,2218,500000,Free,0.0,Everyone,2018-08-01,,Medical
98point6,MEDICAL,4.6,47,10000,Free,0.0,Everyone,2018-08-02,21.0,Medical
Epocrates Plus,MEDICAL,4.3,23889,1000000,Free,0.0,Everyone,2018-07-10,,Medical
MDLIVE: Talk to a Doctor 24/7,MEDICAL,3.4,650,100000,Free,0.0,Everyone,2018-07-23,27.0,Medical
Super Ear,MEDICAL,4.0,3498,100000,Free,0.0,Everyone,2018-05-01,6.6,Medical
VitusVet: Pet Health Care App,MEDICAL,4.8,3052,100000,Free,0.0,Everyone,2018-07-31,12.0,Medical
Banfield Pet Health Tracker,MEDICAL,4.2,1747,100000,Free,0.0,Everyone,2016-10-17,5.9,Medical
Dexcom G6,MEDICAL,3.0,45,5000,Free,0.0,Everyone,2018-07-16,20.0,Medical
Nurse Grid,MEDICAL,4.5,1686,100000,Free,0.0,Everyone,2018-07-30,15.0,Medical
Castlight Mobile,MEDICAL,3.7,529,100000,Free,0.0,Everyone,2018-07-30,26.0,Medical
Sanford Guide:Antimicrobial Rx,MEDICAL,4.5,1388,100000,Free,0.0,Everyone,2018-07-03,3.3,Medical
Davis's Drug Guide for Nurses,MEDICAL,4.5,572,50000,Free,0.0,Everyone,2018-07-13,44.0,Medical
Vargo Anesthesia Mega App,MEDICAL,4.6,92,1000,Paid,79.99,Everyone,2018-06-18,32.0,Medical
Monash Uni Low FODMAP Diet,MEDICAL,4.2,1135,100000,Paid,9.0,Everyone,2018-07-16,12.0,Medical
mySugr: the blood sugar tracker made just for you,MEDICAL,4.6,21189,1000000,Free,0.0,Everyone,2018-08-06,36.0,Medical
live Point,MEDICAL,3.6,54,5000,Free,0.0,Mature 17+,2018-07-03,17.0,Medical
Tarascon Pharmacopoeia,MEDICAL,4.4,275,10000,Free,0.0,Everyone 10+,2018-03-16,5.8,Medical
Official NBSTSA CST Exam Prep,MEDICAL,4.4,2159,10000,Free,0.0,Everyone,2018-05-17,11.0,Medical
EMT-B Pocket Prep,MEDICAL,4.5,2951,50000,Free,0.0,Everyone,2018-07-11,16.0,Medical
Human Anatomy Atlas 2018: Complete 3D Human Body,MEDICAL,4.5,2921,100000,Paid,24.99,Everyone,2018-05-25,25.0,Medical
5-Minute Clinical Consult,MEDICAL,4.1,84,10000,Free,0.0,Everyone,2017-12-11,6.1,Medical
Diabetes:M,MEDICAL,4.6,15545,100000,Free,0.0,Everyone,2018-08-01,,Medical
"Pzizz - Sleep, Nap, Focus",MEDICAL,4.3,5521,100000,Free,0.0,Everyone,2018-07-01,22.0,Medical
HESI A2 Pocket Prep,MEDICAL,4.3,2108,50000,Free,0.0,Everyone,2018-05-02,28.0,Medical
Johns Hopkins Guides ABX...,MEDICAL,4.7,73,10000,Free,0.0,Everyone,2017-12-08,6.3,Medical
ASCCP Mobile,MEDICAL,4.5,63,10000,Paid,9.99,Everyone,2016-10-03,25.0,Medical
FP Notebook,MEDICAL,4.5,408,50000,Free,0.0,Everyone,2018-03-24,60.0,Medical
Paramedic Protocol Provider,MEDICAL,4.5,171,10000,Paid,10.0,Everyone 10+,2017-09-21,20.0,Medical
5 Minute Clinical Consult 2019 - #1 for 25 years,MEDICAL,4.2,33,10000,Free,0.0,Everyone,2018-05-02,8.0,Medical
Open Sesame - Touch Free Control,MEDICAL,4.4,197,10000,Free,0.0,Everyone,2018-08-02,20.0,Medical
Davis's Drug Guide,MEDICAL,3.9,272,50000,Free,0.0,Everyone,2017-12-11,6.4,Medical
Deep Sleep and Relax Hypnosis,MEDICAL,4.2,4852,100000,Free,0.0,Everyone,2013-10-22,34.0,Medical
2017 EMRA Antibiotic Guide,MEDICAL,4.4,12,1000,Paid,16.99,Everyone,2017-01-27,3.8,Medical
Essential Anatomy 3,MEDICAL,4.1,1533,50000,Paid,11.99,Mature 17+,2014-08-07,42.0,Medical
EMT PASS,MEDICAL,3.4,51,1000,Paid,29.99,Everyone,2014-10-22,2.4,Medical
Christella VoiceUp,MEDICAL,4.1,38,5000,Free,0.0,Everyone,2018-07-12,70.0,Medical
Block Buddy,MEDICAL,4.0,15,1000,Paid,14.99,Everyone,2018-08-01,5.0,Medical
Complete Anatomy for Android,MEDICAL,4.1,90,1000,Free,0.0,Everyone,2018-07-11,21.0,Medical
GlassesOff,MEDICAL,3.5,1288,100000,Free,0.0,Everyone,2018-07-10,38.0,Medical
Free Hypnosis,MEDICAL,4.2,4303,100000,Free,0.0,Everyone,2016-09-06,,Medical
e-Anatomy,MEDICAL,4.0,1545,100000,Free,0.0,Everyone,2018-07-30,74.0,Medical
EMT Review Plus,MEDICAL,4.5,199,10000,Paid,11.99,Everyone,2018-06-27,1.8,Medical
Registered Dietitian Pocket Prep,MEDICAL,4.3,283,5000,Free,0.0,Everyone,2018-07-12,12.0,Medical
Paramedic Pocket Prep,MEDICAL,4.3,460,10000,Free,0.0,Everyone,2018-07-12,13.0,Medical
Journal Club: Medicine,MEDICAL,4.8,216,10000,Paid,6.99,Everyone,2017-06-17,,Medical
Pedi STAT,MEDICAL,4.6,129,10000,Paid,5.49,Everyone,2018-04-06,2.9,Medical
AnatomyMapp,MEDICAL,4.1,80,5000,Paid,14.99,Everyone,2013-11-05,48.0,Medical
Diabetes & Diet Tracker,MEDICAL,4.6,395,1000,Paid,9.99,Everyone,2018-07-16,19.0,Medical
A Manual of Acupuncture,MEDICAL,3.5,214,1000,Paid,33.99,Everyone,2017-10-02,68.0,Medical
5 Minute Veterinary Consult: Canine & Feline,MEDICAL,2.3,17,1000,Free,0.0,Everyone,2018-03-29,6.8,Medical
Wide address pocket prep,MEDICAL,4.5,513,5000,Free,0.0,Everyone,2018-07-11,12.0,Medical
Nursing Central,MEDICAL,4.3,168,10000,Free,0.0,Everyone,2018-01-29,5.8,Medical
PTA Content Master,MEDICAL,4.2,64,1000,Paid,29.99,Everyone,2015-12-22,41.0,Medical
"Muscle Premium - Human Anatomy, Kinesiology, Bones",MEDICAL,4.2,168,10000,Paid,24.99,Everyone,2017-08-11,25.0,Medical
Tinnitus Alleviator,MEDICAL,3.1,82,5000,Free,0.0,Everyone,2017-12-23,42.0,Medical
"Cardiac diagnosis (heart rate, arrhythmia)",MEDICAL,4.4,8,100,Paid,12.99,Everyone,2018-07-25,6.5,Medical
PMHNP-BC Pocket Prep,MEDICAL,4.4,112,1000,Free,0.0,Everyone,2018-07-12,13.0,Medical
Dialysis of Drugs,MEDICAL,2.9,92,10000,Free,0.0,Everyone,2018-06-15,1.5,Medical
abeoCoder,MEDICAL,3.1,83,10000,Free,0.0,Everyone,2018-07-30,3.2,Medical
Saunders Comprehensive Review NCLEX-PN Examination,MEDICAL,3.7,3,5000,Free,0.0,Everyone,2018-07-16,7.7,Medical
LTC AS Legal,MEDICAL,4.0,6,100,Paid,39.99,Everyone,2018-04-04,1.3,Medical
Lippincott Nursing Advisor,MEDICAL,3.8,343,50000,Free,0.0,Everyone,2018-05-01,26.0,Medical
Medical ID - In Case of Emergency (ICE),MEDICAL,4.6,717,5000,Paid,5.99,Everyone,2018-05-31,5.4,Medical
Official NBSTSA CSFA Exam Prep,MEDICAL,4.4,137,1000,Free,0.0,Everyone,2018-05-17,11.0,Medical
IBM Micromedex Drug Info,MEDICAL,3.8,206,10000,Paid,2.99,Everyone,2018-04-25,9.5,Medical
Hospitalist Handbook,MEDICAL,4.8,12,1000,Paid,19.99,Everyone,2017-06-05,18.0,Medical
Dosecast - Medication Reminder,MEDICAL,4.3,4107,100000,Free,0.0,Everyone,2018-04-17,,Medical
JH Blood Pressure Monitor,MEDICAL,3.7,9,500,Free,0.0,Everyone,2018-07-21,2.9,Medical
Sway Medical,MEDICAL,5.0,3,100,Free,0.0,Everyone,2018-07-25,22.0,Medical
Exposure Ed,MEDICAL,3.0,2,500,Free,0.0,Everyone,2018-07-17,16.0,Medical
Nucleus Smart,MEDICAL,3.7,20,1000,Free,0.0,Everyone,2018-06-27,19.0,Medical
Cochrane Library,MEDICAL,3.7,3,100,Free,0.0,Everyone,2018-07-17,10.0,Medical
Labs on Demand,MEDICAL,5.0,1,10,Free,0.0,Everyone,2018-08-03,22.0,Medical
Dermatology Atlas (Colored & Illustrative),MEDICAL,5.0,3,100,Free,0.0,Everyone,2018-07-19,20.0,Medical
Tablet Reminder,MEDICAL,5.0,4,5,Free,0.0,Everyone,2018-08-03,2.5,Medical
Galaxies of Hope,MEDICAL,5.0,2,50,Free,0.0,Everyone,2018-07-27,24.0,Medical
KBA-EZ Health Guide,MEDICAL,5.0,4,1,Free,0.0,Everyone,2018-08-02,25.0,Medical
FoothillsVet,MEDICAL,5.0,2,50,Free,0.0,Everyone,2018-07-11,29.0,Medical
PrimeDelivery,MEDICAL,5.0,3,10,Free,0.0,Everyone,2018-07-13,53.0,Medical
You're an Anime,MEDICAL,5.0,2,10,Free,0.0,Everyone,2018-07-12,83.0,Medical
Anatomy & Physiology Vocabulary Exam Review App,MEDICAL,5.0,1,5,Free,0.0,Everyone,2018-08-02,4.6,Medical
CT Scan Cross Sectional Anatomy,MEDICAL,4.3,10,100,Free,0.0,Everyone,2018-07-19,46.0,Medical
VetCode,MEDICAL,4.9,28,5000,Free,0.0,Everyone,2018-07-07,5.7,Medical
NCLEX Multi-topic Nursing Exam Review-Quiz & notes,MEDICAL,5.0,1,10,Free,0.0,Everyone,2018-07-24,4.2,Medical
Pediatric Nursing,MEDICAL,4.9,14,100,Free,0.0,Everyone,2018-07-13,7.0,Medical
Interpret Chest X-Ray With 100 Cases,MEDICAL,4.6,5,100,Free,0.0,Everyone,2018-08-03,11.0,Medical
Basics of Orthopaedics,MEDICAL,5.0,1,10,Free,0.0,Everyone,2018-07-27,5.6,Medical
Familyfirst Messenger,MEDICAL,4.0,1,10,Free,0.0,Everyone,2018-07-12,3.3,Medical
Clinic Doctor EHr,MEDICAL,5.0,2,5,Free,0.0,Everyone,2018-08-03,7.1,Medical
Teladoc Member,MEDICAL,4.0,2094,500000,Free,0.0,Everyone,2018-07-26,23.0,Medical
Anthem BC Anywhere,MEDICAL,2.6,496,100000,Free,0.0,Everyone,2018-07-27,24.0,Medical
Ada - Your Health Guide,MEDICAL,4.7,87418,1000000,Free,0.0,Everyone,2018-07-16,14.0,Medical
Ovia Fertility Tracker & Ovulation Calculator,MEDICAL,4.8,53747,1000000,Free,0.0,Everyone,2018-07-27,13.0,Medical
My Cancer Coach,MEDICAL,4.3,44,10000,Free,0.0,Everyone,2018-04-12,34.0,Medical
IHSS Help,MEDICAL,4.7,10,1000,Free,0.0,Everyone,2018-06-05,4.3,Medical
mobileRx Pharmacy,MEDICAL,2.5,124,10000,Free,0.0,Everyone,2017-01-13,43.0,Medical
Youper - AI Therapy,MEDICAL,4.6,2014,50000,Free,0.0,Everyone,2018-08-03,69.0,Medical
MoodSpace,MEDICAL,4.5,503,50000,Free,0.0,Everyone,2018-06-10,22.0,Medical
Super Hearing Super Ear Amplifier,MEDICAL,4.1,21,1000,Free,0.0,Everyone,2018-06-11,20.0,Medical
BURST Professionals,MEDICAL,4.5,11,1000,Free,0.0,Everyone,2018-01-17,25.0,Medical
LactMed,MEDICAL,4.3,573,100000,Free,0.0,Everyone,2017-06-01,2.0,Medical
ScriptSave WellRx Rx Discounts,MEDICAL,3.8,700,100000,Free,0.0,Everyone,2018-06-21,37.0,Medical
Blue CareOnDemand,MEDICAL,4.4,163,10000,Free,0.0,Everyone,2018-06-29,40.0,Medical
PulsePoint AED,MEDICAL,4.5,330,50000,Free,0.0,Everyone,2018-07-31,17.0,Medical
All Mental disorders,MEDICAL,4.5,453,100000,Free,0.0,Everyone,2017-07-07,11.0,Medical
Deaf Interpreter,MEDICAL,3.8,24,1000,Free,0.0,Everyone,2017-09-26,4.4,Medical
Nurse Grid,MEDICAL,4.5,1686,100000,Free,0.0,Everyone,2018-07-30,15.0,Medical
High Blood Pressure Symptoms,MEDICAL,4.0,531,100000,Free,0.0,Everyone,2015-01-18,2.3,Medical
MedStar eVisit,MEDICAL,4.5,20,5000,Free,0.0,Everyone,2018-04-10,40.0,Medical
Blood Pressure(BP) Diary,MEDICAL,3.7,3596,1000000,Free,0.0,Everyone,2018-07-18,8.4,Medical
REDCap Mobile App,MEDICAL,4.3,56,10000,Free,0.0,Everyone,2018-07-31,11.0,Medical
JH Blood Pressure Monitor,MEDICAL,3.7,9,500,Free,0.0,Everyone,2018-07-21,2.9,Medical
VITAS Hospice Referral App for Healthcare Pros,MEDICAL,4.4,27,5000,Free,0.0,Everyone,2018-07-20,15.0,Medical
AAFP,MEDICAL,3.8,63,10000,Free,0.0,Everyone,2018-06-22,24.0,Medical
Anthem Anywhere,MEDICAL,2.7,2657,500000,Free,0.0,Everyone,2018-07-27,24.0,Medical
Sway Medical,MEDICAL,5.0,3,100,Free,0.0,Everyone,2018-07-25,22.0,Medical
Airway Ex - Intubate. Anesthetize. Train.,MEDICAL,4.3,123,10000,Free,0.0,Everyone,2018-06-01,86.0,Medical
myvi by,MEDICAL,3.8,122,10000,Free,0.0,Everyone,2018-08-03,,Medical
fred's Pharmacy,MEDICAL,3.0,315,100000,Free,0.0,Everyone,2017-10-10,22.0,Medical
420 BZ Budeze Delivery,MEDICAL,5.0,2,100,Free,0.0,Mature 17+,2018-06-06,11.0,Medical
Fever Meter,MEDICAL,3.6,26,5000,Free,0.0,Everyone,2015-05-10,0.9521484375,Medical
Super Ear Super Hearing,MEDICAL,4.0,122,10000,Free,0.0,Everyone,2018-07-13,0.95703125,Medical
Blood Pressure Monitor,MEDICAL,4.3,17,10000,Free,0.0,Everyone,2017-02-25,6.0,Medical
BELONG Beating Cancer Together,MEDICAL,4.7,623,50000,Free,0.0,Teen,2018-07-29,20.0,Medical
BP Journal - Blood Pressure Diary,MEDICAL,5.0,6,1000,Free,0.0,Everyone,2018-05-25,26.0,Medical
TelaDoc,MEDICAL,4.7,6,1000,Free,0.0,Everyone,2018-03-31,13.0,Medical
Blood Pressure - Stay Healthy,MEDICAL,4.6,7,1000,Free,0.0,Everyone,2018-04-16,2.7,Medical
ConnectLine,MEDICAL,3.1,253,50000,Free,0.0,Everyone,2016-09-12,4.2,Medical
Club,MEDICAL,4.4,3786,50000,Free,0.0,Everyone,2018-07-16,28.0,Medical
Zen Leaf,MEDICAL,5.0,1,100,Free,0.0,Mature 17+,2018-03-08,6.1,Medical
Homeopathic Medicine Finder,MEDICAL,3.6,10,1000,Free,0.0,Everyone,2017-11-20,15.0,Medical
Patient Portal,MEDICAL,2.8,66,50000,Free,0.0,Everyone,2016-10-25,1.2,Medical
Nemours CareConnect,MEDICAL,4.4,65,10000,Free,0.0,Everyone,2018-04-05,37.0,Medical
Banfield Pet Health Tracker,MEDICAL,4.2,1747,100000,Free,0.0,Everyone,2016-10-17,5.9,Medical
tökr,MEDICAL,4.6,17,1000,Free,0.0,Everyone,2018-07-11,14.0,Medical
Low Blood Pressure Symptoms,MEDICAL,4.2,28,10000,Free,0.0,Everyone,2015-01-20,2.3,Medical
Hypertension High blood pressure,MEDICAL,3.8,292,100000,Free,0.0,Everyone,2018-04-16,2.7,Medical
Fever Care,MEDICAL,3.5,19,5000,Free,0.0,Everyone,2018-05-12,2.2,Medical
1800 Contacts - Lens Store,MEDICAL,4.7,23160,1000000,Free,0.0,Everyone,2018-07-27,26.0,Medical
Facebook,SOCIAL,4.1,78158306,1000000000,Free,0.0,Teen,2018-08-03,,Social
Instagram,SOCIAL,4.5,66577313,1000000000,Free,0.0,Teen,2018-07-31,,Social
Facebook Lite,SOCIAL,4.3,8606259,500000000,Free,0.0,Teen,2018-08-01,,Social
"Messages, Text and Video Chat for Messenger",SOCIAL,4.4,49173,10000000,Free,0.0,Everyone,2018-06-04,4.0,Social
Tumblr,SOCIAL,4.4,2955326,100000000,Free,0.0,Mature 17+,2018-08-01,,Social
All Social Networks,SOCIAL,4.2,22492,1000000,Free,0.0,Everyone,2018-05-21,1.5,Social
Snapchat,SOCIAL,4.0,17014787,500000000,Free,0.0,Teen,2018-07-30,,Social
Social network all in one 2018,SOCIAL,4.3,1403,100000,Free,0.0,Everyone,2018-01-30,3.7,Social
Pinterest,SOCIAL,4.6,4305441,100000000,Free,0.0,Teen,2018-08-03,,Social
TextNow - free text + calls,SOCIAL,4.4,441189,10000000,Free,0.0,Everyone,2018-08-03,,Social
Google+,SOCIAL,4.2,4831125,1000000000,Free,0.0,Teen,2018-07-26,,Social
The Messenger App,SOCIAL,4.4,4919,1000000,Free,0.0,Everyone,2018-08-03,2.8,Social
Messenger Pro,SOCIAL,4.4,13762,1000000,Free,0.0,Everyone,2018-05-09,3.9,Social
"Free Messages, Video, Chat,Text for Messenger Plus",SOCIAL,4.3,6086,1000000,Free,0.0,Teen,2018-06-14,3.1,Social
Telegram X,SOCIAL,4.6,70616,5000000,Free,0.0,Teen,2018-07-27,,Social
The Video Messenger App,SOCIAL,4.4,1200,100000,Free,0.0,Everyone,2018-08-02,2.8,Social
Jodel - The Hyperlocal App,SOCIAL,4.5,76480,1000000,Free,0.0,Mature 17+,2018-08-06,20.0,Social
Who Viewed My Facebook Profile - Stalkers Visitors,SOCIAL,4.6,271445,5000000,Free,0.0,Everyone,2018-06-24,9.9,Social
"Hide Something - Photo, Video",SOCIAL,4.6,225103,5000000,Free,0.0,Everyone,2018-06-13,5.3,Social
Love Sticker,SOCIAL,4.6,33177,1000000,Free,0.0,Everyone,2018-06-12,10.0,Social
Web Browser & Fast Explorer,SOCIAL,4.4,54768,5000000,Free,0.0,Everyone,2018-05-16,2.6,Social
"LiveMe - Video chat, new friends, and make money",SOCIAL,4.5,457197,10000000,Free,0.0,Teen,2018-08-03,,Social
VidStatus app - Status Videos & Status Downloader,SOCIAL,4.5,25562,5000000,Free,0.0,Teen,2018-08-02,31.0,Social
Love Images,SOCIAL,4.3,16404,1000000,Free,0.0,Everyone,2018-06-24,2.3,Social
Web Browser ( Fast & Secure Web Explorer),SOCIAL,4.4,2508,500000,Free,0.0,Everyone,2017-11-20,6.0,Social
SPARK - Live random video chat & meet new people,SOCIAL,4.6,79658,5000000,Free,0.0,Mature 17+,2018-08-06,17.0,Social
Golden telegram,SOCIAL,4.3,374,50000,Free,0.0,Everyone,2018-07-30,20.0,Social
Amino: Communities and Chats,SOCIAL,4.8,1259075,10000000,Free,0.0,Teen,2018-07-20,62.0,Social
Facebook Local,SOCIAL,4.2,4751,1000000,Free,0.0,Teen,2018-06-30,,Social
Meet – Talk to Strangers Using Random Video Chat,SOCIAL,4.6,60562,5000000,Free,0.0,Mature 17+,2018-08-06,15.0,Social
MobilePatrol Public Safety App,SOCIAL,4.0,22695,1000000,Free,0.0,Everyone 10+,2018-06-21,,Social
"💘 WhatsLov: Smileys of love, stickers and GIF",SOCIAL,4.6,22098,1000000,Free,0.0,Everyone,2018-07-24,18.0,Social
Phone Tracker : Family Locator,SOCIAL,4.3,231325,10000000,Free,0.0,Everyone,2018-08-02,5.4,Social
HTC Social Plugin - Facebook,SOCIAL,3.6,13223,10000000,Free,0.0,Mature 17+,2016-06-08,2.8,Social
Periscope - Live Video,SOCIAL,4.0,479908,10000000,Free,0.0,Mature 17+,2018-07-09,15.0,Social
Quora,SOCIAL,4.5,313633,10000000,Free,0.0,Teen,2018-07-25,,Social
Kate Mobile for VK,SOCIAL,4.4,540930,10000000,Free,0.0,Teen,2018-07-23,5.3,Social
Family GPS tracker KidControl + GPS by SMS Locator,SOCIAL,4.5,57146,1000000,Free,0.0,Everyone,2018-07-27,,Social
LinkedIn,SOCIAL,4.2,1225339,100000000,Free,0.0,Everyone,2018-08-02,,Social
Moment,SOCIAL,4.5,19583,1000000,Free,0.0,Teen,2018-08-01,37.0,Social
"Text Me: Text Free, Call Free, Second Phone Number",SOCIAL,4.3,344921,10000000,Free,0.0,Everyone,2018-06-07,,Social
Meetup,SOCIAL,4.2,79129,5000000,Free,0.0,Teen,2018-08-02,23.0,Social
Text Free: WiFi Calling App,SOCIAL,4.2,83488,5000000,Free,0.0,Everyone,2018-07-24,,Social
TextNow - free text + calls,SOCIAL,4.4,441189,10000000,Free,0.0,Everyone,2018-08-03,,Social
Badoo - Free Chat & Dating App,SOCIAL,4.3,3781770,100000000,Free,0.0,Mature 17+,2018-08-02,,Social
Text free - Free Text + Call,SOCIAL,4.3,315441,10000000,Free,0.0,Everyone,2018-07-26,,Social
textPlus: Free Text & Calls,SOCIAL,4.1,382120,10000000,Free,0.0,Everyone,2018-07-26,28.0,Social
"Free phone calls, free texting SMS on free number",SOCIAL,4.5,412725,10000000,Free,0.0,Everyone,2018-07-31,35.0,Social
Tango - Live Video Broadcast,SOCIAL,4.3,3806669,100000000,Free,0.0,Mature 17+,2018-08-01,,Social
MeetMe: Chat & Meet New People,SOCIAL,4.2,1259849,50000000,Free,0.0,Mature 17+,2018-08-03,76.0,Social
"Tagged - Meet, Chat & Dating",SOCIAL,4.1,486824,10000000,Free,0.0,Mature 17+,2018-06-21,,Social
"ooVoo Video Calls, Messaging & Stories",SOCIAL,4.3,1157004,50000000,Free,0.0,Everyone,2017-10-16,34.0,Social
"SayHi Chat, Meet New People",SOCIAL,4.2,423105,10000000,Free,0.0,Mature 17+,2018-07-09,,Social
Whisper,SOCIAL,4.1,205803,5000000,Free,0.0,Teen,2018-07-18,,Social
"Tapatalk - 100,000+ Forums",SOCIAL,4.1,285816,10000000,Free,0.0,Mature 17+,2018-06-19,,Social
Tumblr,SOCIAL,4.4,2955325,100000000,Free,0.0,Mature 17+,2018-08-01,,Social
Blogger,SOCIAL,3.7,138026,5000000,Free,0.0,Mature 17+,2016-02-29,2.7,Social
Bloglovin',SOCIAL,3.9,8936,500000,Free,0.0,Everyone,2017-05-18,,Social
Blogaway for Android (Blogger),SOCIAL,3.7,4253,100000,Free,0.0,Teen,2018-05-31,4.1,Social
Snapchat,SOCIAL,4.0,17014705,500000000,Free,0.0,Teen,2018-07-30,,Social
Instagram,SOCIAL,4.5,66577446,1000000000,Free,0.0,Teen,2018-07-31,,Social
TwitCasting Live,SOCIAL,3.6,14835,1000000,Free,0.0,Teen,2018-08-02,,Social
Stream - Live Video Community,SOCIAL,4.1,6388,500000,Free,0.0,Teen,2017-12-05,,Social
YouNow: Live Stream Video Chat,SOCIAL,4.1,309872,10000000,Free,0.0,Teen,2018-08-03,85.0,Social
Periscope - Live Video,SOCIAL,4.0,479909,10000000,Free,0.0,Mature 17+,2018-07-09,15.0,Social
Mirrativ: Live Stream Any App,SOCIAL,4.1,17955,500000,Free,0.0,Teen,2018-08-02,89.0,Social
Snapchat,SOCIAL,4.0,17015352,500000000,Free,0.0,Teen,2018-07-30,,Social
Instagram,SOCIAL,4.5,66577313,1000000000,Free,0.0,Teen,2018-07-31,,Social
Pinterest,SOCIAL,4.6,4305441,100000000,Free,0.0,Teen,2018-08-03,,Social
Nextdoor - Local neighborhood news & classifieds,SOCIAL,4.3,51502,5000000,Free,0.0,Teen,2018-07-25,20.0,Social
"SKOUT - Meet, Chat, Go Live",SOCIAL,4.3,1064049,50000000,Free,0.0,Mature 17+,2018-07-28,,Social
Banjo,SOCIAL,4.2,58341,1000000,Free,0.0,Everyone,2015-07-25,9.3,Social
We Heart It,SOCIAL,4.5,637309,10000000,Free,0.0,Teen,2018-07-18,,Social
MeetMe: Chat & Meet New People,SOCIAL,4.2,1259894,50000000,Free,0.0,Mature 17+,2018-08-03,76.0,Social
"ooVoo Video Calls, Messaging & Stories",SOCIAL,4.3,1157003,50000000,Free,0.0,Everyone,2017-10-16,34.0,Social
Timehop,SOCIAL,4.1,161610,5000000,Free,0.0,Teen,2018-08-05,16.0,Social
Frontback - Social Photos,SOCIAL,3.8,19446,1000000,Free,0.0,Mature 17+,2017-12-01,,Social
LinkedIn,SOCIAL,4.2,1225367,100000000,Free,0.0,Everyone,2018-08-02,,Social
Path,SOCIAL,4.4,1520959,10000000,Free,0.0,Teen,2018-05-09,,Social
Tango - Live Video Broadcast,SOCIAL,4.3,3806669,100000000,Free,0.0,Mature 17+,2018-08-01,,Social
"SayHi Chat, Meet New People",SOCIAL,4.2,423138,10000000,Free,0.0,Mature 17+,2018-07-09,,Social
"Tapatalk - 100,000+ Forums",SOCIAL,4.1,285820,10000000,Free,0.0,Mature 17+,2018-06-19,,Social
Couple - Relationship App,SOCIAL,4.0,33249,1000000,Free,0.0,Everyone,2015-03-05,8.4,Social
Badoo - Free Chat & Dating App,SOCIAL,4.3,3781770,100000000,Free,0.0,Mature 17+,2018-08-02,,Social
Nextdoor - Local neighborhood news & classifieds,SOCIAL,4.3,51504,5000000,Free,0.0,Teen,2018-07-25,20.0,Social
POF Free Dating App,SOCIAL,4.2,1175794,50000000,Free,0.0,Mature 17+,2018-07-31,,Social
MeetMe: Chat & Meet New People,SOCIAL,4.2,1259894,50000000,Free,0.0,Mature 17+,2018-08-03,76.0,Social
LOVOO,SOCIAL,4.0,852455,10000000,Free,0.0,Mature 17+,2018-08-03,68.0,Social
"Jaumo Dating, Flirt & Live Video",SOCIAL,4.4,900064,10000000,Free,0.0,Mature 17+,2018-07-31,13.0,Social
Patook - make platonic friends,SOCIAL,4.0,3677,100000,Free,0.0,Mature 17+,2018-06-21,50.0,Social
Meetup,SOCIAL,4.2,79129,5000000,Free,0.0,Teen,2018-08-02,23.0,Social
Text Free: WiFi Calling App,SOCIAL,4.2,83488,5000000,Free,0.0,Everyone,2018-07-24,,Social
Zello PTT Walkie Talkie,SOCIAL,4.4,695613,50000000,Free,0.0,Everyone,2018-08-02,,Social
textPlus: Free Text & Calls,SOCIAL,4.1,382121,10000000,Free,0.0,Everyone,2018-07-26,28.0,Social
magicApp Calling & Messaging,SOCIAL,4.1,207712,10000000,Free,0.0,Everyone,2018-06-09,,Social
"Dating App, Flirt & Chat : W-Match",SOCIAL,4.3,175722,10000000,Free,0.0,Mature 17+,2018-07-23,,Social
uCiC- Videos and Photos on demand,SOCIAL,4.0,2052,100000,Free,0.0,Teen,2017-09-27,7.0,Social
Meetup,SOCIAL,4.2,79130,5000000,Free,0.0,Teen,2018-08-02,23.0,Social
POF Free Dating App,SOCIAL,4.2,1175815,50000000,Free,0.0,Mature 17+,2018-07-31,,Social
MeetMe: Chat & Meet New People,SOCIAL,4.2,1259894,50000000,Free,0.0,Mature 17+,2018-08-03,76.0,Social
"Tagged - Meet, Chat & Dating",SOCIAL,4.1,486830,10000000,Free,0.0,Mature 17+,2018-06-21,,Social
LOVOO,SOCIAL,4.0,852455,10000000,Free,0.0,Mature 17+,2018-08-03,68.0,Social
"SKOUT - Meet, Chat, Go Live",SOCIAL,4.3,1064076,50000000,Free,0.0,Mature 17+,2018-07-28,,Social
Badoo - Free Chat & Dating App,SOCIAL,4.3,3781770,100000000,Free,0.0,Mature 17+,2018-08-02,,Social
"Jaumo Dating, Flirt & Live Video",SOCIAL,4.4,900064,10000000,Free,0.0,Mature 17+,2018-07-31,13.0,Social
"Mico- Stranger Chat Random video Chat, Live, Meet",SOCIAL,4.4,624557,10000000,Free,0.0,Mature 17+,2018-07-27,56.0,Social
"SayHi Chat, Meet New People",SOCIAL,4.2,423138,10000000,Free,0.0,Mature 17+,2018-07-09,,Social
"Waplog - Free Chat, Dating App, Meet Singles",SOCIAL,4.2,522018,10000000,Free,0.0,Mature 17+,2018-08-02,,Social
Couple - Relationship App,SOCIAL,4.0,33249,1000000,Free,0.0,Everyone,2015-03-05,8.4,Social
Meetup,SOCIAL,4.2,79130,5000000,Free,0.0,Teen,2018-08-02,23.0,Social
Amazon for Tablets,SHOPPING,4.0,141613,10000000,Free,0.0,Teen,2018-07-31,22.0,Shopping
Wish - Shopping Made Fun,SHOPPING,4.5,6210998,100000000,Free,0.0,Everyone,2018-08-03,15.0,Shopping
OfferUp - Buy. Sell. Offer Up,SHOPPING,4.6,591312,10000000,Free,0.0,Everyone,2018-08-03,,Shopping
Shopee - No. 1 Online Shopping,SHOPPING,4.3,94294,10000000,Free,0.0,Everyone,2018-07-23,30.0,Shopping
Shopee: No.1 Online Shopping,SHOPPING,4.2,608753,10000000,Free,0.0,Everyone,2018-07-23,30.0,Shopping
Kroger,SHOPPING,4.3,38961,5000000,Free,0.0,Everyone,2018-08-02,27.0,Shopping
"AliExpress - Smarter Shopping, Better Living",SHOPPING,4.6,5916606,100000000,Free,0.0,Teen,2018-08-06,,Shopping
Walmart,SHOPPING,4.4,441473,10000000,Free,0.0,Everyone,2018-07-30,,Shopping
eBay: Buy & Sell this Summer - Discover Deals Now!,SHOPPING,4.4,2788923,100000000,Free,0.0,Teen,2018-07-30,,Shopping
"letgo: Buy & Sell Used Stuff, Cars & Real Estate",SHOPPING,4.5,973270,50000000,Free,0.0,Teen,2018-08-06,20.0,Shopping
Amazon Shopping,SHOPPING,4.3,909226,100000000,Free,0.0,Teen,2018-07-31,42.0,Shopping
Lazada - Online Shopping & Deals,SHOPPING,4.2,1573054,50000000,Free,0.0,Everyone,2018-08-02,,Shopping
OLX - Buy and Sell,SHOPPING,4.2,857923,50000000,Free,0.0,Everyone,2018-07-31,18.0,Shopping
The wall,SHOPPING,4.4,35563,1000000,Free,0.0,Everyone,2018-07-23,4.2,Shopping
Flipp - Weekly Shopping,SHOPPING,4.6,85858,10000000,Free,0.0,Everyone,2018-07-30,,Shopping
"Shrimp skin shopping: spend less, buy better",SHOPPING,4.2,106798,5000000,Free,0.0,Everyone,2018-07-23,30.0,Shopping
Lotte Home Shopping LOTTE Homeshopping,SHOPPING,3.6,8820,5000000,Free,0.0,Everyone,2018-07-25,33.0,Shopping
"Horn, free country requirements",SHOPPING,4.5,37186,1000000,Free,0.0,Everyone,2018-06-30,7.9,Shopping
Jiji.ng,SHOPPING,4.4,25714,1000000,Free,0.0,Everyone,2018-07-24,12.0,Shopping
GS SHOP,SHOPPING,3.8,44255,10000000,Free,0.0,Everyone,2018-08-03,15.0,Shopping
The birth,SHOPPING,4.7,1084945,50000000,Free,0.0,Teen,2018-08-03,,Shopping
CJmall,SHOPPING,3.6,18252,10000000,Free,0.0,Everyone,2018-08-06,10.0,Shopping
Home & Shopping - Only in apps. 10% off + 10% off,SHOPPING,4.2,42750,10000000,Free,0.0,Everyone,2018-08-04,9.9,Shopping
EHS Dongsen Shopping,SHOPPING,3.6,3656,1000000,Free,0.0,Teen,2018-08-03,9.0,Shopping
bigbasket - online grocery,SHOPPING,4.3,216741,5000000,Free,0.0,Everyone,2018-08-06,,Shopping
Bukalapak - Buy and Sell Online,SHOPPING,4.4,662287,10000000,Free,0.0,Everyone,2018-08-03,21.0,Shopping
Life market,SHOPPING,4.5,30834,1000000,Free,0.0,Everyone,2018-07-17,13.0,Shopping
Jabong Online Shopping App,SHOPPING,4.1,367290,10000000,Free,0.0,Everyone,2018-07-20,11.0,Shopping
Family Dollar,SHOPPING,4.3,2588,1000000,Free,0.0,Everyone,2018-07-23,21.0,Shopping
Jumia online shopping,SHOPPING,4.3,162655,10000000,Free,0.0,Teen,2018-07-10,8.1,Shopping
Mercado Libre: Find your favorite brands,SHOPPING,4.7,3860225,50000000,Free,0.0,Everyone,2018-08-03,,Shopping
"Carousell: Snap-Sell, Chat-Buy",SHOPPING,4.3,125783,10000000,Free,0.0,Teen,2018-08-06,,Shopping
Blibli.com Online Shopping,SHOPPING,4.2,171584,10000000,Free,0.0,Everyone,2018-07-26,12.0,Shopping
"Club Factory Everything, Unbeaten Price",SHOPPING,4.2,244141,10000000,Free,0.0,Everyone,2018-08-06,7.3,Shopping
"Real Estate, Car, Shopping and Others",SHOPPING,4.3,568273,10000000,Free,0.0,Everyone,2018-08-04,,Shopping
ZALORA Fashion Shopping,SHOPPING,4.2,142512,10000000,Free,0.0,Everyone,2018-07-25,15.0,Shopping
Magazine Luiza Online Shopping,SHOPPING,4.3,109124,10000000,Free,0.0,Everyone,2018-08-02,22.0,Shopping
ROMWE - Women's Fashion,SHOPPING,4.6,135043,10000000,Free,0.0,Everyone,2018-07-30,11.0,Shopping
Buscapé - Offers and discounts,SHOPPING,4.4,108592,10000000,Free,0.0,Everyone,2018-07-24,8.3,Shopping
Myntra Online Shopping App,SHOPPING,4.3,1315242,50000000,Free,0.0,Everyone,2018-07-21,,Shopping
11st,SHOPPING,3.8,48732,10000000,Free,0.0,Everyone,2018-07-31,20.0,Shopping
Coupang,SHOPPING,4.6,308234,10000000,Free,0.0,Everyone,2018-08-02,38.0,Shopping
Wemep - Special price representative (special / shopping / shopping app / coupon / shipping),SHOPPING,4.5,178497,10000000,Free,0.0,Everyone,2018-08-02,9.1,Shopping
Target - now with Cartwheel,SHOPPING,4.1,68406,10000000,Free,0.0,Everyone,2018-07-25,24.0,Shopping
Flipkart Online Shopping App,SHOPPING,4.4,6012719,100000000,Free,0.0,Teen,2018-08-06,,Shopping
Sam's Club: Wholesale Shopping & Instant Savings,SHOPPING,4.3,45362,5000000,Free,0.0,Everyone,2018-07-20,,Shopping
Chilindo,SHOPPING,3.8,18364,1000000,Free,0.0,Everyone,2018-08-04,29.0,Shopping
Rossmann PL,SHOPPING,4.0,15867,5000000,Free,0.0,Everyone,2018-08-06,,Shopping
"Jingdong - pick good things, go to Jingdong",SHOPPING,3.3,9189,1000000,Free,0.0,Teen,2018-08-01,98.0,Shopping
CheckPoints 🏆 Rewards App,SHOPPING,4.1,23187,1000000,Free,0.0,Everyone,2018-06-21,25.0,Shopping
Extreme Coupon Finder,SHOPPING,4.1,11798,1000000,Free,0.0,Everyone,2018-05-10,,Shopping
SnipSnap Coupon App,SHOPPING,4.2,9975,1000000,Free,0.0,Everyone,2018-01-22,18.0,Shopping
Checkout 51: Grocery coupons,SHOPPING,4.1,52896,10000000,Free,0.0,Everyone,2018-06-18,,Shopping
Coupon Sherpa,SHOPPING,4.4,7793,500000,Free,0.0,Everyone,2018-02-06,6.1,Shopping
Gyft - Mobile Gift Card Wallet,SHOPPING,4.1,9701,500000,Free,0.0,Everyone,2018-07-25,14.0,Shopping
SavingStar - Grocery Coupons,SHOPPING,4.2,31519,1000000,Free,0.0,Everyone,2018-06-12,21.0,Shopping
The Coupons App,SHOPPING,4.5,181990,10000000,Free,0.0,Everyone,2018-04-27,,Shopping
"Shopkick: Free Gift Cards, Shop Rewards & Deals",SHOPPING,4.3,213735,10000000,Free,0.0,Everyone,2018-07-24,43.0,Shopping
Wish - Shopping Made Fun,SHOPPING,4.5,6211039,100000000,Free,0.0,Everyone,2018-08-03,15.0,Shopping
Key Ring: Cards Coupon & Sales,SHOPPING,4.1,42871,1000000,Free,0.0,Everyone,2018-07-27,23.0,Shopping
"Ibotta: Cash Back Savings, Rewards & Coupons App",SHOPPING,4.5,315908,10000000,Free,0.0,Everyone,2018-08-01,52.0,Shopping
"RetailMeNot - Coupons, Deals & Discount Shopping",SHOPPING,4.4,210208,10000000,Free,0.0,Everyone,2018-08-01,,Shopping
"Groupon - Shop Deals, Discounts & Coupons",SHOPPING,4.6,1370749,50000000,Free,0.0,Teen,2018-08-03,,Shopping
"Kohl's: Scan, Shop, Pay & Save",SHOPPING,4.5,79261,5000000,Free,0.0,Everyone,2018-08-03,57.0,Shopping
Stocard - Rewards Cards Wallet,SHOPPING,4.6,284725,10000000,Free,0.0,Everyone,2018-07-31,20.0,Shopping
Nike,SHOPPING,4.7,67071,1000000,Free,0.0,Everyone,2018-08-01,40.0,Shopping
Poshmark - Buy & Sell Fashion,SHOPPING,4.3,46153,10000000,Free,0.0,Everyone,2018-08-04,17.0,Shopping
Mercari: The Selling App,SHOPPING,4.4,101883,10000000,Free,0.0,Everyone,2018-08-03,13.0,Shopping
Blidz - Hunt Free Deals On Trending Items!,SHOPPING,4.4,1659,50000,Free,0.0,Everyone,2018-06-29,33.0,Shopping
SnipSnap Coupon App,SHOPPING,4.2,9975,1000000,Free,0.0,Everyone,2018-01-22,18.0,Shopping
Extreme Coupon Finder,SHOPPING,4.1,11798,1000000,Free,0.0,Everyone,2018-05-10,,Shopping
Checkout 51: Grocery coupons,SHOPPING,4.1,52896,10000000,Free,0.0,Everyone,2018-06-18,,Shopping
The Coupons App,SHOPPING,4.5,181990,10000000,Free,0.0,Everyone,2018-04-27,,Shopping
"Shopular: Coupons, Weekly Ads & Shopping Deals",SHOPPING,4.7,57920,1000000,Free,0.0,Everyone,2018-05-31,,Shopping
LivingSocial - Local Deals,SHOPPING,4.1,28523,5000000,Free,0.0,Everyone,2018-08-03,29.0,Shopping
Coupons.com – Grocery Coupons & Cash Back Savings,SHOPPING,4.2,24953,1000000,Free,0.0,Everyone,2018-06-21,,Shopping
"Ebates: Cash Back, Coupons, Rewards & Savings",SHOPPING,4.5,37253,1000000,Free,0.0,Everyone,2018-08-03,31.0,Shopping
"RetailMeNot - Coupons, Deals & Discount Shopping",SHOPPING,4.4,210208,10000000,Free,0.0,Everyone,2018-08-01,,Shopping
"Groupon - Shop Deals, Discounts & Coupons",SHOPPING,4.6,1370749,50000000,Free,0.0,Teen,2018-08-03,,Shopping
FidMe Loyalty Cards & Deals at Grocery Supermarket,SHOPPING,4.2,33758,1000000,Free,0.0,Everyone,2018-08-06,,Shopping
Stocard - Rewards Cards Wallet,SHOPPING,4.6,284721,10000000,Free,0.0,Everyone,2018-07-31,20.0,Shopping
Ratings by Consumer Reports,SHOPPING,4.3,3420,100000,Free,0.0,Everyone,2018-02-27,13.0,Shopping
HauteLook,SHOPPING,4.1,7193,500000,Free,0.0,Everyone,2018-07-13,7.3,Shopping
Extreme Coupon Finder,SHOPPING,4.1,11798,1000000,Free,0.0,Everyone,2018-05-10,,Shopping
eBay: Buy & Sell this Summer - Discover Deals Now!,SHOPPING,4.4,2788923,100000000,Free,0.0,Teen,2018-07-30,,Shopping
Checkout 51: Grocery coupons,SHOPPING,4.1,52896,10000000,Free,0.0,Everyone,2018-06-18,,Shopping
Nordstrom,SHOPPING,4.6,2278,500000,Free,0.0,Everyone,2018-07-15,12.0,Shopping
Modcloth – Unique Indie Women's Fashion & Style,SHOPPING,4.2,5121,500000,Free,0.0,Everyone,2018-07-13,8.8,Shopping
Fancy,SHOPPING,4.2,39735,5000000,Free,0.0,Teen,2018-07-25,18.0,Shopping
Gyft - Mobile Gift Card Wallet,SHOPPING,4.1,9701,500000,Free,0.0,Everyone,2018-07-25,14.0,Shopping
"Twice: Buy, Sell Clothing",SHOPPING,4.2,1558,100000,Free,0.0,Everyone,2015-07-29,21.0,Shopping
"Shopkick: Free Gift Cards, Shop Rewards & Deals",SHOPPING,4.3,213735,10000000,Free,0.0,Everyone,2018-07-24,43.0,Shopping
Slice: Package Tracker,SHOPPING,4.2,16966,1000000,Free,0.0,Everyone,2018-07-12,34.0,Shopping
The Coupons App,SHOPPING,4.5,181990,10000000,Free,0.0,Everyone,2018-04-27,,Shopping
"Shopular: Coupons, Weekly Ads & Shopping Deals",SHOPPING,4.7,57920,1000000,Free,0.0,Everyone,2018-05-31,,Shopping
Wish - Shopping Made Fun,SHOPPING,4.5,6211039,100000000,Free,0.0,Everyone,2018-08-03,15.0,Shopping
"Carousell: Snap-Sell, Chat-Buy",SHOPPING,4.3,125783,10000000,Free,0.0,Teen,2018-08-06,,Shopping
LightInTheBox Online Shopping,SHOPPING,4.0,41986,5000000,Free,0.0,Teen,2018-08-06,26.0,Shopping
Walmart,SHOPPING,4.4,441473,10000000,Free,0.0,Everyone,2018-07-30,,Shopping
Best Buy,SHOPPING,4.4,186116,5000000,Free,0.0,Everyone,2018-08-03,34.0,Shopping
JackThreads: Men's Shopping,SHOPPING,4.0,13085,1000000,Free,0.0,Teen,2017-11-08,2.7,Shopping
"Ibotta: Cash Back Savings, Rewards & Coupons App",SHOPPING,4.5,315908,10000000,Free,0.0,Everyone,2018-08-01,52.0,Shopping
"AliExpress - Smarter Shopping, Better Living",SHOPPING,4.6,5916569,100000000,Free,0.0,Teen,2018-08-06,,Shopping
LivingSocial - Local Deals,SHOPPING,4.1,28523,5000000,Free,0.0,Everyone,2018-08-03,29.0,Shopping
zulily - Shop Daily Deals in Fashion and Home,SHOPPING,4.5,28560,1000000,Free,0.0,Everyone,2018-07-23,,Shopping
MiniInTheBox Online Shopping,SHOPPING,3.9,34171,1000000,Free,0.0,Everyone,2018-07-24,,Shopping
Zappos – Shoe shopping made simple,SHOPPING,4.5,44588,5000000,Free,0.0,Everyone,2018-07-12,20.0,Shopping
Urban Outfitters,SHOPPING,4.2,4158,500000,Free,0.0,Teen,2018-07-02,23.0,Shopping
Tophatter - 90 Second Auctions,SHOPPING,4.3,105773,10000000,Free,0.0,Everyone,2018-08-05,,Shopping
Amazon Shopping,SHOPPING,4.3,909204,100000000,Free,0.0,Teen,2018-07-31,42.0,Shopping
Shopfully - Weekly Ads & Deals,SHOPPING,4.4,279428,10000000,Free,0.0,Everyone,2018-08-03,16.0,Shopping
Slickdeals: Coupons & Shopping,SHOPPING,4.5,33583,1000000,Free,0.0,Everyone,2018-07-30,12.0,Shopping
Wanelo Shopping,SHOPPING,4.6,94205,1000000,Free,0.0,Everyone,2018-06-13,6.5,Shopping
"RetailMeNot - Coupons, Deals & Discount Shopping",SHOPPING,4.4,210208,10000000,Free,0.0,Everyone,2018-08-01,,Shopping
Etsy: Handmade & Vintage Goods,SHOPPING,4.3,95520,10000000,Free,0.0,Teen,2018-08-03,15.0,Shopping
Poshmark - Buy & Sell Fashion,SHOPPING,4.3,46153,10000000,Free,0.0,Everyone,2018-08-04,17.0,Shopping
Target - now with Cartwheel,SHOPPING,4.1,68406,10000000,Free,0.0,Everyone,2018-07-25,24.0,Shopping
ASOS,SHOPPING,4.7,181798,10000000,Free,0.0,Everyone,2018-07-30,22.0,Shopping
"Overstock – Home Decor, Furniture Shopping",SHOPPING,4.4,25719,1000000,Free,0.0,Teen,2018-08-06,,Shopping
ZALORA Fashion Shopping,SHOPPING,4.2,142512,10000000,Free,0.0,Everyone,2018-07-25,15.0,Shopping
eBay: Buy & Sell this Summer - Discover Deals Now!,SHOPPING,4.4,2788923,100000000,Free,0.0,Teen,2018-07-30,,Shopping
Fancy,SHOPPING,4.2,39735,5000000,Free,0.0,Teen,2018-07-25,18.0,Shopping
Modcloth – Unique Indie Women's Fashion & Style,SHOPPING,4.2,5121,500000,Free,0.0,Everyone,2018-07-13,8.8,Shopping
Gyft - Mobile Gift Card Wallet,SHOPPING,4.1,9701,500000,Free,0.0,Everyone,2018-07-25,14.0,Shopping
JackThreads: Men's Shopping,SHOPPING,4.0,13085,1000000,Free,0.0,Teen,2017-11-08,2.7,Shopping
LivingSocial - Local Deals,SHOPPING,4.1,28523,5000000,Free,0.0,Everyone,2018-08-03,29.0,Shopping
Zappos – Shoe shopping made simple,SHOPPING,4.5,44588,5000000,Free,0.0,Everyone,2018-07-12,20.0,Shopping
Wanelo Shopping,SHOPPING,4.6,94205,1000000,Free,0.0,Everyone,2018-06-13,6.5,Shopping
Etsy: Handmade & Vintage Goods,SHOPPING,4.3,95520,10000000,Free,0.0,Teen,2018-08-03,15.0,Shopping
"Groupon - Shop Deals, Discounts & Coupons",SHOPPING,4.6,1370749,50000000,Free,0.0,Teen,2018-08-03,,Shopping
eBay: Buy & Sell this Summer - Discover Deals Now!,SHOPPING,4.4,2788923,100000000,Free,0.0,Teen,2018-07-30,,Shopping
Find&Save - Local Shopping,SHOPPING,4.0,4602,500000,Free,0.0,Everyone,2017-12-22,6.2,Shopping
Receipt Hog - Receipts to Cash,SHOPPING,4.5,72596,1000000,Free,0.0,Teen,2018-08-03,19.0,Shopping
ShopSavvy Barcode & QR Scanner,SHOPPING,4.1,110425,10000000,Free,0.0,Everyone,2018-06-18,27.0,Shopping
"Savory - Deals,Freebies,Sales",SHOPPING,4.4,2375,100000,Free,0.0,Everyone,2016-11-02,1.1,Shopping
JackThreads: Men's Shopping,SHOPPING,4.0,13085,1000000,Free,0.0,Teen,2017-11-08,2.7,Shopping
"AliExpress - Smarter Shopping, Better Living",SHOPPING,4.6,5917485,100000000,Free,0.0,Teen,2018-08-06,,Shopping
Newegg Mobile,SHOPPING,4.5,35497,1000000,Free,0.0,Everyone,2018-07-11,16.0,Shopping
REI – Shop Outdoor Gear,SHOPPING,4.4,3878,100000,Free,0.0,Everyone,2018-05-08,8.8,Shopping
Slickdeals: Coupons & Shopping,SHOPPING,4.5,33583,1000000,Free,0.0,Everyone,2018-07-30,12.0,Shopping
Target - now with Cartwheel,SHOPPING,4.1,68406,10000000,Free,0.0,Everyone,2018-08-06,24.0,Shopping
The Home Depot,SHOPPING,4.3,44071,5000000,Free,0.0,Everyone,2018-07-19,56.0,Shopping
Wish - Shopping Made Fun,SHOPPING,4.5,6212081,100000000,Free,0.0,Everyone,2018-08-03,15.0,Shopping
Fancy,SHOPPING,4.2,39735,5000000,Free,0.0,Teen,2018-07-25,18.0,Shopping
Boxed Wholesale,SHOPPING,3.8,6380,1000000,Free,0.0,Everyone,2018-08-02,,Shopping
La La-Shop Designer Brands Street,SHOPPING,4.5,5123,500000,Free,0.0,Everyone,2018-07-28,14.0,Shopping
ASOS,SHOPPING,4.7,181823,10000000,Free,0.0,Everyone,2018-07-30,22.0,Shopping
TouchNote: Cards & Gifts,PHOTOGRAPHY,4.1,19232,1000000,Free,0.0,Everyone,2018-08-06,28.0,Photography
"Shutterfly: Free Prints, Photo Books, Cards, Gifts",PHOTOGRAPHY,4.6,98716,5000000,Free,0.0,Everyone,2018-08-01,59.0,Photography
FreePrints – Free Photos Delivered,PHOTOGRAPHY,4.8,109500,1000000,Free,0.0,Everyone,2018-08-02,37.0,Photography
Groovebook Photo Books & Gifts,PHOTOGRAPHY,4.0,21159,500000,Free,0.0,Everyone,2018-01-31,36.0,Photography
"Moony Lab - Print Photos, Books & Magnets ™",PHOTOGRAPHY,4.7,1320,50000,Free,0.0,Everyone,2018-06-27,9.5,Photography
"LALALAB prints your photos, photobooks and magnets",PHOTOGRAPHY,4.7,50424,1000000,Free,0.0,Everyone,2018-08-02,82.0,Photography
Snapfish,PHOTOGRAPHY,4.1,32398,1000000,Free,0.0,Everyone,2018-08-01,28.0,Photography
Google Photos,PHOTOGRAPHY,4.5,10858556,1000000000,Free,0.0,Everyone,2018-08-06,,Photography
Motorola Camera,PHOTOGRAPHY,3.6,219745,50000000,Free,0.0,Everyone,2016-01-25,,Photography
HD Camera - Best Cam with filters & panorama,PHOTOGRAPHY,4.5,38953,5000000,Free,0.0,Everyone,2018-07-26,9.7,Photography
"Face Filter, Selfie Editor - Sweet Camera",PHOTOGRAPHY,4.7,142634,10000000,Free,0.0,Everyone,2018-07-06,22.0,Photography
LightX Photo Editor & Photo Effects,PHOTOGRAPHY,4.7,259450,10000000,Free,0.0,Everyone,2018-05-24,17.0,Photography
"Sweet Snap - live filter, Selfie photo edit",PHOTOGRAPHY,4.5,123029,10000000,Free,0.0,Everyone,2018-08-02,,Photography
Adobe Photoshop Express:Photo Editor Collage Maker,PHOTOGRAPHY,4.2,914804,50000000,Free,0.0,Everyone,2018-07-22,,Photography
HD Camera - Quick Snap Photo & Video,PHOTOGRAPHY,4.5,21841,1000000,Free,0.0,Everyone,2018-07-24,7.7,Photography
B612 - Beauty & Filter Camera,PHOTOGRAPHY,4.4,5282578,100000000,Free,0.0,Everyone,2018-07-30,,Photography
Waterfall Photo Frames,PHOTOGRAPHY,4.5,10349,1000000,Free,0.0,Everyone,2017-07-29,11.0,Photography
Photo frame,PHOTOGRAPHY,4.5,859,100000,Free,0.0,Everyone,2018-07-18,21.0,Photography
Huji Cam,PHOTOGRAPHY,4.4,40289,5000000,Free,0.0,Everyone,2018-07-11,19.0,Photography
Unicorn Photo,PHOTOGRAPHY,3.7,3362,1000000,Free,0.0,Everyone,2018-05-22,,Photography
HD Camera,PHOTOGRAPHY,4.3,49680,5000000,Free,0.0,Everyone,2018-07-11,8.7,Photography
Makeup Editor -Beauty Photo Editor & Selfie Camera,PHOTOGRAPHY,4.5,3378,1000000,Free,0.0,Mature 17+,2018-07-25,30.0,Photography
Makeup Photo Editor: Makeup Camera & Makeup Editor,PHOTOGRAPHY,4.4,10525,1000000,Free,0.0,Everyone,2018-07-27,25.0,Photography
Moto Photo Editor,PHOTOGRAPHY,3.3,3492,5000000,Free,0.0,Everyone,2018-06-14,17.0,Photography
InstaBeauty -Makeup Selfie Cam,PHOTOGRAPHY,4.3,654419,50000000,Free,0.0,Everyone,2018-02-01,,Photography
Garden Photo Frames - Garden Photo Editor,PHOTOGRAPHY,4.4,1864,500000,Free,0.0,Everyone,2018-05-03,13.0,Photography
Photo Frame,PHOTOGRAPHY,4.5,74476,10000000,Free,0.0,Everyone,2018-06-19,23.0,Photography
Camera360 Lite - Selfie Camera,PHOTOGRAPHY,4.4,221858,10000000,Free,0.0,Everyone,2018-08-01,,Photography
Selfie Camera - Photo Editor & Filter & Sticker,PHOTOGRAPHY,4.2,401820,50000000,Free,0.0,Everyone,2018-04-27,,Photography
"Sweet Snap Lite - live filter, Selfie photo editor",PHOTOGRAPHY,4.5,3116,500000,Free,0.0,Everyone,2018-08-03,22.0,Photography
"Selfie Camera: Beauty Camera, Photo Editor,Collage",PHOTOGRAPHY,4.7,31985,1000000,Free,0.0,Everyone,2018-08-06,9.1,Photography
Night Photo Frame,PHOTOGRAPHY,4.5,4400,1000000,Free,0.0,Everyone,2018-07-28,8.3,Photography
YouCam Makeup - Magic Selfie Makeovers,PHOTOGRAPHY,4.6,3337956,100000000,Free,0.0,Everyone,2018-08-06,,Photography
Selfie Photo Editor,PHOTOGRAPHY,4.6,11677,1000000,Free,0.0,Everyone,2018-07-05,19.0,Photography
BeautyPlus - Easy Photo Editor & Selfie Camera,PHOTOGRAPHY,4.4,3158047,100000000,Free,0.0,Everyone,2018-07-31,53.0,Photography
ASUS Gallery,PHOTOGRAPHY,4.3,125259,50000000,Free,0.0,Everyone,2018-08-02,,Photography
My Photo Keyboard,PHOTOGRAPHY,4.3,56114,10000000,Free,0.0,Everyone,2018-07-09,17.0,Photography
Kids Photo Frames,PHOTOGRAPHY,4.6,15700,1000000,Free,0.0,Everyone,2018-07-07,10.0,Photography
Pencil Photo Sketch-Sketching Drawing Photo Editor,PHOTOGRAPHY,4.4,16523,1000000,Free,0.0,Everyone,2018-07-30,,Photography
"Pretty Makeup, Beauty Photo Editor & Snappy Camera",PHOTOGRAPHY,4.5,26361,5000000,Free,0.0,Everyone,2018-07-25,29.0,Photography
Photo Collage - Layout Editor,PHOTOGRAPHY,4.5,285788,10000000,Free,0.0,Everyone,2017-12-04,46.0,Photography
DSLR Camera Hd Ultra Professional,PHOTOGRAPHY,4.2,4410,1000000,Free,0.0,Everyone,2018-06-27,4.5,Photography
Snap Cat Face Camera,PHOTOGRAPHY,4.0,5855,1000000,Free,0.0,Everyone,2018-07-12,4.9,Photography
Silent Camera [High Quality],PHOTOGRAPHY,4.4,47090,5000000,Free,0.0,Everyone,2018-07-28,,Photography
"Sweet Camera - Selfie Filters, Beauty Camera",PHOTOGRAPHY,4.7,233039,10000000,Free,0.0,Everyone,2018-07-28,24.0,Photography
Photo Frames,PHOTOGRAPHY,4.3,28578,10000000,Free,0.0,Everyone,2018-07-28,23.0,Photography
"Sweet Selfie - selfie camera, beauty cam, photo edit",PHOTOGRAPHY,4.6,1159058,100000000,Free,0.0,Everyone,2018-08-03,25.0,Photography
"Candy selfie - photo editor, live filter camera",PHOTOGRAPHY,4.4,53421,10000000,Free,0.0,Everyone,2018-08-06,26.0,Photography
YouCam Perfect - Selfie Photo Editor,PHOTOGRAPHY,4.5,1579287,100000000,Free,0.0,Everyone,2018-07-25,,Photography
Open Camera,PHOTOGRAPHY,4.3,116880,10000000,Free,0.0,Everyone,2018-04-23,2.0,Photography
Beauty Makeup – Photo Makeover,PHOTOGRAPHY,4.3,21730,1000000,Free,0.0,Everyone,2018-05-23,19.0,Photography
Blur Image Background Editor (Blur Photo Editor),PHOTOGRAPHY,4.4,62421,5000000,Free,0.0,Everyone,2018-07-28,9.6,Photography
Google Photos,PHOTOGRAPHY,4.5,10858538,1000000000,Free,0.0,Everyone,2018-08-06,,Photography
Muzy - Share photos & collages,PHOTOGRAPHY,4.4,70189,5000000,Free,0.0,Teen,2015-08-11,13.0,Photography
QuickPic - Photo Gallery with Google Drive Support,PHOTOGRAPHY,4.6,847159,10000000,Free,0.0,Everyone,2017-11-10,4.2,Photography
Flickr,PHOTOGRAPHY,4.3,251951,10000000,Free,0.0,Mature 17+,2018-07-11,16.0,Photography
"Shutterfly: Free Prints, Photo Books, Cards, Gifts",PHOTOGRAPHY,4.6,98716,5000000,Free,0.0,Everyone,2018-08-01,59.0,Photography
InstaBeauty -Makeup Selfie Cam,PHOTOGRAPHY,4.3,654418,50000000,Free,0.0,Everyone,2018-02-01,,Photography
B612 - Beauty & Filter Camera,PHOTOGRAPHY,4.4,5282558,100000000,Free,0.0,Everyone,2018-07-30,,Photography
Camera for Android,PHOTOGRAPHY,4.2,240475,10000000,Free,0.0,Everyone,2017-11-22,9.5,Photography
Photo Editor Selfie Camera Filter & Mirror Image,PHOTOGRAPHY,4.3,527247,50000000,Free,0.0,Everyone,2018-02-01,,Photography
BeautyPlus - Easy Photo Editor & Selfie Camera,PHOTOGRAPHY,4.4,3157936,100000000,Free,0.0,Everyone,2018-07-31,53.0,Photography
Photo Mixer,PHOTOGRAPHY,3.9,55427,10000000,Free,0.0,Everyone,2016-03-25,6.6,Photography
Photo Editor-,PHOTOGRAPHY,4.3,68070,5000000,Free,0.0,Everyone,2018-05-05,,Photography
"Cymera Camera- Photo Editor, Filter,Collage,Layout",PHOTOGRAPHY,4.4,2418135,100000000,Free,0.0,Everyone,2018-07-12,,Photography
Wondershare PowerCam,PHOTOGRAPHY,4.2,329160,10000000,Free,0.0,Everyone,2018-05-29,27.0,Photography
YouCam Perfect - Selfie Photo Editor,PHOTOGRAPHY,4.5,1579287,100000000,Free,0.0,Everyone,2018-07-25,,Photography
love,PHOTOGRAPHY,4.3,42677,1000000,Free,0.0,Everyone,2018-06-15,22.0,Photography
LINE Camera - Photo editor,PHOTOGRAPHY,4.3,1517369,100000000,Free,0.0,Everyone,2018-03-06,,Photography
InstaSize Photo Filters & Collage Editor,PHOTOGRAPHY,4.3,811693,50000000,Free,0.0,Everyone,2018-08-02,50.0,Photography
"KVAD Camera +: Selfie, Photo Filter, Grids",PHOTOGRAPHY,4.1,23440,1000000,Free,0.0,Everyone,2018-07-11,30.0,Photography
"Candy Camera - selfie, beauty camera, photo editor",PHOTOGRAPHY,4.4,3368649,100000000,Free,0.0,Everyone,2018-07-16,,Photography
Photo Editor,PHOTOGRAPHY,4.3,42079,1000000,Free,0.0,Everyone,2015-09-24,17.0,Photography
Camera51 - a smarter camera,PHOTOGRAPHY,4.0,29707,1000000,Free,0.0,Everyone,2015-02-10,18.0,Photography
InstaCam - Camera for Selfie,PHOTOGRAPHY,4.0,15098,1000000,Free,0.0,Everyone,2017-03-03,10.0,Photography
"Phogy, 3D Camera",PHOTOGRAPHY,4.0,35724,1000000,Free,0.0,Everyone,2015-02-11,9.9,Photography
Sweet Camera,PHOTOGRAPHY,4.4,71898,5000000,Free,0.0,Everyone,2017-10-10,23.0,Photography
Camera360: Selfie Photo Editor with Funny Sticker,PHOTOGRAPHY,4.3,4865093,100000000,Free,0.0,Everyone,2018-08-06,51.0,Photography
RetroSelfie - Selfie Editor,PHOTOGRAPHY,4.1,106080,10000000,Free,0.0,Everyone,2018-06-27,35.0,Photography
Mega Photo,PHOTOGRAPHY,4.2,44941,1000000,Free,0.0,Everyone,2016-10-19,16.0,Photography
Blur Image Background,PHOTOGRAPHY,3.9,129272,10000000,Free,0.0,Everyone,2018-07-30,11.0,Photography
MIX by Camera360,PHOTOGRAPHY,4.4,111066,5000000,Free,0.0,Everyone,2018-08-03,74.0,Photography
Facetune - For Free,PHOTOGRAPHY,4.4,49553,1000000,Paid,5.99,Everyone,2018-07-25,48.0,Photography
Google Photos,PHOTOGRAPHY,4.5,10859051,1000000000,Free,0.0,Everyone,2018-08-06,,Photography
Muzy - Share photos & collages,PHOTOGRAPHY,4.4,70189,5000000,Free,0.0,Teen,2015-08-11,13.0,Photography
QuickPic - Photo Gallery with Google Drive Support,PHOTOGRAPHY,4.6,847159,10000000,Free,0.0,Everyone,2017-11-10,4.2,Photography
Flickr,PHOTOGRAPHY,4.3,251951,10000000,Free,0.0,Mature 17+,2018-07-11,16.0,Photography
"Shutterfly: Free Prints, Photo Books, Cards, Gifts",PHOTOGRAPHY,4.6,98716,5000000,Free,0.0,Everyone,2018-08-01,59.0,Photography
SuperPhoto - Effects & Filters,PHOTOGRAPHY,4.1,43296,5000000,Free,0.0,Everyone,2017-09-20,,Photography
Camera FV-5 Lite,PHOTOGRAPHY,4.0,130081,10000000,Free,0.0,Everyone,2017-11-10,5.6,Photography
HD Camera Ultra,PHOTOGRAPHY,4.3,462152,10000000,Free,0.0,Everyone,2015-10-17,1.5,Photography
Cameringo Lite. Filters Camera,PHOTOGRAPHY,4.2,140917,10000000,Free,0.0,Everyone,2018-06-11,5.7,Photography
Camera ZOOM FX - FREE,PHOTOGRAPHY,4.0,88860,5000000,Free,0.0,Everyone,2017-04-06,6.1,Photography
HD Camera Pro for Android,PHOTOGRAPHY,4.1,49211,1000000,Free,0.0,Everyone,2017-01-19,1.9,Photography
HD Camera for Android,PHOTOGRAPHY,4.1,351254,10000000,Free,0.0,Everyone,2018-06-29,4.0,Photography
GoPro (formerly Capture),PHOTOGRAPHY,4.0,157506,10000000,Free,0.0,Everyone,2018-05-24,47.0,Photography
Photo Editor Pro,PHOTOGRAPHY,4.3,1871416,100000000,Free,0.0,Everyone,2017-12-21,,Photography
Open Camera,PHOTOGRAPHY,4.3,116880,10000000,Free,0.0,Everyone,2018-04-23,2.0,Photography
Camera for Android,PHOTOGRAPHY,4.2,240475,10000000,Free,0.0,Everyone,2017-11-22,9.5,Photography
Beauty Makeup Snappy Collage Photo Editor - Lidow,PHOTOGRAPHY,4.5,420973,10000000,Free,0.0,Everyone,2018-08-02,,Photography
Samsung SMART CAMERA App,PHOTOGRAPHY,4.0,34753,1000000,Free,0.0,Everyone,2018-07-03,22.0,Photography
Square InPic - Photo Editor & Collage Maker,PHOTOGRAPHY,4.4,635846,50000000,Free,0.0,Everyone,2018-05-23,14.0,Photography
"High-Speed Camera (GIF,Burst)",PHOTOGRAPHY,4.1,78140,5000000,Free,0.0,Everyone,2018-02-11,10.0,Photography
"Cymera Camera- Photo Editor, Filter,Collage,Layout",PHOTOGRAPHY,4.4,2418135,100000000,Free,0.0,Everyone,2018-07-12,,Photography
Camera MX - Free Photo & Video Camera,PHOTOGRAPHY,4.3,244371,10000000,Free,0.0,Everyone,2018-07-05,,Photography
Lapse It • Time Lapse • Pro,PHOTOGRAPHY,4.3,12865,100000,Paid,2.99,Everyone,2014-11-06,6.9,Photography
EyeEm - Camera & Photo Filter,PHOTOGRAPHY,4.2,215343,10000000,Free,0.0,Everyone,2018-07-14,44.0,Photography
Retrica,PHOTOGRAPHY,4.3,6120977,100000000,Free,0.0,Everyone,2018-06-28,,Photography
"Candy Camera - selfie, beauty camera, photo editor",PHOTOGRAPHY,4.4,3368646,100000000,Free,0.0,Everyone,2018-07-16,,Photography
VSCO,PHOTOGRAPHY,4.4,753115,50000000,Free,0.0,Everyone,2018-08-03,,Photography
Camera360: Selfie Photo Editor with Funny Sticker,PHOTOGRAPHY,4.3,4865107,100000000,Free,0.0,Everyone,2018-08-06,51.0,Photography
Facetune - For Free,PHOTOGRAPHY,4.4,49553,1000000,Paid,5.99,Everyone,2018-07-25,48.0,Photography
Camera FV-5,PHOTOGRAPHY,3.8,16320,100000,Paid,3.95,Everyone,2017-11-10,,Photography
PhotoWonder: Pro Beauty Photo Editor Collage Maker,PHOTOGRAPHY,4.4,852649,50000000,Free,0.0,Teen,2018-06-26,43.0,Photography
Photo Effects Pro,PHOTOGRAPHY,4.4,1494491,50000000,Free,0.0,Everyone,2017-03-21,21.0,Photography
Photo Editor Selfie Camera Filter & Mirror Image,PHOTOGRAPHY,4.3,527248,50000000,Free,0.0,Everyone,2018-02-01,,Photography
No Crop & Square for Instagram,PHOTOGRAPHY,4.6,819774,10000000,Free,0.0,Everyone,2018-06-26,25.0,Photography
Picture Grid Builder,PHOTOGRAPHY,4.0,33439,5000000,Free,0.0,Everyone,2016-07-18,3.9,Photography
HD Camera for Android,PHOTOGRAPHY,4.1,351255,10000000,Free,0.0,Everyone,2018-06-29,4.0,Photography
Photo Studio,PHOTOGRAPHY,4.2,477831,10000000,Free,0.0,Everyone,2018-07-28,51.0,Photography
Photo Editor Pro,PHOTOGRAPHY,4.3,1871421,100000000,Free,0.0,Everyone,2017-12-21,,Photography
YouCam Makeup - Magic Selfie Makeovers,PHOTOGRAPHY,4.6,3337952,100000000,Free,0.0,Everyone,2018-08-06,,Photography
FilterGrid - Cam&Photo Editor,PHOTOGRAPHY,4.6,126337,1000000,Free,0.0,Everyone,2017-03-15,9.6,Photography
Photo Editor-,PHOTOGRAPHY,4.3,68071,5000000,Free,0.0,Everyone,2018-05-05,,Photography
Camera for Android,PHOTOGRAPHY,4.2,240475,10000000,Free,0.0,Everyone,2017-11-22,9.5,Photography
Mirror Photo:Editor Collage (HD),PHOTOGRAPHY,4.1,373606,10000000,Free,0.0,Everyone,2018-03-27,,Photography
Pic Stitch - #1 Collage Maker,PHOTOGRAPHY,4.2,15426,1000000,Free,0.0,Everyone,2018-07-24,50.0,Photography
PhotoDirector Photo Editor App,PHOTOGRAPHY,4.6,714340,10000000,Free,0.0,Everyone,2018-07-28,,Photography
Pic Collage - Photo Editor,PHOTOGRAPHY,4.6,1451000,50000000,Free,0.0,Everyone,2018-07-19,,Photography
Photo Editor by Aviary,PHOTOGRAPHY,4.4,1490732,50000000,Free,0.0,Everyone,2018-07-19,21.0,Photography
"Video Editor Music,Cut,No Crop",PHOTOGRAPHY,4.7,2163282,50000000,Free,0.0,Everyone,2018-07-10,,Photography
Pixlr – Free Photo Editor,PHOTOGRAPHY,4.4,1163232,50000000,Free,0.0,Everyone,2018-07-20,31.0,Photography
Photo Editor,PHOTOGRAPHY,4.1,114680,10000000,Free,0.0,Everyone,2018-02-15,27.0,Photography
Photo Collage Maker,PHOTOGRAPHY,4.3,751766,10000000,Free,0.0,Everyone,2018-05-10,,Photography
"Cymera Camera- Photo Editor, Filter,Collage,Layout",PHOTOGRAPHY,4.4,2418158,100000000,Free,0.0,Everyone,2018-07-12,,Photography
Adobe Photoshop Express:Photo Editor Collage Maker,PHOTOGRAPHY,4.2,914917,50000000,Free,0.0,Everyone,2018-07-22,,Photography
BeautyPlus - Easy Photo Editor & Selfie Camera,PHOTOGRAPHY,4.4,3158151,100000000,Free,0.0,Everyone,2018-07-31,53.0,Photography
PicsArt Photo Studio: Collage Maker & Pic Editor,PHOTOGRAPHY,4.5,7594559,100000000,Free,0.0,Teen,2018-08-06,34.0,Photography
Photo Collage Editor,PHOTOGRAPHY,4.2,1028637,100000000,Free,0.0,Everyone,2017-12-21,,Photography
Color Touch Effects,PHOTOGRAPHY,3.8,167652,10000000,Free,0.0,Everyone,2018-04-23,12.0,Photography
InstaSize Photo Filters & Collage Editor,PHOTOGRAPHY,4.3,811714,50000000,Free,0.0,Everyone,2018-08-02,50.0,Photography
"Z Camera - Photo Editor, Beauty Selfie, Collage",PHOTOGRAPHY,4.4,1075277,100000000,Free,0.0,Mature 17+,2018-08-03,47.0,Photography
"PhotoGrid: Video & Pic Collage Maker, Photo Editor",PHOTOGRAPHY,4.6,7529865,100000000,Free,0.0,Everyone,2018-08-06,,Photography
"Candy Camera - selfie, beauty camera, photo editor",PHOTOGRAPHY,4.4,3368705,100000000,Free,0.0,Everyone,2018-07-16,,Photography
YouCam Perfect - Selfie Photo Editor,PHOTOGRAPHY,4.5,1579343,100000000,Free,0.0,Everyone,2018-07-25,,Photography
Pixgram- video photo slideshow,PHOTOGRAPHY,4.2,93726,5000000,Free,0.0,Everyone,2018-07-08,9.2,Photography
Fotor Photo Editor - Photo Collage & Photo Effects,PHOTOGRAPHY,4.5,597068,10000000,Free,0.0,Everyone,2018-07-09,,Photography
Snapseed,PHOTOGRAPHY,4.5,823109,50000000,Free,0.0,Everyone,2018-06-29,,Photography
Camera360: Selfie Photo Editor with Funny Sticker,PHOTOGRAPHY,4.3,4865132,100000000,Free,0.0,Everyone,2018-08-06,51.0,Photography
Facetune - For Free,PHOTOGRAPHY,4.4,49553,1000000,Paid,5.99,Everyone,2018-07-25,48.0,Photography
Font Studio- Photo Texts Image,PHOTOGRAPHY,4.2,197295,10000000,Free,0.0,Everyone,2017-06-23,24.0,Photography
Add Text To Photo,PHOTOGRAPHY,4.1,21578,1000000,Free,0.0,Everyone,2017-09-08,1.6,Photography
Phonto - Text on Photos,PHOTOGRAPHY,4.3,307453,10000000,Free,0.0,Everyone,2017-10-26,17.0,Photography
Collage&Add Stickers papelook,PHOTOGRAPHY,4.0,32896,5000000,Free,0.0,Everyone,2018-03-14,31.0,Photography
"Shutterfly: Free Prints, Photo Books, Cards, Gifts",PHOTOGRAPHY,4.6,98717,5000000,Free,0.0,Everyone,2018-08-01,59.0,Photography
Photo Collage - InstaMag,PHOTOGRAPHY,4.3,542561,10000000,Free,0.0,Everyone,2018-01-02,46.0,Photography
BeautyPlus - Easy Photo Editor & Selfie Camera,PHOTOGRAPHY,4.4,3158151,100000000,Free,0.0,Everyone,2018-07-31,53.0,Photography
"Meitu – Beauty Cam, Easy Photo Editor",PHOTOGRAPHY,4.5,462702,10000000,Free,0.0,Everyone,2018-08-01,45.0,Photography
ESPN,SPORTS,4.2,521138,10000000,Free,0.0,Everyone 10+,2018-07-19,,Sports
Free Sports TV,SPORTS,4.3,1802,100000,Free,0.0,Everyone,2018-06-21,9.8,Sports
LiveScore: Live Sport Updates,SPORTS,4.4,283662,10000000,Free,0.0,Everyone,2018-06-15,,Sports
MLB At Bat,SPORTS,4.2,82882,5000000,Free,0.0,Everyone,2018-07-30,,Sports
NFL,SPORTS,4.1,459795,50000000,Free,0.0,Everyone,2018-08-02,,Sports
"theScore: Live Sports Scores, News, Stats & Videos",SPORTS,4.4,133825,10000000,Free,0.0,Everyone 10+,2018-07-25,34.0,Sports
Onefootball - Soccer Scores,SPORTS,4.7,911995,10000000,Free,0.0,Everyone,2018-08-01,20.0,Sports
Cristiano Ronaldo Wallpaper,SPORTS,4.6,1733,500000,Free,0.0,Everyone,2018-07-17,19.0,Sports
"FIFA - Tournaments, Soccer News & Live Scores",SPORTS,4.2,342909,10000000,Free,0.0,Everyone,2018-08-03,6.0,Sports
Futbol24,SPORTS,4.3,31908,1000000,Free,0.0,Everyone,2017-09-27,,Sports
kicker football news,SPORTS,4.3,56270,5000000,Free,0.0,Everyone,2018-08-03,15.0,Sports
Football Live Scores,SPORTS,4.5,107724,5000000,Free,0.0,Everyone,2018-07-31,6.5,Sports
Pro 2018 - Series A and B,SPORTS,4.6,101455,5000000,Free,0.0,Everyone,2018-08-03,6.2,Sports
BeSoccer - Soccer Live Score,SPORTS,4.5,152780,10000000,Free,0.0,Everyone,2018-07-18,,Sports
Sport.pl LIVE,SPORTS,4.4,21733,1000000,Free,0.0,Mature 17+,2018-06-29,,Sports
FotMob - Live Soccer Scores,SPORTS,4.7,410384,10000000,Free,0.0,Everyone,2018-07-31,,Sports
Yahoo Fantasy Sports - #1 Rated Fantasy App,SPORTS,4.2,277902,5000000,Free,0.0,Mature 17+,2018-08-02,,Sports
"CBS Sports App - Scores, News, Stats & Watch Live",SPORTS,4.3,91031,5000000,Free,0.0,Everyone,2018-08-04,,Sports
"The Team - Live Sport: football, tennis, rugby ..",SPORTS,4.2,112725,5000000,Free,0.0,Everyone,2018-07-31,,Sports
MARCA - Sports Leader Diary,SPORTS,3.9,76346,5000000,Free,0.0,Everyone,2018-07-25,14.0,Sports
Sahadan Live Scores,SPORTS,3.9,63938,5000000,Free,0.0,Everyone,2018-08-06,,Sports
BBC Sport,SPORTS,4.2,18678,1000000,Free,0.0,Everyone,2018-04-25,,Sports
"Foot Mercato: transfers, results, news, live",SPORTS,4.3,39878,1000000,Free,0.0,Everyone,2018-07-28,6.1,Sports
All Football - Latest News & Videos,SPORTS,4.6,152867,10000000,Free,0.0,Everyone,2018-08-03,17.0,Sports
Premier League - Official App,SPORTS,4.3,63580,5000000,Free,0.0,Everyone,2018-07-20,24.0,Sports
Eurosport,SPORTS,4.0,121003,10000000,Free,0.0,Everyone,2018-08-06,,Sports
beIN SPORTS TR,SPORTS,4.0,135763,10000000,Free,0.0,Everyone,2018-08-02,13.0,Sports
ESPN Fantasy Sports,SPORTS,4.0,176448,5000000,Free,0.0,Everyone,2017-11-21,10.0,Sports
"All Football GO- Live Score, Games",SPORTS,4.6,1981,100000,Free,0.0,Everyone,2018-06-21,10.0,Sports
Top Mercato: football news,SPORTS,4.3,16016,1000000,Free,0.0,Everyone,2016-01-07,6.9,Sports
GollerCepte Live Score,SPORTS,4.2,9992,1000000,Free,0.0,Everyone,2018-05-23,31.0,Sports
Championat,SPORTS,4.3,36490,1000000,Free,0.0,Everyone,2018-07-25,,Sports
"Bleacher Report: sports news, scores, & highlights",SPORTS,4.4,122282,5000000,Free,0.0,Everyone 10+,2018-07-20,,Sports
Hovercraft Racer,SPORTS,4.0,218,100000,Free,0.0,Everyone,2018-07-19,28.0,Sports
World Cup 2018,SPORTS,4.6,4011,500000,Free,0.0,Teen,2018-07-01,2.6,Sports
GollerCepte 1903,SPORTS,4.7,25172,500000,Free,0.0,Everyone,2018-05-23,30.0,Sports
League18,SPORTS,4.3,14123,500000,Free,0.0,Everyone,2018-08-01,13.0,Sports
Speed Boat Racing,SPORTS,4.0,2487,1000000,Free,0.0,Everyone,2018-08-03,27.0,Sports
La Liga - Spanish Soccer League Official,SPORTS,4.5,180938,10000000,Free,0.0,Everyone,2018-07-24,29.0,Sports
Lionel Messi Wallpapers,SPORTS,4.7,950,100000,Free,0.0,Everyone,2018-07-17,18.0,Sports
Goal Live Scores,SPORTS,4.4,232423,5000000,Free,0.0,Everyone,2018-06-11,35.0,Sports
The 5th Stand,SPORTS,4.8,1664,100000,Free,0.0,Everyone,2018-07-31,17.0,Sports
NUsport,SPORTS,3.3,1391,100000,Free,0.0,Everyone,2018-05-04,,Sports
U + professional baseball,SPORTS,4.3,2486,500000,Free,0.0,Everyone,2018-07-30,18.0,Sports
Mackolik Live Results,SPORTS,3.9,188834,10000000,Free,0.0,Everyone,2018-07-24,,Sports
Mercato foot by Maxifoot,SPORTS,4.4,697,100000,Free,0.0,Everyone,2017-03-16,3.0,Sports
MLB Ballpark,SPORTS,3.9,5510,1000000,Free,0.0,Everyone,2018-07-16,32.0,Sports
MUTV - Manchester United TV,SPORTS,4.4,4549,500000,Free,0.0,Everyone,2018-08-01,24.0,Sports
"CBS Sports App - Scores, News, Stats & Watch Live",SPORTS,4.3,91031,5000000,Free,0.0,Everyone,2018-08-04,,Sports
"Hole19: Golf GPS App, Rangefinder & Scorecard",SPORTS,4.4,6106,100000,Free,0.0,Everyone,2018-08-01,,Sports
Yahoo Fantasy Sports - #1 Rated Fantasy App,SPORTS,4.2,277900,5000000,Free,0.0,Mature 17+,2018-08-02,,Sports
ESPN,SPORTS,4.2,521138,10000000,Free,0.0,Everyone 10+,2018-07-19,,Sports
NFL,SPORTS,4.1,459795,50000000,Free,0.0,Everyone,2018-08-02,,Sports
"Bleacher Report: sports news, scores, & highlights",SPORTS,4.4,122282,5000000,Free,0.0,Everyone 10+,2018-07-20,,Sports
ESPN Fantasy Sports,SPORTS,4.0,176448,5000000,Free,0.0,Everyone,2017-11-21,10.0,Sports
"theScore: Live Sports Scores, News, Stats & Videos",SPORTS,4.4,133825,10000000,Free,0.0,Everyone 10+,2018-07-25,34.0,Sports
"CBS Sports App - Scores, News, Stats & Watch Live",SPORTS,4.3,91031,5000000,Free,0.0,Everyone,2018-08-04,,Sports
WatchESPN,SPORTS,4.1,288809,10000000,Free,0.0,Everyone,2017-09-27,6.6,Sports
CBS Sports Fantasy,SPORTS,4.0,43611,1000000,Free,0.0,Everyone,2018-06-27,27.0,Sports
ESPN,SPORTS,4.2,521138,10000000,Free,0.0,Everyone 10+,2018-07-19,,Sports
MLB At Bat,SPORTS,4.2,82882,5000000,Free,0.0,Everyone,2018-07-30,,Sports
"CBS Sports App - Scores, News, Stats & Watch Live",SPORTS,4.3,91031,5000000,Free,0.0,Everyone,2018-08-04,,Sports
NBC Sports,SPORTS,3.1,78442,5000000,Free,0.0,Everyone,2018-06-22,25.0,Sports
WatchESPN,SPORTS,4.1,288809,10000000,Free,0.0,Everyone,2017-09-27,6.6,Sports
NBC Sports Gold,SPORTS,2.9,3017,100000,Free,0.0,Everyone,2018-07-02,24.0,Sports
UFC,SPORTS,4.0,30840,1000000,Free,0.0,Teen,2018-05-22,,Sports
Telemundo Deportes - Live,SPORTS,4.5,36255,1000000,Free,0.0,Everyone,2018-08-01,25.0,Sports
SwingAid - Level up Golf,SPORTS,4.3,752,100000,Free,0.0,Everyone,2018-07-10,33.0,Sports
Golf Channel,SPORTS,4.1,19230,1000000,Free,0.0,Everyone,2018-05-30,88.0,Sports
The Rules of Golf,SPORTS,4.3,926,100000,Free,0.0,Everyone,2018-01-17,9.3,Sports
"GolfNow: Tee Time Deals at Golf Courses, Golf GPS",SPORTS,4.5,26102,1000000,Free,0.0,Everyone,2018-05-03,,Sports
Golf GPS by SwingxSwing,SPORTS,4.6,37167,1000000,Free,0.0,Everyone,2018-07-30,,Sports
Zepp Golf Swing Analyzer,SPORTS,4.4,2020,100000,Free,0.0,Everyone,2018-05-24,84.0,Sports
Live Golf Scores - US & European Golf,SPORTS,4.2,798,50000,Free,0.0,Everyone 10+,2018-08-01,4.7,Sports
Golfshot: Golf GPS + Tee Times,SPORTS,4.3,7543,500000,Free,0.0,Everyone,2018-07-11,25.0,Sports
PGA TOUR LIVE,SPORTS,3.4,1845,100000,Free,0.0,Everyone,2017-06-07,12.0,Sports
Golf GPS Rangefinder: Golf Pad,SPORTS,4.6,13098,1000000,Free,0.0,Everyone,2018-07-28,,Sports
Mobitee GPS Golf Free,SPORTS,4.2,1904,100000,Free,0.0,Everyone,2018-06-11,9.9,Sports
"Hole19: Golf GPS App, Rangefinder & Scorecard",SPORTS,4.4,6106,100000,Free,0.0,Everyone,2018-08-01,,Sports
GolfLogix GPS + Putt Breaks,SPORTS,4.0,11085,1000000,Free,0.0,Everyone,2018-06-21,61.0,Sports
Golfshot Plus: Golf GPS,SPORTS,4.1,3387,50000,Paid,29.99,Everyone,2018-07-11,25.0,Sports
PGA TOUR,SPORTS,4.0,11151,1000000,Free,0.0,Everyone,2018-06-27,52.0,Sports
FanDuel: Daily Fantasy Sports,SPORTS,4.6,29673,1000000,Free,0.0,Mature 17+,2018-08-06,57.0,Sports
Yahoo Fantasy Sports - #1 Rated Fantasy App,SPORTS,4.2,277904,5000000,Free,0.0,Mature 17+,2018-08-02,,Sports
DraftKings - Daily Fantasy Sports,SPORTS,4.5,50017,1000000,Free,0.0,Adults only 18+,2018-07-24,41.0,Sports
Fantasy Football Manager (FPL),SPORTS,4.4,63650,1000000,Free,0.0,Everyone,2018-08-03,4.6,Sports
ESPN Fantasy Sports,SPORTS,4.0,176450,5000000,Free,0.0,Everyone,2017-11-21,10.0,Sports
Fantasy Football,SPORTS,3.5,50179,1000000,Free,0.0,Everyone,2018-08-02,23.0,Sports
CBS Sports Fantasy,SPORTS,4.0,43611,1000000,Free,0.0,Everyone,2018-06-27,27.0,Sports
ESPN,SPORTS,4.2,521140,10000000,Free,0.0,Everyone 10+,2018-07-19,,Sports
US Open Tennis Championships 2018,SPORTS,4.0,9971,1000000,Free,0.0,Everyone,2018-06-05,33.0,Sports
"Bleacher Report: sports news, scores, & highlights",SPORTS,4.4,122283,5000000,Free,0.0,Everyone 10+,2018-07-20,,Sports
Live Tennis Rankings / LTR,SPORTS,4.8,1660,10000,Free,0.0,Everyone,2018-06-05,4.7,Sports
Tennis Livescore Widget,SPORTS,4.1,361,50000,Free,0.0,Everyone,2016-10-13,2.2,Sports
Tennis Temple - Live Scores,SPORTS,4.6,5305,100000,Free,0.0,Everyone,2018-05-18,,Sports
"The Championships, Wimbledon 2018",SPORTS,4.3,24082,1000000,Free,0.0,Everyone,2018-07-04,95.0,Sports
"theScore: Live Sports Scores, News, Stats & Videos",SPORTS,4.4,133833,10000000,Free,0.0,Everyone 10+,2018-07-25,34.0,Sports
"CBS Sports App - Scores, News, Stats & Watch Live",SPORTS,4.3,91033,5000000,Free,0.0,Everyone,2018-08-04,,Sports
Tennis 24 - tennis live scores,SPORTS,4.6,990,100000,Free,0.0,Everyone,2018-07-18,9.4,Sports
"Yahoo Sports - scores, stats, news, & highlights",SPORTS,4.5,32386,1000000,Free,0.0,Everyone,2018-08-01,19.0,Sports
Tennis News and Scores,SPORTS,4.3,101,10000,Free,0.0,Everyone,2018-07-15,3.9,Sports
ESPN,SPORTS,4.2,521140,10000000,Free,0.0,Everyone 10+,2018-07-19,,Sports
"Bleacher Report: sports news, scores, & highlights",SPORTS,4.4,122283,5000000,Free,0.0,Everyone 10+,2018-07-20,,Sports
MLB At Bat,SPORTS,4.2,82883,5000000,Free,0.0,Everyone,2018-07-30,,Sports
"theScore: Live Sports Scores, News, Stats & Videos",SPORTS,4.4,133833,10000000,Free,0.0,Everyone 10+,2018-07-25,34.0,Sports
"CBS Sports App - Scores, News, Stats & Watch Live",SPORTS,4.3,91033,5000000,Free,0.0,Everyone,2018-08-04,,Sports
MSN Sports - Scores & Schedule,SPORTS,4.5,35394,500000,Free,0.0,Everyone,2018-07-05,21.0,Sports
"Yahoo Sports - scores, stats, news, & highlights",SPORTS,4.5,32386,1000000,Free,0.0,Everyone,2018-08-01,19.0,Sports
WatchESPN,SPORTS,4.1,288809,10000000,Free,0.0,Everyone,2017-09-27,6.6,Sports
"FOX Sports: Live Streaming, Scores & News",SPORTS,4.0,28895,5000000,Free,0.0,Teen,2018-08-02,82.0,Sports
FotMob - Live Soccer Scores,SPORTS,4.7,410395,10000000,Free,0.0,Everyone,2018-07-31,,Sports
Sports Alerts - NFL edition,SPORTS,4.6,11549,100000,Free,0.0,Everyone,2018-07-07,,Sports
Yahoo Fantasy Sports - #1 Rated Fantasy App,SPORTS,4.2,277904,5000000,Free,0.0,Mature 17+,2018-08-02,,Sports
ESPN,SPORTS,4.2,521140,10000000,Free,0.0,Everyone 10+,2018-07-19,,Sports
NCAA March Madness Live,SPORTS,4.1,34123,5000000,Free,0.0,Everyone,2018-03-30,19.0,Sports
NFL,SPORTS,4.1,459797,50000000,Free,0.0,Everyone,2018-08-02,,Sports
SportsManias Fantasy Team News,SPORTS,3.5,4057,500000,Free,0.0,Everyone,2018-05-10,26.0,Sports
Thuuz Sports,SPORTS,4.5,5517,500000,Free,0.0,Everyone,2018-04-03,5.2,Sports
NCAA Sports,SPORTS,3.9,4272,500000,Free,0.0,Everyone,2018-04-23,16.0,Sports
850 Sports News Digest,SPORTS,4.6,539,10000,Free,0.0,Everyone,2016-08-23,,Sports
US Open Tennis Championships 2018,SPORTS,4.0,9971,1000000,Free,0.0,Everyone,2018-06-05,33.0,Sports
"Bleacher Report: sports news, scores, & highlights",SPORTS,4.4,122283,5000000,Free,0.0,Everyone 10+,2018-07-20,,Sports
MLB At Bat,SPORTS,4.2,82883,5000000,Free,0.0,Everyone,2018-07-30,,Sports
"FIFA - Tournaments, Soccer News & Live Scores",SPORTS,4.2,342912,10000000,Free,0.0,Everyone,2018-08-03,6.0,Sports
365Scores - Live Scores,SPORTS,4.6,666521,10000000,Free,0.0,Everyone,2018-07-29,25.0,Sports
Cricbuzz - Live Cricket Scores & News,SPORTS,4.5,838765,50000000,Free,0.0,Everyone,2018-05-18,,Sports
"theScore: Live Sports Scores, News, Stats & Videos",SPORTS,4.4,133833,10000000,Free,0.0,Everyone 10+,2018-07-25,34.0,Sports
Fantasy Football & NFL News,SPORTS,4.5,2943,100000,Free,0.0,Everyone,2018-05-15,8.1,Sports
NBA,SPORTS,4.4,108318,10000000,Free,0.0,Everyone,2018-07-09,35.0,Sports
Golfshot: Golf GPS + Tee Times,SPORTS,4.3,7543,500000,Free,0.0,Everyone,2018-07-11,25.0,Sports
BBC Sport,SPORTS,4.2,18679,1000000,Free,0.0,Everyone,2018-04-25,,Sports
"CBS Sports App - Scores, News, Stats & Watch Live",SPORTS,4.3,91033,5000000,Free,0.0,Everyone,2018-08-04,,Sports
"Yahoo Sports - scores, stats, news, & highlights",SPORTS,4.5,32386,1000000,Free,0.0,Everyone,2018-08-01,19.0,Sports
NHL,SPORTS,4.0,68935,5000000,Free,0.0,Everyone,2018-06-27,48.0,Sports
NASCAR MOBILE,SPORTS,4.2,80900,1000000,Free,0.0,Everyone,2018-07-25,21.0,Sports
WatchESPN,SPORTS,4.1,288809,10000000,Free,0.0,Everyone,2017-09-27,6.6,Sports
MLB Ballpark,SPORTS,3.9,5511,1000000,Free,0.0,Everyone,2018-07-16,32.0,Sports
"Univision Deportes: Liga MX, MLS, Fútbol Live",SPORTS,4.2,75545,5000000,Free,0.0,Everyone,2018-07-23,,Sports
"FOX Sports: Live Streaming, Scores & News",SPORTS,4.0,28895,5000000,Free,0.0,Teen,2018-08-02,82.0,Sports
Fantasy Football,SPORTS,3.5,50179,1000000,Free,0.0,Everyone,2018-08-02,23.0,Sports
PGA TOUR,SPORTS,4.0,11151,1000000,Free,0.0,Everyone,2018-06-27,52.0,Sports
UFC,SPORTS,4.0,30840,1000000,Free,0.0,Teen,2018-05-22,,Sports
Real Basketball,SPORTS,4.5,1605267,10000000,Free,0.0,Everyone,2016-12-05,,Sports
"Expedia Hotels, Flights & Car Rental Travel Deals",TRAVEL_AND_LOCAL,4.1,136626,10000000,Free,0.0,Everyone,2018-08-06,14.0,Travel & Local
trivago: Hotels & Travel,TRAVEL_AND_LOCAL,4.2,219848,50000000,Free,0.0,Everyone,2018-08-02,,Travel & Local
Hopper - Watch & Book Flights,TRAVEL_AND_LOCAL,4.4,52029,5000000,Free,0.0,Everyone,2018-06-29,,Travel & Local
TripIt: Travel Organizer,TRAVEL_AND_LOCAL,4.4,49190,1000000,Free,0.0,Everyone,2018-06-15,25.0,Travel & Local
Trip by Skyscanner - City & Travel Guide,TRAVEL_AND_LOCAL,4.1,5150,500000,Free,0.0,Everyone,2018-05-29,,Travel & Local
CityMaps2Go Plan Trips Travel Guide Offline Maps,TRAVEL_AND_LOCAL,4.3,64713,1000000,Free,0.0,Everyone,2018-06-09,58.0,Travel & Local
"KAYAK Flights, Hotels & Cars",TRAVEL_AND_LOCAL,4.5,216388,10000000,Free,0.0,Everyone,2018-07-31,19.0,Travel & Local
Skyscanner,TRAVEL_AND_LOCAL,4.5,481545,10000000,Free,0.0,Everyone,2018-08-06,29.0,Travel & Local
World Travel Guide by Triposo,TRAVEL_AND_LOCAL,4.4,6012,500000,Free,0.0,Everyone,2018-03-05,81.0,Travel & Local
Hotels.com: Book Hotel Rooms & Find Vacation Deals,TRAVEL_AND_LOCAL,4.5,260121,10000000,Free,0.0,Everyone,2018-07-04,,Travel & Local
Booking.com Travel Deals,TRAVEL_AND_LOCAL,4.7,1830388,100000000,Free,0.0,Everyone,2018-08-06,,Travel & Local
Hostelworld: Hostels & Cheap Hotels Travel App,TRAVEL_AND_LOCAL,4.4,17878,1000000,Free,0.0,Everyone,2018-07-16,28.0,Travel & Local
Google Trips - Travel Planner,TRAVEL_AND_LOCAL,4.1,26871,5000000,Free,0.0,Everyone,2018-07-26,,Travel & Local
TripAdvisor Hotels Flights Restaurants Attractions,TRAVEL_AND_LOCAL,4.4,1162837,100000000,Free,0.0,Everyone,2018-08-04,,Travel & Local
Airbnb,TRAVEL_AND_LOCAL,4.4,359403,10000000,Free,0.0,Everyone,2018-08-02,,Travel & Local
Maps - Navigate & Explore,TRAVEL_AND_LOCAL,4.3,9235155,1000000000,Free,0.0,Everyone,2018-07-31,,Travel & Local
trivago: Hotels & Travel,TRAVEL_AND_LOCAL,4.2,219848,50000000,Free,0.0,Everyone,2018-08-02,,Travel & Local
GPS Map Free,TRAVEL_AND_LOCAL,4.0,33782,5000000,Free,0.0,Everyone,2018-07-11,7.6,Travel & Local
Offline Maps & Navigation,TRAVEL_AND_LOCAL,4.7,192641,5000000,Free,0.0,Everyone,2018-06-07,33.0,Travel & Local
Google Earth,TRAVEL_AND_LOCAL,4.3,2338655,100000000,Free,0.0,Everyone,2018-06-18,,Travel & Local
GasBuddy: Find Cheap Gas,TRAVEL_AND_LOCAL,4.6,751551,10000000,Free,0.0,Mature 17+,2018-08-02,42.0,Travel & Local
Southwest Airlines,TRAVEL_AND_LOCAL,3.9,24781,5000000,Free,0.0,Everyone,2018-07-11,8.3,Travel & Local
"AT&T Navigator: Maps, Traffic",TRAVEL_AND_LOCAL,3.6,32862,10000000,Free,0.0,Everyone,2016-12-06,14.0,Travel & Local
VZ Navigator,TRAVEL_AND_LOCAL,4.0,16101,50000000,Free,0.0,Everyone,2018-01-22,,Travel & Local
KakaoMap - Map / Navigation,TRAVEL_AND_LOCAL,4.1,76779,10000000,Free,0.0,Everyone,2018-07-30,,Travel & Local
Google Street View,TRAVEL_AND_LOCAL,4.2,2129689,1000000000,Free,0.0,Everyone,2018-08-06,,Travel & Local
AirAsia,TRAVEL_AND_LOCAL,3.9,98585,10000000,Free,0.0,Everyone,2018-07-16,37.0,Travel & Local
"Expedia Hotels, Flights & Car Rental Travel Deals",TRAVEL_AND_LOCAL,4.1,136633,10000000,Free,0.0,Everyone,2018-08-06,14.0,Travel & Local
Goibibo - Flight Hotel Bus Car IRCTC Booking App,TRAVEL_AND_LOCAL,4.3,459851,10000000,Free,0.0,Everyone,2018-08-01,,Travel & Local
Allegiant,TRAVEL_AND_LOCAL,3.1,5572,1000000,Free,0.0,Everyone,2018-07-12,21.0,Travel & Local
Amtrak,TRAVEL_AND_LOCAL,3.7,16815,1000000,Free,0.0,Everyone,2018-07-15,28.0,Travel & Local
JAL (Domestic and international flights),TRAVEL_AND_LOCAL,3.4,2277,1000000,Free,0.0,Everyone,2018-05-07,27.0,Travel & Local
Flight & Hotel Booking App - ixigo,TRAVEL_AND_LOCAL,4.4,45562,5000000,Free,0.0,Everyone,2018-07-30,,Travel & Local
VZ Navigator for Tablets,TRAVEL_AND_LOCAL,3.6,285,500000,Free,0.0,Everyone,2018-01-22,39.0,Travel & Local
TripAdvisor Hotels Flights Restaurants Attractions,TRAVEL_AND_LOCAL,4.4,1162838,100000000,Free,0.0,Everyone,2018-08-04,,Travel & Local
"HSL - Tickets, route planner and information",TRAVEL_AND_LOCAL,3.3,256,100000,Free,0.0,Everyone,2018-08-01,17.0,Travel & Local
Wisepilot for XPERIA™,TRAVEL_AND_LOCAL,3.7,21443,5000000,Free,0.0,Everyone,2018-01-30,,Travel & Local
VZ Navigator for Galaxy S4,TRAVEL_AND_LOCAL,3.0,2750,5000000,Free,0.0,Everyone,2018-01-22,39.0,Travel & Local
MAIN,TRAVEL_AND_LOCAL,3.6,7081,1000000,Free,0.0,Everyone,2018-08-06,51.0,Travel & Local
"Yoriza Pension - travel, lodging, pension, camping, caravan, pool villas accommodation discount",TRAVEL_AND_LOCAL,4.8,17882,1000000,Free,0.0,Everyone,2018-08-03,86.0,Travel & Local
Foursquare Swarm: Check In,TRAVEL_AND_LOCAL,3.9,421800,10000000,Free,0.0,Teen,2018-07-27,,Travel & Local
PagesJaunes - local search,TRAVEL_AND_LOCAL,3.8,43935,10000000,Free,0.0,Everyone,2018-08-01,,Travel & Local
Flightradar24 Flight Tracker,TRAVEL_AND_LOCAL,4.3,171889,10000000,Free,0.0,Everyone,2018-07-18,,Travel & Local
"Yatra - Flights, Hotels, Bus, Trains & Cabs",TRAVEL_AND_LOCAL,4.5,251037,10000000,Free,0.0,Everyone,2018-08-05,26.0,Travel & Local
SNCF,TRAVEL_AND_LOCAL,3.4,15750,5000000,Free,0.0,Everyone,2018-08-02,,Travel & Local
Fly Delta,TRAVEL_AND_LOCAL,3.7,27560,5000000,Free,0.0,Everyone,2018-07-31,46.0,Travel & Local
Skyscanner,TRAVEL_AND_LOCAL,4.5,481546,10000000,Free,0.0,Everyone,2018-08-06,29.0,Travel & Local
Despegar.com Hotels and Flights,TRAVEL_AND_LOCAL,4.4,150932,10000000,Free,0.0,Everyone,2018-07-30,27.0,Travel & Local
Navigation Plus,TRAVEL_AND_LOCAL,4.1,928,1000000,Free,0.0,Everyone,2018-01-09,14.0,Travel & Local
2GIS: directory & navigator,TRAVEL_AND_LOCAL,4.5,768833,50000000,Free,0.0,Everyone,2018-07-30,,Travel & Local
Poynt,TRAVEL_AND_LOCAL,4.0,26665,5000000,Free,0.0,Everyone,2018-03-29,10.0,Travel & Local
Gaode Map,TRAVEL_AND_LOCAL,3.9,13275,1000000,Free,0.0,Everyone,2018-07-03,71.0,Travel & Local
"Priceline Hotel Deals, Rental Cars & Flights",TRAVEL_AND_LOCAL,4.4,48930,5000000,Free,0.0,Everyone,2018-07-26,15.0,Travel & Local
TravelPirates,TRAVEL_AND_LOCAL,4.8,43054,1000000,Free,0.0,Everyone,2018-08-06,,Travel & Local
Booking.com Travel Deals,TRAVEL_AND_LOCAL,4.7,1830387,100000000,Free,0.0,Everyone,2018-08-06,,Travel & Local
Free Radar Detector,TRAVEL_AND_LOCAL,4.3,15680,1000000,Free,0.0,Everyone,2018-07-06,11.0,Travel & Local
American Airlines,TRAVEL_AND_LOCAL,3.7,16980,5000000,Free,0.0,Everyone,2018-07-18,,Travel & Local
Where to travel - ticket. hotel. train ticket. car ticket. travel. tickets,TRAVEL_AND_LOCAL,4.2,5112,1000000,Free,0.0,Everyone,2018-07-27,62.0,Travel & Local
United Airlines,TRAVEL_AND_LOCAL,3.5,30447,5000000,Free,0.0,Everyone,2018-07-20,80.0,Travel & Local
NTES,TRAVEL_AND_LOCAL,4.3,165299,10000000,Free,0.0,Everyone,2018-07-30,5.4,Travel & Local
Where is my Train : Indian Railway & PNR Status,TRAVEL_AND_LOCAL,4.7,620534,10000000,Free,0.0,Everyone,2018-07-30,9.8,Travel & Local
MakeMyTrip-Flight Hotel Bus Cab IRCTC Rail Booking,TRAVEL_AND_LOCAL,4.3,599872,10000000,Free,0.0,Everyone,2018-08-04,,Travel & Local
Restaurant Finder,TRAVEL_AND_LOCAL,4.1,12564,1000000,Free,0.0,Everyone,2018-07-05,,Travel & Local
Zagat,TRAVEL_AND_LOCAL,3.1,2528,100000,Free,0.0,Everyone,2016-07-14,,Travel & Local
Gormey: Find Best Restaurants,TRAVEL_AND_LOCAL,4.3,34,1000,Free,0.0,Everyone,2017-08-29,7.6,Travel & Local
Find Dining Restaurant Finder,TRAVEL_AND_LOCAL,4.1,427,100000,Free,0.0,Everyone,2016-03-21,26.0,Travel & Local
Urbanspoon Restaurant Reviews,TRAVEL_AND_LOCAL,4.2,35560,5000000,Free,0.0,Everyone,2016-07-05,13.0,Travel & Local
"Yelp: Food, Shopping, Services Nearby",TRAVEL_AND_LOCAL,4.3,397422,10000000,Free,0.0,Teen,2018-08-03,,Travel & Local
TripAdvisor Hotels Flights Restaurants Attractions,TRAVEL_AND_LOCAL,4.4,1162837,100000000,Free,0.0,Everyone,2018-08-04,,Travel & Local
Qatar Airways,TRAVEL_AND_LOCAL,4.3,11182,1000000,Free,0.0,Everyone,2018-07-30,62.0,Travel & Local
Hipmunk Hotels & Flights,TRAVEL_AND_LOCAL,4.3,16734,1000000,Free,0.0,Everyone,2018-07-31,10.0,Travel & Local
"Priceline Hotel Deals, Rental Cars & Flights",TRAVEL_AND_LOCAL,4.4,48930,5000000,Free,0.0,Everyone,2018-07-26,15.0,Travel & Local
United Airlines,TRAVEL_AND_LOCAL,3.5,30447,5000000,Free,0.0,Everyone,2018-07-20,80.0,Travel & Local
"Expedia Hotels, Flights & Car Rental Travel Deals",TRAVEL_AND_LOCAL,4.1,136626,10000000,Free,0.0,Everyone,2018-08-06,14.0,Travel & Local
Skiplagged — Exclusive Flights & Hotels,TRAVEL_AND_LOCAL,4.6,10035,1000000,Free,0.0,Everyone,2018-05-04,,Travel & Local
CWT To Go,TRAVEL_AND_LOCAL,4.4,20313,100000,Free,0.0,Everyone,2018-08-05,57.0,Travel & Local
British Airways,TRAVEL_AND_LOCAL,4.2,25740,1000000,Free,0.0,Everyone,2018-07-24,51.0,Travel & Local
Southwest Airlines,TRAVEL_AND_LOCAL,3.9,24781,5000000,Free,0.0,Everyone,2018-07-11,8.3,Travel & Local
Cheap Flights & Hotels momondo,TRAVEL_AND_LOCAL,4.2,42546,5000000,Free,0.0,Everyone,2018-04-25,24.0,Travel & Local
"CheapTickets – Hotels, Flights & Travel Deals",TRAVEL_AND_LOCAL,4.4,6925,1000000,Free,0.0,Everyone,2018-07-25,,Travel & Local
JetBlue,TRAVEL_AND_LOCAL,4.4,24281,1000000,Free,0.0,Everyone,2018-07-25,29.0,Travel & Local
Hopper - Watch & Book Flights,TRAVEL_AND_LOCAL,4.4,52028,5000000,Free,0.0,Everyone,2018-06-29,,Travel & Local
Flights,TRAVEL_AND_LOCAL,4.4,18039,1000000,Free,0.0,Everyone,2018-07-26,3.1,Travel & Local
Fly Delta,TRAVEL_AND_LOCAL,3.7,27560,5000000,Free,0.0,Everyone,2018-07-31,46.0,Travel & Local
The Emirates App,TRAVEL_AND_LOCAL,4.4,22748,1000000,Free,0.0,Everyone,2018-08-06,55.0,Travel & Local
"KAYAK Flights, Hotels & Cars",TRAVEL_AND_LOCAL,4.5,216388,10000000,Free,0.0,Everyone,2018-07-31,19.0,Travel & Local
American Airlines,TRAVEL_AND_LOCAL,3.7,16980,5000000,Free,0.0,Everyone,2018-07-18,,Travel & Local
Cheapflights – Flight Search,TRAVEL_AND_LOCAL,4.4,47780,5000000,Free,0.0,Everyone,2018-07-31,19.0,Travel & Local
KLM - Royal Dutch Airlines,TRAVEL_AND_LOCAL,3.7,7705,1000000,Free,0.0,Everyone,2018-08-06,40.0,Travel & Local
"Orbitz - Hotels, Flights & Package Deals",TRAVEL_AND_LOCAL,4.4,33256,1000000,Free,0.0,Everyone,2018-07-31,,Travel & Local
Skyscanner,TRAVEL_AND_LOCAL,4.5,481546,10000000,Free,0.0,Everyone,2018-08-06,29.0,Travel & Local
Lufthansa,TRAVEL_AND_LOCAL,3.6,14544,1000000,Free,0.0,Everyone,2018-07-27,43.0,Travel & Local
easyJet: Travel App,TRAVEL_AND_LOCAL,4.4,134895,10000000,Free,0.0,Everyone,2018-07-01,50.0,Travel & Local
IndiGo,TRAVEL_AND_LOCAL,4.0,48082,5000000,Free,0.0,Everyone,2018-07-25,,Travel & Local
LateRooms: Find Hotel Deals,TRAVEL_AND_LOCAL,4.1,2419,1000000,Free,0.0,Everyone,2018-05-29,13.0,Travel & Local
Choice Hotels,TRAVEL_AND_LOCAL,4.4,17915,1000000,Free,0.0,Everyone,2018-07-18,,Travel & Local
Couchsurfing Travel App,TRAVEL_AND_LOCAL,4.4,61776,1000000,Free,0.0,Teen,2018-07-10,,Travel & Local
Hotwire Hotel & Car Rental App,TRAVEL_AND_LOCAL,4.3,10323,1000000,Free,0.0,Everyone,2018-07-19,,Travel & Local
"Priceline Hotel Deals, Rental Cars & Flights",TRAVEL_AND_LOCAL,4.4,48930,5000000,Free,0.0,Everyone,2018-07-26,15.0,Travel & Local
HOTEL DEALS,TRAVEL_AND_LOCAL,4.2,1609,100000,Free,0.0,Everyone,2018-04-26,4.0,Travel & Local
trivago: Hotels & Travel,TRAVEL_AND_LOCAL,4.2,219848,50000000,Free,0.0,Everyone,2018-08-02,,Travel & Local
"Expedia Hotels, Flights & Car Rental Travel Deals",TRAVEL_AND_LOCAL,4.1,136626,10000000,Free,0.0,Everyone,2018-08-06,14.0,Travel & Local
HomeAway Vacation Rentals,TRAVEL_AND_LOCAL,4.3,30403,5000000,Free,0.0,Everyone,2018-08-01,,Travel & Local
"KAYAK Flights, Hotels & Cars",TRAVEL_AND_LOCAL,4.5,216388,10000000,Free,0.0,Everyone,2018-07-31,19.0,Travel & Local
"Orbitz - Hotels, Flights & Package Deals",TRAVEL_AND_LOCAL,4.4,33256,1000000,Free,0.0,Everyone,2018-07-31,,Travel & Local
Skyscanner,TRAVEL_AND_LOCAL,4.5,481546,10000000,Free,0.0,Everyone,2018-08-06,29.0,Travel & Local
IHG®: Hotel Deals & Rewards,TRAVEL_AND_LOCAL,4.3,18622,1000000,Free,0.0,Everyone,2018-08-03,44.0,Travel & Local
SPG: Starwood Hotels & Resorts,TRAVEL_AND_LOCAL,4.2,8258,1000000,Free,0.0,Everyone,2018-07-03,22.0,Travel & Local
Hotels.com: Book Hotel Rooms & Find Vacation Deals,TRAVEL_AND_LOCAL,4.5,260133,10000000,Free,0.0,Everyone,2018-07-04,,Travel & Local
Booking.com Travel Deals,TRAVEL_AND_LOCAL,4.7,1830388,100000000,Free,0.0,Everyone,2018-08-06,,Travel & Local
HotelTonight: Book amazing deals at great hotels,TRAVEL_AND_LOCAL,4.4,57573,5000000,Free,0.0,Everyone,2018-07-31,,Travel & Local
Hostelworld: Hostels & Cheap Hotels Travel App,TRAVEL_AND_LOCAL,4.4,17878,1000000,Free,0.0,Everyone,2018-07-16,28.0,Travel & Local
TripAdvisor Hotels Flights Restaurants Attractions,TRAVEL_AND_LOCAL,4.4,1162837,100000000,Free,0.0,Everyone,2018-08-04,,Travel & Local
Airbnb,TRAVEL_AND_LOCAL,4.4,359560,10000000,Free,0.0,Everyone,2018-08-02,,Travel & Local
Hotels Combined - Cheap deals,TRAVEL_AND_LOCAL,4.1,17202,5000000,Free,0.0,Everyone,2017-11-13,12.0,Travel & Local
Agoda – Hotel Booking Deals,TRAVEL_AND_LOCAL,4.6,263525,10000000,Free,0.0,Everyone,2018-08-04,,Travel & Local
Turo - Better Than Car Rental,TRAVEL_AND_LOCAL,4.4,14114,1000000,Free,0.0,Everyone,2018-08-04,46.0,Travel & Local
Ascape VR: 360° Virtual Travel,TRAVEL_AND_LOCAL,4.1,890,100000,Free,0.0,Everyone,2017-08-09,7.6,Travel & Local
Cheap hotel deals and discounts — Hotellook,TRAVEL_AND_LOCAL,4.5,7153,1000000,Free,0.0,Everyone,2018-07-30,,Travel & Local
Skyscanner,TRAVEL_AND_LOCAL,4.5,481546,10000000,Free,0.0,Everyone,2018-08-06,29.0,Travel & Local
HotelTonight: Book amazing deals at great hotels,TRAVEL_AND_LOCAL,4.4,57573,5000000,Free,0.0,Everyone,2018-07-31,,Travel & Local
Maps - Navigate & Explore,TRAVEL_AND_LOCAL,4.3,9235373,1000000000,Free,0.0,Everyone,2018-07-31,,Travel & Local
GPS Status & Toolbox,TRAVEL_AND_LOCAL,4.5,149723,10000000,Free,0.0,Everyone,2018-06-13,4.1,Travel & Local
Airport + Flight Tracker Radar,TRAVEL_AND_LOCAL,4.2,6762,1000000,Free,0.0,Everyone,2015-07-14,8.5,Travel & Local
Scout GPS Navigation & Meet Up,TRAVEL_AND_LOCAL,4.2,120373,5000000,Free,0.0,Everyone,2018-07-31,31.0,Travel & Local
Street Panorama View,TRAVEL_AND_LOCAL,4.2,40225,1000000,Free,0.0,Everyone,2018-07-18,4.1,Travel & Local
Geo Tracker - GPS tracker,TRAVEL_AND_LOCAL,4.5,42849,1000000,Free,0.0,Everyone,2016-08-10,,Travel & Local
DreamTrips,TRAVEL_AND_LOCAL,4.7,9971,500000,Free,0.0,Teen,2018-08-06,22.0,Travel & Local
Navmii GPS USA (Navfree),TRAVEL_AND_LOCAL,4.0,5960,500000,Free,0.0,Everyone,2018-05-23,,Travel & Local
Sygic Truck GPS Navigation,TRAVEL_AND_LOCAL,4.2,18294,1000000,Free,0.0,Everyone,2018-08-02,28.0,Travel & Local
Google Street View,TRAVEL_AND_LOCAL,4.2,2129707,1000000000,Free,0.0,Everyone,2018-08-06,,Travel & Local
Moto File Manager,TOOLS,4.1,38655,10000000,Free,0.0,Everyone,2018-02-01,5.9,Tools
Google,TOOLS,4.4,8033493,1000000000,Free,0.0,Everyone,2018-08-03,,Tools
Google Translate,TOOLS,4.4,5745093,500000000,Free,0.0,Everyone,2018-08-04,,Tools
Moto Display,TOOLS,4.2,18239,10000000,Free,0.0,Everyone,2018-08-06,,Tools
Motorola Alert,TOOLS,4.2,24199,50000000,Free,0.0,Everyone,2014-11-21,3.9,Tools
Motorola Assist,TOOLS,4.1,37333,50000000,Free,0.0,Everyone,2016-01-17,,Tools
Cache Cleaner-DU Speed Booster (booster & cleaner),TOOLS,4.5,12759663,100000000,Free,0.0,Everyone,2018-07-25,15.0,Tools
Moto Suggestions ™,TOOLS,4.6,308,1000000,Free,0.0,Everyone,2018-06-08,4.3,Tools
Moto Voice,TOOLS,4.1,33216,10000000,Free,0.0,Everyone,2018-06-05,,Tools
Calculator,TOOLS,4.3,40770,100000000,Free,0.0,Everyone,2017-11-21,,Tools
Device Help,TOOLS,4.2,28860,100000000,Free,0.0,Everyone,2018-07-18,,Tools
Account Manager,TOOLS,4.1,76604,100000000,Free,0.0,Everyone,2016-07-27,,Tools
myMetro,TOOLS,4.0,26189,10000000,Free,0.0,Everyone,2018-06-27,5.3,Tools
File Manager,TOOLS,4.6,739329,50000000,Free,0.0,Everyone,2018-04-17,,Tools
My Telcel,TOOLS,3.1,45838,50000000,Free,0.0,Everyone,2018-07-25,16.0,Tools
"Calculator - free calculator, multi calculator app",TOOLS,4.6,25592,10000000,Free,0.0,Everyone,2018-07-31,7.5,Tools
ASUS Sound Recorder,TOOLS,4.5,34126,10000000,Free,0.0,Everyone,2018-07-13,,Tools
iWnn IME for Nexus,TOOLS,3.2,2394,5000000,Free,0.0,Everyone,2014-11-13,,Tools
Samsung Max - Data Savings & Privacy Protection,TOOLS,4.3,330468,10000000,Free,0.0,Everyone,2018-05-29,,Tools
ZenUI Help,TOOLS,4.6,136874,10000000,Free,0.0,Everyone,2018-06-25,,Tools
"Calculator - free calculator ,multi calculator app",TOOLS,4.4,1236,100000,Free,0.0,Everyone,2018-07-06,5.8,Tools
SHAREit - Transfer & Share,TOOLS,4.6,7790693,500000000,Free,0.0,Everyone,2018-07-30,17.0,Tools
"ZenUI Keyboard – Emoji, Theme",TOOLS,4.5,537554,10000000,Free,0.0,Everyone,2018-08-01,,Tools
Files Go by Google: Free up space on your phone,TOOLS,4.6,315585,10000000,Free,0.0,Everyone,2018-07-18,8.5,Tools
Nokia mobile support,TOOLS,4.4,12215,5000000,Free,0.0,Everyone,2018-08-01,9.1,Tools
File Manager -- Take Command of Your Files Easily,TOOLS,4.2,127223,10000000,Free,0.0,Everyone,2018-08-03,7.6,Tools
Samsung Calculator,TOOLS,4.4,9602,100000000,Free,0.0,Everyone,2018-07-05,2.5,Tools
Clear,TOOLS,3.1,24151,10000000,Free,0.0,Everyone,2018-08-06,15.0,Tools
Phone,TOOLS,3.6,45483,10000000,Free,0.0,Everyone,2018-07-30,,Tools
HTC Lock Screen,TOOLS,4.1,28250,10000000,Free,0.0,Everyone,2017-03-21,,Tools
Gboard - the Google Keyboard,TOOLS,4.2,1859115,500000000,Free,0.0,Everyone,2018-07-31,,Tools
Google Korean Input,TOOLS,3.5,74819,100000000,Free,0.0,Everyone,2018-06-25,,Tools
AT&T Smart Wi-Fi,TOOLS,3.9,18513,10000000,Free,0.0,Everyone,2018-04-26,6.1,Tools
Google app for Android TV,TOOLS,3.0,66,10000000,Free,0.0,Everyone,2018-07-19,,Tools
Sound Recorder: Recorder & Voice Changer Free,TOOLS,3.9,14552,10000000,Free,0.0,Everyone,2018-07-31,17.0,Tools
Remote Link (PC Remote),TOOLS,4.5,87055,10000000,Free,0.0,Everyone,2017-01-03,,Tools
HTC Sense Input,TOOLS,3.4,17030,10000000,Free,0.0,Everyone,2017-05-12,,Tools
Share Music & Transfer Files - Xender,TOOLS,4.4,1280423,100000000,Free,0.0,Everyone,2018-07-20,,Tools
App vault,TOOLS,3.4,25094,10000000,Free,0.0,Everyone,2018-07-18,,Tools
TouchPal Keyboard for vivo,TOOLS,4.3,357,1000000,Free,0.0,Everyone,2018-05-30,58.0,Tools
Google Assistant Go,TOOLS,3.7,315,500000,Free,0.0,Everyone,2018-07-27,4.6,Tools
My love,TOOLS,3.5,163997,10000000,Free,0.0,Everyone,2018-08-05,16.0,Tools
DuraSpeed,TOOLS,3.8,5431,10000000,Free,0.0,Everyone,2017-11-13,1.3,Tools
HTC Sense Input-LV,TOOLS,3.6,59,50000,Free,0.0,Everyone,2014-04-22,2.3,Tools
HTC Sense Input-CA,TOOLS,3.1,124,100000,Free,0.0,Everyone,2014-04-22,1.9,Tools
HTC Sense Input-AR,TOOLS,3.8,1420,100000,Free,0.0,Everyone,2014-04-22,2.7,Tools
Digital Alarm Clock,TOOLS,4.2,118439,10000000,Free,0.0,Everyone,2018-06-19,16.0,Tools
Alarm Clock Free,TOOLS,4.0,59973,10000000,Free,0.0,Everyone,2018-03-16,11.0,Tools
Puzzle Alarm Clock ⏰,TOOLS,4.3,32111,1000000,Free,0.0,Everyone,2018-08-03,5.3,Tools
Alarm Clock,TOOLS,4.3,114788,5000000,Free,0.0,Everyone,2018-01-22,,Tools
I Can't Wake Up! Alarm Clock,TOOLS,4.5,70404,1000000,Free,0.0,Everyone,2018-05-25,4.2,Tools
High-Powered Flashlight,TOOLS,4.5,429580,10000000,Free,0.0,Everyone,2018-03-16,,Tools
Brightest Flashlight - LED Light,TOOLS,4.5,876866,50000000,Free,0.0,Everyone,2018-07-27,9.1,Tools
LED Flashlight,TOOLS,4.4,207706,10000000,Free,0.0,Everyone,2017-07-10,4.3,Tools
Tiny Flashlight + LED,TOOLS,4.4,4254879,100000000,Free,0.0,Everyone,2018-07-08,,Tools
Flashlight & LED Torch,TOOLS,4.3,111507,10000000,Free,0.0,Everyone,2017-12-29,,Tools
Color Flashlight,TOOLS,4.2,472904,50000000,Free,0.0,Everyone,2017-12-14,,Tools
Flashlight,TOOLS,4.7,115409,10000000,Free,0.0,Everyone,2018-08-06,,Tools
"CM Flashlight (Compass, SOS)",TOOLS,4.4,166367,5000000,Free,0.0,Everyone,2018-05-25,1.8,Tools
Flashlight HD LED,TOOLS,4.3,618918,50000000,Free,0.0,Everyone,2018-07-28,,Tools
Flashlight - Torch LED Light,TOOLS,4.4,192661,10000000,Free,0.0,Everyone,2018-07-07,8.5,Tools
Super Flashlight + LED,TOOLS,4.3,54207,5000000,Free,0.0,Everyone,2017-07-11,4.4,Tools
Brightest LED Flashlight,TOOLS,4.5,60571,5000000,Free,0.0,Everyone,2018-07-02,,Tools
Brightest Flashlight Free ®,TOOLS,4.7,1335799,50000000,Free,0.0,Everyone,2017-10-27,3.8,Tools
Fraction Calculator Plus Free,TOOLS,4.5,148506,5000000,Free,0.0,Everyone,2018-07-15,11.0,Tools
Calculator Plus Free,TOOLS,4.6,679912,10000000,Free,0.0,Everyone,2018-07-27,,Tools
CALCU™ Stylish Calculator Free,TOOLS,4.7,152692,5000000,Free,0.0,Everyone,2018-07-07,11.0,Tools
Mobi Calculator free & AD free!,TOOLS,4.6,77311,5000000,Free,0.0,Everyone,2018-01-09,,Tools
Calculator with Percent (Free),TOOLS,4.8,48211,1000000,Free,0.0,Everyone,2017-11-18,7.4,Tools
Graphing Calculator,TOOLS,3.9,12388,1000000,Free,0.0,Everyone,2016-04-01,5.3,Tools
Unit Converter,TOOLS,4.5,85387,1000000,Free,0.0,Everyone,2018-07-03,5.4,Tools
Calculator ++,TOOLS,4.6,33509,1000000,Free,0.0,Everyone,2018-05-12,3.6,Tools
MyScript Calculator,TOOLS,4.5,342336,10000000,Free,0.0,Everyone,2015-08-10,,Tools
ConvertPad - Unit Converter,TOOLS,4.4,90831,10000000,Free,0.0,Everyone,2017-06-18,4.3,Tools
Unit Converter Pro,TOOLS,4.5,12718,1000000,Free,0.0,Everyone,2018-03-05,,Tools
Classic Calculator,TOOLS,4.0,85659,5000000,Free,0.0,Everyone,2018-02-25,27.0,Tools
Scientific Calculator Free,TOOLS,4.3,16395,1000000,Free,0.0,Everyone,2018-06-28,,Tools
weight conversion calculator,TOOLS,4.0,807,100000,Free,0.0,Everyone,2018-05-18,1.8,Tools
Age Calculator,TOOLS,4.4,24265,1000000,Free,0.0,Everyone,2017-07-25,3.3,Tools
EzCalculator,TOOLS,4.1,1657,100000,Free,0.0,Everyone,2017-09-17,2.0,Tools
SuperVPN Free VPN Client,TOOLS,4.3,576454,50000000,Free,0.0,Everyone,2018-02-05,6.1,Tools
Hideman VPN,TOOLS,4.1,88675,5000000,Free,0.0,Everyone,2018-07-24,9.6,Tools
Fast Secure VPN,TOOLS,4.3,56848,1000000,Free,0.0,Everyone,2018-05-18,9.6,Tools
Free & Premium VPN - FinchVPN,TOOLS,4.2,19096,1000000,Free,0.0,Everyone,2018-07-05,10.0,Tools
Hotspot Shield Free VPN Proxy & Wi-Fi Security,TOOLS,4.2,1116393,50000000,Free,0.0,Everyone,2018-08-06,8.2,Tools
OpenVPN Connect – Fast & Safe SSL VPN Client,TOOLS,4.2,154578,10000000,Free,0.0,Everyone,2018-05-25,14.0,Tools
"VPN - Fast, Secure & Unlimited WiFi with VyprVPN",TOOLS,4.2,40676,1000000,Free,0.0,Everyone,2018-07-05,25.0,Tools
FREEDOME VPN Unlimited anonymous Wifi Security,TOOLS,4.3,39833,1000000,Free,0.0,Everyone,2018-07-09,9.9,Tools
SurfEasy Secure Android VPN,TOOLS,4.5,273283,5000000,Free,0.0,Everyone,2018-07-11,22.0,Tools
TunnelBear VPN,TOOLS,4.4,139480,5000000,Free,0.0,Everyone,2018-04-19,,Tools
VPN Free - Betternet Hotspot VPN & Private Browser,TOOLS,4.5,801054,10000000,Free,0.0,Everyone,2018-08-01,8.9,Tools
Gboard - the Google Keyboard,TOOLS,4.2,1859109,500000000,Free,0.0,Everyone,2018-07-31,,Tools
Smart Keyboard Trial,TOOLS,4.1,65597,10000000,Free,0.0,Everyone,2017-04-28,2.4,Tools
"Emoji keyboard - Cute Emoticons, GIF, Stickers",TOOLS,4.4,1107320,50000000,Free,0.0,Everyone,2018-08-07,25.0,Tools
"GO Keyboard - Cute Emojis, Themes and GIFs",TOOLS,4.5,4594198,100000000,Free,0.0,Everyone,2018-07-31,,Tools
Google Handwriting Input,TOOLS,4.3,94427,10000000,Free,0.0,Everyone,2018-08-02,,Tools
Wifi Analyzer,TOOLS,4.4,335115,10000000,Free,0.0,Everyone,2018-04-07,1.8,Tools
Network Signal Info,TOOLS,4.1,33926,1000000,Free,0.0,Everyone,2018-08-03,17.0,Tools
Speedtest by Ookla,TOOLS,4.4,1028794,100000000,Free,0.0,Everyone,2018-07-19,,Tools
osmino Wi-Fi: free WiFi,TOOLS,4.2,134203,10000000,Free,0.0,Everyone,2018-08-06,4.1,Tools
WiFi Overview 360,TOOLS,4.1,15693,1000000,Free,0.0,Everyone,2018-08-03,18.0,Tools
Speedcheck,TOOLS,4.6,48979,1000000,Free,0.0,Everyone,2018-08-04,14.0,Tools
Internet Speed Meter Lite,TOOLS,4.5,410303,10000000,Free,0.0,Everyone,2016-09-05,,Tools
Wifi Inspector,TOOLS,4.3,63712,5000000,Free,0.0,Everyone,2016-05-12,,Tools
WiFi Automatic,TOOLS,4.1,10595,1000000,Free,0.0,Everyone,2018-03-18,,Tools
NETGEAR WiFi Analytics,TOOLS,4.1,9496,1000000,Free,0.0,Everyone,2014-04-25,0.6796875,Tools
Keypad Lock Screen,TOOLS,4.2,428581,10000000,Free,0.0,Everyone,2018-07-17,4.7,Tools
photo keypad lockscreen,TOOLS,4.1,225544,10000000,Free,0.0,Everyone,2018-07-17,8.1,Tools
CM Locker - Security Lockscreen,TOOLS,4.6,3090727,100000000,Free,0.0,Everyone,2018-07-31,,Tools
Solo Locker (DIY Locker),TOOLS,4.5,474439,10000000,Free,0.0,Everyone,2018-06-26,7.9,Tools
Lock Screen,TOOLS,4.0,41137,1000000,Free,0.0,Everyone,2017-11-15,4.6,Tools
ZERO Lock Screen,TOOLS,3.5,75336,1000000,Free,0.0,Everyone,2016-02-05,0.53125,Tools
AppLock - Fingerprint,TOOLS,4.4,745245,10000000,Free,0.0,Everyone,2018-04-13,3.5,Tools
Applock,TOOLS,4.4,4934130,100000000,Free,0.0,Everyone,2018-06-11,,Tools
Smart AppLock (App Protect),TOOLS,4.4,137562,10000000,Free,0.0,Everyone,2018-05-31,,Tools
Screen Off and Lock,TOOLS,4.1,172990,10000000,Free,0.0,Everyone,2017-12-02,0.5126953125,Tools
Screen Lock,TOOLS,4.2,68309,1000000,Free,0.0,Everyone,2017-11-23,2.1,Tools
Nova Launcher,PERSONALIZATION,4.6,1121805,50000000,Free,0.0,Everyone,2018-05-14,,Personalization
Funny Ringtones,PERSONALIZATION,4.4,7146,1000000,Free,0.0,Everyone 10+,2018-02-02,14.0,Personalization
ZEDGE™ Ringtones & Wallpapers,PERSONALIZATION,4.6,6466641,100000000,Free,0.0,Teen,2018-07-19,,Personalization
"XOS - Launcher,Theme,Wallpaper",PERSONALIZATION,4.6,49657,5000000,Free,0.0,Everyone,2018-08-06,8.7,Personalization
3D Live Neon Weed Launcher,PERSONALIZATION,4.5,1724,100000,Free,0.0,Mature 17+,2018-06-26,21.0,Personalization
Evie Launcher,PERSONALIZATION,4.7,139258,5000000,Free,0.0,Everyone,2018-08-03,,Personalization
Golden Launcher,PERSONALIZATION,4.4,32794,5000000,Free,0.0,Everyone,2018-07-31,12.0,Personalization
Launcher,PERSONALIZATION,4.5,102923,1000000,Free,0.0,Everyone,2018-07-10,18.0,Personalization
"CM Launcher 3D - Theme, Wallpapers, Efficient",PERSONALIZATION,4.6,6702776,100000000,Free,0.0,Teen,2018-08-03,17.0,Personalization
4K Wallpapers and Ultra HD Backgrounds,PERSONALIZATION,4.6,7583,500000,Free,0.0,Everyone 10+,2018-07-04,3.8,Personalization
OnePlus Launcher,PERSONALIZATION,4.0,24215,1000000,Free,0.0,Everyone,2018-08-03,,Personalization
Birds Sounds Ringtones & Wallpapers,PERSONALIZATION,4.6,5073,1000000,Free,0.0,Everyone 10+,2017-09-25,23.0,Personalization
Funny Alarm Clock Ringtones,PERSONALIZATION,4.5,15633,1000000,Free,0.0,Everyone,2017-03-09,14.0,Personalization
ZenUI Launcher,PERSONALIZATION,4.7,1141545,50000000,Free,0.0,Everyone,2018-07-31,15.0,Personalization
"Color Call - Caller Screen, LED Flash",PERSONALIZATION,4.7,29485,1000000,Free,0.0,Everyone,2018-07-20,9.9,Personalization
New Launcher 2018,PERSONALIZATION,4.4,142393,10000000,Free,0.0,Everyone,2018-07-31,12.0,Personalization
Diamond Zipper Lock Screen,PERSONALIZATION,4.3,71688,10000000,Free,0.0,Everyone,2018-06-11,12.0,Personalization
"Emoji Keyboard - Cute Emoji,GIF, Sticker, Emoticon",PERSONALIZATION,4.7,114851,10000000,Free,0.0,Everyone,2018-07-20,20.0,Personalization
3D Blue Glass Water Keyboard Theme,PERSONALIZATION,4.1,62209,10000000,Free,0.0,Everyone,2018-07-01,7.4,Personalization
Backgrounds (HD Wallpapers),PERSONALIZATION,4.7,202474,10000000,Free,0.0,Teen,2017-08-09,3.0,Personalization
Smart Launcher 5,PERSONALIZATION,4.4,512102,10000000,Free,0.0,Everyone,2018-07-16,,Personalization
New 2018 Keyboard,PERSONALIZATION,4.6,298321,10000000,Free,0.0,Everyone,2018-08-05,14.0,Personalization
"APUS Launcher - Theme, Wallpaper, Hide Apps",PERSONALIZATION,4.5,5783441,100000000,Free,0.0,Everyone,2018-08-06,14.0,Personalization
ZenUI Themes – Stylish Themes,PERSONALIZATION,4.4,47393,10000000,Free,0.0,Everyone,2018-05-24,7.2,Personalization
"Keyboard - wallpapers , photos",PERSONALIZATION,4.4,55525,10000000,Free,0.0,Everyone,2018-02-26,22.0,Personalization
Lovely Cute Pink Kitty Cat Keyboard Theme,PERSONALIZATION,4.3,2267,500000,Free,0.0,Everyone,2018-07-09,7.2,Personalization
Apex Launcher,PERSONALIZATION,4.3,266401,10000000,Free,0.0,Everyone,2018-08-04,,Personalization
Microsoft Launcher,PERSONALIZATION,4.6,649568,10000000,Free,0.0,Everyone,2018-08-01,26.0,Personalization
Goku Wallpaper Art,PERSONALIZATION,4.7,6342,1000000,Free,0.0,Everyone,2018-07-13,38.0,Personalization
Door Lock Screen,PERSONALIZATION,4.3,5413,1000000,Free,0.0,Everyone,2018-07-28,3.9,Personalization
Yandex Browser with Protect,PERSONALIZATION,4.5,1237135,50000000,Free,0.0,Everyone,2018-07-18,,Personalization
Cute wallpapers & kawaii backgrounds images,PERSONALIZATION,4.6,4724,1000000,Free,0.0,Everyone,2018-07-30,5.4,Personalization
ASUS Cover for ZenFone 2,PERSONALIZATION,4.4,43960,10000000,Free,0.0,Everyone,2017-12-01,9.8,Personalization
"Hola Launcher- Theme,Wallpaper",PERSONALIZATION,4.5,3277209,100000000,Free,0.0,Everyone,2018-05-09,7.6,Personalization
OnePlus Icon Pack - Square,PERSONALIZATION,4.7,229,500000,Free,0.0,Everyone,2018-05-23,1.1,Personalization
Live 3D Neon Blue Love Heart Keyboard Theme,PERSONALIZATION,4.3,6626,1000000,Free,0.0,Everyone,2018-07-25,9.1,Personalization
Pink Diamond Princess Keyboard Theme,PERSONALIZATION,3.7,10796,1000000,Free,0.0,Everyone,2018-07-06,6.8,Personalization
"Wallpapers HD, 4K Backgrounds",PERSONALIZATION,4.7,273994,10000000,Free,0.0,Everyone,2018-07-23,12.0,Personalization
Photo Lock App - Hide Pictures & Videos,PERSONALIZATION,4.5,29203,5000000,Free,0.0,Everyone,2017-12-10,3.3,Personalization
Romantic Love Photo Frames,PERSONALIZATION,4.4,18918,5000000,Free,0.0,Everyone,2018-06-19,12.0,Personalization
Colorful Glitter Neon Butterfly Keyboard Theme,PERSONALIZATION,4.3,2056,500000,Free,0.0,Everyone,2018-07-25,9.8,Personalization
OnePlus Icon Pack,PERSONALIZATION,4.8,440,500000,Free,0.0,Everyone,2018-05-23,0.8984375,Personalization
Water Garden Live Wallpaper,PERSONALIZATION,4.6,66453,5000000,Free,0.0,Everyone,2018-04-10,14.0,Personalization
Water Droplets Keyboard Theme,PERSONALIZATION,4.1,398,100000,Free,0.0,Everyone,2018-06-29,6.8,Personalization
"FUN Keyboard – Emoji Keyboard, Sticker,Theme & GIF",PERSONALIZATION,4.7,12089,500000,Free,0.0,Everyone,2018-07-03,27.0,Personalization
Freeme Launcher—Stylish Theme,PERSONALIZATION,4.1,2828,100000,Free,0.0,Everyone,2017-01-22,7.4,Personalization
ZEDGE™ Ringtones & Wallpapers,PERSONALIZATION,4.6,6466641,100000000,Free,0.0,Teen,2018-07-19,,Personalization
Ringtones & Wallpapers for Me,PERSONALIZATION,4.2,89342,10000000,Free,0.0,Everyone,2018-01-30,29.0,Personalization
Ringtone Maker,PERSONALIZATION,4.3,495905,50000000,Free,0.0,Everyone,2018-07-29,,Personalization
Retro Clock Widget,PERSONALIZATION,4.2,86743,5000000,Free,0.0,Everyone,2016-11-01,,Personalization
Zooper Widget,PERSONALIZATION,4.0,30498,1000000,Free,0.0,Everyone,2015-03-11,5.9,Personalization
Beautiful Widgets Pro,PERSONALIZATION,4.2,97890,1000000,Paid,2.49,Everyone,2016-08-24,14.0,Personalization
Beautiful Widgets Free,PERSONALIZATION,3.9,25037,1000000,Free,0.0,Everyone,2016-10-20,14.0,Personalization
HD Widgets,PERSONALIZATION,4.3,58617,1000000,Paid,0.99,Everyone,2016-12-07,26.0,Personalization
DashClock Widget,PERSONALIZATION,4.1,62301,1000000,Free,0.0,Everyone,2016-05-11,1.9,Personalization
Fancy Widgets,PERSONALIZATION,4.2,37237,5000000,Free,0.0,Everyone,2014-04-04,3.9,Personalization
Kairo XP (for HD Widgets),PERSONALIZATION,4.4,1591,10000,Paid,0.99,Everyone,2015-01-07,0.7607421875,Personalization
icon wallpaper dressup💞CocoPPa,PERSONALIZATION,4.3,595120,10000000,Free,0.0,Everyone,2018-07-10,,Personalization
The real aquarium - HD,PERSONALIZATION,4.3,100130,5000000,Free,0.0,Everyone,2018-06-25,,Personalization
Best Wallpapers QHD,PERSONALIZATION,4.4,294701,10000000,Free,0.0,Teen,2018-03-17,5.1,Personalization
Dog Licks Screen Wallpaper,PERSONALIZATION,4.3,63624,5000000,Free,0.0,Everyone,2017-11-20,10.0,Personalization
Waterfall Live Wallpaper,PERSONALIZATION,4.1,112977,10000000,Free,0.0,Everyone,2018-05-22,13.0,Personalization
Galaxy Live Wallpaper,PERSONALIZATION,4.2,58052,5000000,Free,0.0,Teen,2017-09-14,4.0,Personalization
Northern Lights FREE (Aurora),PERSONALIZATION,4.1,12180,1000000,Free,0.0,Everyone,2016-12-24,5.4,Personalization
Flowers Live Wallpaper,PERSONALIZATION,4.1,118459,10000000,Free,0.0,Everyone,2017-10-27,3.3,Personalization
Petals 3D live wallpaper,PERSONALIZATION,4.2,112479,10000000,Free,0.0,Everyone,2018-07-25,4.3,Personalization
Galactic Core Free Wallpaper,PERSONALIZATION,4.1,69417,10000000,Free,0.0,Everyone,2014-05-01,0.8330078125,Personalization
LINE Launcher,PERSONALIZATION,4.4,733838,10000000,Free,0.0,Everyone,2018-06-29,21.0,Personalization
Asteroids 3D live wallpaper,PERSONALIZATION,4.1,157495,10000000,Free,0.0,Everyone,2018-07-24,6.4,Personalization
Sun Rise Free Live Wallpaper,PERSONALIZATION,4.3,86481,10000000,Free,0.0,Everyone,2018-01-31,8.6,Personalization
Wallpapers HD,PERSONALIZATION,4.6,484981,10000000,Free,0.0,Everyone,2016-11-28,2.1,Personalization
Tiger Live Wallpaper,PERSONALIZATION,4.1,77724,5000000,Free,0.0,Teen,2018-05-31,7.1,Personalization
ZEDGE™ Ringtones & Wallpapers,PERSONALIZATION,4.6,6466641,100000000,Free,0.0,Teen,2018-07-19,,Personalization
Backgrounds HD (Wallpapers),PERSONALIZATION,4.6,2390185,100000000,Free,0.0,Teen,2018-08-04,,Personalization
Pink Roses Live Wallpaper,PERSONALIZATION,4.2,33074,1000000,Free,0.0,Everyone,2018-05-04,3.3,Personalization
Butterfly Live Wallpaper,PERSONALIZATION,4.1,35771,5000000,Free,0.0,Everyone,2018-05-04,3.5,Personalization
Koi Free Live Wallpaper,PERSONALIZATION,4.2,290241,50000000,Free,0.0,Everyone,2014-06-24,4.1,Personalization
Wallpaper,PERSONALIZATION,4.5,69488,1000000,Free,0.0,Everyone,2018-07-08,9.7,Personalization
Wolves Live Wallpaper,PERSONALIZATION,4.3,10401,1000000,Free,0.0,Everyone,2017-10-27,3.3,Personalization
Horses Live Wallpaper,PERSONALIZATION,4.2,28806,1000000,Free,0.0,Everyone,2018-05-22,7.1,Personalization
Tropical Beach Live Wallpaper,PERSONALIZATION,4.0,11343,1000000,Free,0.0,Everyone,2018-05-22,8.4,Personalization
Glowing Flowers Live Wallpaper,PERSONALIZATION,4.2,66730,5000000,Free,0.0,Everyone,2018-05-21,7.0,Personalization
Dolphins Live Wallpaper,PERSONALIZATION,4.2,25807,1000000,Free,0.0,Everyone,2017-10-29,5.5,Personalization
Nova Launcher,PERSONALIZATION,4.6,1121805,50000000,Free,0.0,Everyone,2018-05-14,,Personalization
Apex Launcher,PERSONALIZATION,4.3,266402,10000000,Free,0.0,Everyone,2018-08-04,,Personalization
Smart Launcher 5,PERSONALIZATION,4.4,512106,10000000,Free,0.0,Everyone,2018-07-16,,Personalization
Buzz Launcher-Smart&Free Theme,PERSONALIZATION,4.4,251616,10000000,Free,0.0,Everyone,2017-11-13,13.0,Personalization
Yandex.Shell (Launcher+Dialer),PERSONALIZATION,4.4,87300,1000000,Free,0.0,Everyone,2015-03-17,,Personalization
ADW Launcher 2,PERSONALIZATION,4.3,181399,10000000,Free,0.0,Everyone,2017-12-08,,Personalization
BIG Launcher,PERSONALIZATION,4.3,881,10000,Paid,9.99,Everyone,2018-06-20,5.9,Personalization
Smart Launcher Pro 3,PERSONALIZATION,4.6,40704,100000,Paid,4.49,Everyone,2018-03-16,,Personalization
"iKeyboard - emoji, emoticons",PERSONALIZATION,4.5,624924,10000000,Free,0.0,Everyone,2018-08-01,24.0,Personalization
Simple Neon Blue Future Tech Keyboard Theme,PERSONALIZATION,4.1,51145,10000000,Free,0.0,Everyone,2018-06-28,6.2,Personalization
ai.type Free Emoji Keyboard,PERSONALIZATION,4.3,647844,10000000,Free,0.0,Everyone,2018-07-24,,Personalization
"GO Keyboard - Emoticon keyboard, Free Theme, GIF",PERSONALIZATION,4.4,2591941,100000000,Free,0.0,Everyone,2018-07-20,,Personalization
TouchPal Purple Butterfly Theme,PERSONALIZATION,4.2,7435,1000000,Free,0.0,Everyone,2018-06-28,6.9,Personalization
2018Emoji Keyboard 😂 Emoticons Lite -sticker&gif,PERSONALIZATION,4.2,115773,10000000,Free,0.0,Everyone,2018-05-22,,Personalization
Lavender Emoji Keyboard Theme,PERSONALIZATION,4.1,12008,1000000,Free,0.0,Everyone,2016-05-27,6.1,Personalization
Microsoft Word,PRODUCTIVITY,4.5,2084126,500000000,Free,0.0,Everyone,2018-07-11,,Productivity
"All-In-One Toolbox: Cleaner, Booster, App Manager",PRODUCTIVITY,4.7,536926,10000000,Free,0.0,Everyone,2018-08-05,,Productivity
Adobe Acrobat Reader,PRODUCTIVITY,4.3,3016297,100000000,Free,0.0,Everyone,2018-04-17,,Productivity
"AVG Cleaner – Speed, Battery & Memory Booster",PRODUCTIVITY,4.4,1188154,10000000,Free,0.0,Everyone,2018-06-14,24.0,Productivity
Google Drive,PRODUCTIVITY,4.4,2731171,1000000000,Free,0.0,Everyone,2018-08-06,,Productivity
QR Scanner & Barcode Scanner 2018,PRODUCTIVITY,3.8,8226,10000000,Free,0.0,Everyone,2018-07-20,4.1,Productivity
Chrome Beta,PRODUCTIVITY,4.4,228794,10000000,Free,0.0,Everyone,2018-08-06,,Productivity
Microsoft Outlook,PRODUCTIVITY,4.3,3252896,100000000,Free,0.0,Everyone,2018-08-02,50.0,Productivity
Google PDF Viewer,PRODUCTIVITY,4.2,226456,10000000,Free,0.0,Everyone,2017-10-09,,Productivity
Microsoft Excel,PRODUCTIVITY,4.5,1079491,100000000,Free,0.0,Everyone,2018-07-14,,Productivity
My Claro Peru,PRODUCTIVITY,3.2,11200,5000000,Free,0.0,Everyone,2018-07-23,11.0,Productivity
Power Booster - Junk Cleaner & CPU Cooler & Boost,PRODUCTIVITY,4.5,9653,1000000,Free,0.0,Everyone,2018-08-06,5.1,Productivity
Google Assistant,PRODUCTIVITY,4.2,58675,10000000,Free,0.0,Everyone,2018-03-09,1.3,Productivity
Microsoft OneDrive,PRODUCTIVITY,4.4,1038306,100000000,Free,0.0,Everyone,2018-08-01,,Productivity
Calculator - unit converter,PRODUCTIVITY,4.7,287250,50000000,Free,0.0,Everyone,2018-05-09,,Productivity
Microsoft OneNote,PRODUCTIVITY,4.4,480643,100000000,Free,0.0,Everyone,2018-07-22,,Productivity
Metro name iD,PRODUCTIVITY,4.0,27800,10000000,Free,0.0,Everyone,2017-08-10,,Productivity
Google Keep,PRODUCTIVITY,4.4,691474,100000000,Free,0.0,Everyone,2018-08-06,,Productivity
Archos File Manager,PRODUCTIVITY,4.0,2131,5000000,Free,0.0,Everyone,2016-04-22,2.3,Productivity
ES File Explorer File Manager,PRODUCTIVITY,4.6,5383985,100000000,Free,0.0,Everyone,2018-08-03,16.0,Productivity
ASUS SuperNote,PRODUCTIVITY,4.5,26559,10000000,Free,0.0,Everyone,2017-04-14,,Productivity
HTC File Manager,PRODUCTIVITY,4.2,13500,10000000,Free,0.0,Everyone,2017-12-11,,Productivity
MyMTN,PRODUCTIVITY,4.0,8550,1000000,Free,0.0,Everyone,2018-07-25,15.0,Productivity
Dropbox,PRODUCTIVITY,4.4,1861310,500000000,Free,0.0,Everyone,2018-08-01,61.0,Productivity
ASUS Quick Memo,PRODUCTIVITY,4.5,23089,10000000,Free,0.0,Everyone,2018-04-11,1.6,Productivity
HTC Calendar,PRODUCTIVITY,3.9,6949,10000000,Free,0.0,Everyone,2017-12-27,,Productivity
Google Calendar,PRODUCTIVITY,4.2,858208,500000000,Free,0.0,Everyone,2018-08-06,,Productivity
Google Docs,PRODUCTIVITY,4.3,815981,100000000,Free,0.0,Everyone,2018-08-06,,Productivity
ASUS Calling Screen,PRODUCTIVITY,4.2,102451,10000000,Free,0.0,Everyone,2018-03-15,,Productivity
lifebox,PRODUCTIVITY,4.2,56403,5000000,Free,0.0,Everyone,2018-07-27,49.0,Productivity
Yandex.Disk,PRODUCTIVITY,4.4,115072,5000000,Free,0.0,Everyone,2018-07-31,,Productivity
Content Transfer,PRODUCTIVITY,4.7,19302,5000000,Free,0.0,Everyone,2018-06-28,7.2,Productivity
"Evernote – Organizer, Planner for Notes & Memos",PRODUCTIVITY,4.6,1488396,100000000,Free,0.0,Everyone,2018-08-03,,Productivity
HTC Mail,PRODUCTIVITY,3.1,6572,10000000,Free,0.0,Everyone,2018-05-29,,Productivity
Advanced Task Killer,PRODUCTIVITY,4.4,577059,50000000,Free,0.0,Everyone,2016-08-07,1.5,Productivity
MyVodafone (India) - Online Recharge & Pay Bills,PRODUCTIVITY,4.1,1092367,10000000,Free,0.0,Everyone,2018-08-04,,Productivity
Microsoft PowerPoint,PRODUCTIVITY,4.5,618798,100000000,Free,0.0,Everyone,2018-07-11,,Productivity
Microsoft Translator,PRODUCTIVITY,4.6,209696,5000000,Free,0.0,Everyone,2018-06-18,49.0,Productivity
"My Airtel-Online Recharge, Pay Bill, Wallet, UPI",PRODUCTIVITY,4.3,1498393,50000000,Free,0.0,Everyone,2018-08-02,14.0,Productivity
Samsung Notes,PRODUCTIVITY,3.9,15368,100000000,Free,0.0,Everyone,2018-01-22,,Productivity
Do It Later: Tasks & To-Dos,PRODUCTIVITY,4.5,123412,50000000,Free,0.0,Everyone,2018-04-13,,Productivity
Verizon Cloud,PRODUCTIVITY,4.3,185632,50000000,Free,0.0,Everyone,2018-07-18,,Productivity
myAT&T,PRODUCTIVITY,3.7,80847,50000000,Free,0.0,Everyone,2018-07-18,,Productivity
SwiftKey Keyboard,PRODUCTIVITY,4.5,2764964,100000000,Free,0.0,Everyone,2018-08-02,,Productivity
Hacker's Keyboard,PRODUCTIVITY,4.4,41418,1000000,Free,0.0,Everyone,2016-12-11,1.2,Productivity
MEGA,PRODUCTIVITY,4.0,549973,50000000,Free,0.0,Everyone,2018-07-04,,Productivity
Security & Privacy,PRODUCTIVITY,4.0,212,1000000,Free,0.0,Everyone,2018-04-26,10.0,Productivity
7 Weeks - Habit & Goal Tracker,PRODUCTIVITY,4.4,6011,500000,Free,0.0,Everyone,2015-12-19,4.3,Productivity
Loop - Habit Tracker,PRODUCTIVITY,4.7,17955,1000000,Free,0.0,Everyone,2018-05-23,3.8,Productivity
"TickTick: To Do List with Reminder, Day Planner",PRODUCTIVITY,4.6,25370,1000000,Free,0.0,Everyone,2018-08-06,,Productivity
Keeper: Free Password Manager & Secure Vault,PRODUCTIVITY,4.2,74146,10000000,Free,0.0,Everyone,2018-07-16,32.0,Productivity
Pushbullet - SMS on PC,PRODUCTIVITY,4.5,176873,1000000,Free,0.0,Everyone,2017-10-30,4.5,Productivity
Wunderlist: To-Do List & Tasks,PRODUCTIVITY,4.6,404617,10000000,Free,0.0,Everyone,2018-04-06,,Productivity
Planner Pro-Personal Organizer,PRODUCTIVITY,4.0,10270,1000000,Free,0.0,Everyone,2018-03-23,8.4,Productivity
Todoist: To-do lists for task management & errands,PRODUCTIVITY,4.5,155999,10000000,Free,0.0,Everyone,2018-08-05,12.0,Productivity
Cozi Family Organizer,PRODUCTIVITY,4.4,56713,1000000,Free,0.0,Everyone,2018-07-05,25.0,Productivity
IFTTT,PRODUCTIVITY,4.3,117255,1000000,Free,0.0,Everyone,2018-08-06,,Productivity
Google Keep,PRODUCTIVITY,4.4,691474,100000000,Free,0.0,Everyone,2018-08-06,,Productivity
"Any.do: To-do list, Calendar, Reminders & Planner",PRODUCTIVITY,4.5,298843,10000000,Free,0.0,Everyone,2018-08-05,,Productivity
Trello,PRODUCTIVITY,4.5,72513,5000000,Free,0.0,Everyone,2018-07-18,12.0,Productivity
"Evernote – Organizer, Planner for Notes & Memos",PRODUCTIVITY,4.6,1488396,100000000,Free,0.0,Everyone,2018-08-03,,Productivity
Easy Voice Recorder,PRODUCTIVITY,4.4,205191,10000000,Free,0.0,Everyone,2018-06-20,7.1,Productivity
Dashlane Free Password Manager,PRODUCTIVITY,4.6,73695,1000000,Free,0.0,Everyone,2018-08-06,,Productivity
CM FILE MANAGER HD,PRODUCTIVITY,4.3,144879,10000000,Free,0.0,Everyone,2016-01-24,,Productivity
ES File Explorer File Manager,PRODUCTIVITY,4.6,5383971,100000000,Free,0.0,Everyone,2018-08-03,16.0,Productivity
Solid Explorer Classic,PRODUCTIVITY,4.5,49794,1000000,Free,0.0,Everyone,2017-06-17,6.5,Productivity
File Browser by Astro (File Manager),PRODUCTIVITY,4.3,609182,50000000,Free,0.0,Everyone,2018-07-02,9.2,Productivity
File Explorer,PRODUCTIVITY,4.1,979,100000,Free,0.0,Everyone,2013-09-30,0.703125,Productivity
The Maner,PRODUCTIVITY,4.2,53015,5000000,Free,0.0,Everyone,2017-11-12,2.2,Productivity
AndroZip™ FREE File Manager,PRODUCTIVITY,4.2,277794,10000000,Free,0.0,Everyone,2016-12-07,,Productivity
Solid Explorer File Manager,PRODUCTIVITY,4.6,67523,1000000,Free,0.0,Everyone,2018-07-19,,Productivity
Smart File Manager,PRODUCTIVITY,4.2,17415,1000000,Free,0.0,Everyone,2018-07-05,4.1,Productivity
Microsoft Word,PRODUCTIVITY,4.5,2084125,500000000,Free,0.0,Everyone,2018-07-11,,Productivity
Google Drive,PRODUCTIVITY,4.4,2731211,1000000000,Free,0.0,Everyone,2018-08-06,,Productivity
Adobe Acrobat Reader,PRODUCTIVITY,4.3,3016305,100000000,Free,0.0,Everyone,2018-04-17,,Productivity
Google PDF Viewer,PRODUCTIVITY,4.2,226456,10000000,Free,0.0,Everyone,2017-10-09,,Productivity
Google Sheets,PRODUCTIVITY,4.3,496399,100000000,Free,0.0,Everyone,2018-08-06,,Productivity
Microsoft Excel,PRODUCTIVITY,4.5,1079616,100000000,Free,0.0,Everyone,2018-07-14,,Productivity
Google Docs,PRODUCTIVITY,4.3,815974,100000000,Free,0.0,Everyone,2018-08-06,,Productivity
"Polaris Office - Word, Docs, Sheets, Slide, PDF",PRODUCTIVITY,4.3,549900,10000000,Free,0.0,Everyone,2018-07-18,60.0,Productivity
Microsoft PowerPoint,PRODUCTIVITY,4.5,618796,100000000,Free,0.0,Everyone,2018-07-11,,Productivity
"WPS Office - Word, Docs, PDF, Note, Slide & Sheet",PRODUCTIVITY,4.5,1508137,100000000,Free,0.0,Everyone,2018-07-30,37.0,Productivity
Microsoft OneNote,PRODUCTIVITY,4.4,480640,100000000,Free,0.0,Everyone,2018-07-22,,Productivity
Google Calendar,PRODUCTIVITY,4.2,858227,500000000,Free,0.0,Everyone,2018-08-06,,Productivity
Google Slides,PRODUCTIVITY,4.2,244567,100000000,Free,0.0,Everyone,2018-08-06,,Productivity
ColorNote Notepad Notes,PRODUCTIVITY,4.6,2401017,100000000,Free,0.0,Everyone,2018-06-27,,Productivity
Note Everything,PRODUCTIVITY,4.4,57033,5000000,Free,0.0,Everyone,2016-10-18,,Productivity
Simple Notepad,PRODUCTIVITY,4.3,12321,1000000,Free,0.0,Everyone,2016-12-25,0.6962890625,Productivity
Keep My Notes - Notepad & Memo,PRODUCTIVITY,4.6,122424,5000000,Free,0.0,Everyone,2018-03-16,4.7,Productivity
Sticky Note + : Sync Notes,PRODUCTIVITY,4.2,21507,1000000,Free,0.0,Everyone,2017-08-31,6.6,Productivity
Notepad,PRODUCTIVITY,4.2,80581,10000000,Free,0.0,Everyone,2016-10-16,2.5,Productivity
Squid - Take Notes & Markup PDFs,PRODUCTIVITY,4.2,37204,1000000,Free,0.0,Everyone,2018-07-21,19.0,Productivity
Ultimate Notepad,PRODUCTIVITY,4.0,10643,5000000,Free,0.0,Everyone,2018-05-19,,Productivity
Notepad & To do list,PRODUCTIVITY,4.3,226295,10000000,Free,0.0,Everyone,2018-06-06,4.2,Productivity
"JotterPad - Writer, Screenplay, Novel",PRODUCTIVITY,4.6,57904,1000000,Free,0.0,Everyone,2018-07-01,11.0,Productivity
Google Keep,PRODUCTIVITY,4.4,691474,100000000,Free,0.0,Everyone,2018-08-06,,Productivity
Wunderlist: To-Do List & Tasks,PRODUCTIVITY,4.6,404610,10000000,Free,0.0,Everyone,2018-04-06,,Productivity
"Evernote – Organizer, Planner for Notes & Memos",PRODUCTIVITY,4.6,1488397,100000000,Free,0.0,Everyone,2018-08-03,,Productivity
"Any.do: To-do list, Calendar, Reminders & Planner",PRODUCTIVITY,4.5,298854,10000000,Free,0.0,Everyone,2018-08-05,,Productivity
Todoist: To-do lists for task management & errands,PRODUCTIVITY,4.5,155999,10000000,Free,0.0,Everyone,2018-08-05,12.0,Productivity
Microsoft OneNote,PRODUCTIVITY,4.4,480638,100000000,Free,0.0,Everyone,2018-07-22,,Productivity
Planning Center Services,PRODUCTIVITY,4.3,5157,500000,Free,0.0,Everyone,2018-07-31,,Productivity
Calendar+ Schedule Planner App,PRODUCTIVITY,4.0,8985,1000000,Free,0.0,Everyone,2017-01-16,5.7,Productivity
Today Calendar 2017,PRODUCTIVITY,4.2,16349,1000000,Free,0.0,Everyone,2016-04-25,9.0,Productivity
To-Do Calendar Planner,PRODUCTIVITY,4.2,30291,1000000,Free,0.0,Everyone,2018-05-29,,Productivity
New Calendar,PRODUCTIVITY,4.5,25985,1000000,Free,0.0,Everyone,2018-07-20,6.9,Productivity
Planner Pro-Personal Organizer,PRODUCTIVITY,4.0,10270,1000000,Free,0.0,Everyone,2018-03-23,8.4,Productivity
Calendar Widget Month + Agenda,PRODUCTIVITY,4.2,60840,5000000,Free,0.0,Everyone,2018-05-31,1.9,Productivity
DigiCal Calendar Agenda,PRODUCTIVITY,4.4,133573,5000000,Free,0.0,Everyone,2018-07-03,,Productivity
Time Recording - Timesheet App,PRODUCTIVITY,4.6,23393,1000000,Free,0.0,Everyone,2018-07-12,,Productivity
Jorte Calendar & Organizer,PRODUCTIVITY,4.3,198051,10000000,Free,0.0,Everyone,2018-07-30,,Productivity
Business Calendar 2,PRODUCTIVITY,4.6,102594,5000000,Free,0.0,Everyone,2018-07-23,15.0,Productivity
Google Calendar,PRODUCTIVITY,4.2,858230,500000000,Free,0.0,Everyone,2018-08-06,,Productivity
aCalendar - Android Phone,PRODUCTIVITY,4.4,80119,10000000,Free,0.0,Everyone,2018-06-25,,Productivity
aCalendar+ Calendar & Tasks,PRODUCTIVITY,4.6,26919,100000,Paid,5.99,Everyone,2018-06-25,,Productivity
Google Drive,PRODUCTIVITY,4.4,2731211,1000000000,Free,0.0,Everyone,2018-08-06,,Productivity
G Cloud Backup,PRODUCTIVITY,4.6,267189,5000000,Free,0.0,Everyone,2018-04-29,,Productivity
Microsoft OneDrive,PRODUCTIVITY,4.4,1038303,100000000,Free,0.0,Everyone,2018-08-01,,Productivity
Unclouded - Cloud Manager,PRODUCTIVITY,4.1,6850,100000,Free,0.0,Everyone,2016-08-08,11.0,Productivity
Dropbox,PRODUCTIVITY,4.4,1861309,500000000,Free,0.0,Everyone,2018-08-01,61.0,Productivity
Amazon Drive,PRODUCTIVITY,4.4,18669,1000000,Free,0.0,Everyone,2018-01-08,4.1,Productivity
SugarSync,PRODUCTIVITY,4.1,16420,1000000,Free,0.0,Everyone,2018-05-16,3.8,Productivity
pCloud: Free Cloud Storage,PRODUCTIVITY,4.3,16149,1000000,Free,0.0,Everyone,2018-07-24,,Productivity
MediaFire,PRODUCTIVITY,4.1,71432,5000000,Free,0.0,Everyone,2017-11-01,3.8,Productivity
Cloud Print,PRODUCTIVITY,4.1,282460,500000000,Free,0.0,Everyone,2018-05-23,,Productivity
Baby Names,PARENTING,4.5,86,10000,Free,0.0,Everyone,2018-08-03,2.8,Parenting
My baby Piano,PARENTING,3.9,17941,5000000,Free,0.0,Everyone,2018-05-27,,Parenting
My baby Game (Balloon POP!),PARENTING,3.8,3614,1000000,Free,0.0,Everyone,2018-05-28,3.3,Parenting
Development of the child up to a year,PARENTING,4.6,1413,100000,Free,0.0,Mature 17+,2018-07-20,14.0,Parenting
Favorite children's songs,PARENTING,4.7,39,10000,Free,0.0,Everyone,2018-07-06,95.0,Parenting
Baby Panda Learns Shapes,PARENTING,4.0,3789,1000000,Free,0.0,Everyone,2018-06-21,42.0,Parenting
Mozart Baby Sleep,PARENTING,4.7,107,50000,Free,0.0,Teen,2018-07-09,98.0,Parenting
Kids Videos,PARENTING,4.1,559,100000,Free,0.0,Everyone,2018-05-20,6.4,Parenting
My baby firework,PARENTING,3.7,4976,1000000,Free,0.0,Everyone,2018-05-28,2.8,Parenting
Baby Food - Homemade Recipes,PARENTING,4.1,44,10000,Free,0.0,Everyone,2018-08-07,3.6,Parenting
My baby Phone,PARENTING,3.7,9293,1000000,Free,0.0,Everyone,2018-05-28,2.4,Parenting
Baby Sleep: White noise lullabies for newborns,PARENTING,4.6,62386,1000000,Free,0.0,Everyone,2018-06-12,3.4,Parenting
Arabic Chat - Chat,PARENTING,4.4,162,10000,Free,0.0,Everyone,2018-05-01,1.5,Parenting
BookBaby - Baby Development,PARENTING,4.6,1002,50000,Free,0.0,Everyone,2016-08-18,5.0,Parenting
Kids Craft Ideas,PARENTING,4.1,99,10000,Free,0.0,Everyone,2018-03-29,6.6,Parenting
Child Growth Tracking,PARENTING,4.4,498,50000,Free,0.0,Everyone,2018-07-25,,Parenting
Family Album Mitene: Private Photo & Video Sharing,PARENTING,4.7,34336,1000000,Free,0.0,Everyone,2018-07-31,,Parenting
Family GPS Tracker and Chat + Baby Monitor Online,PARENTING,4.4,9073,500000,Free,0.0,Everyone,2018-08-02,,Parenting
How do I take care of my child?,PARENTING,4.8,190,100000,Free,0.0,Everyone,2018-06-24,6.8,Parenting
Baby Name Together,PARENTING,4.0,464,100000,Free,0.0,Everyone,2018-08-06,24.0,Parenting
White Noise for Baby,PARENTING,4.9,717,100000,Free,0.0,Everyone,2017-12-30,6.6,Parenting
The first year of a baby's life,PARENTING,4.8,7505,100000,Free,0.0,Everyone,2017-01-07,9.1,Parenting
Safe365 – Cell Phone GPS Locator For Your Family,PARENTING,4.4,11501,1000000,Free,0.0,Everyone,2018-07-30,11.0,Parenting
Listen to the story~The Story of the Fairy Tales,PARENTING,4.7,69,5000,Free,0.0,Everyone,2018-07-10,5.8,Parenting
"Amazon FreeTime – Kids’ Videos, Books, & TV shows",PARENTING,4.2,2715,500000,Free,0.0,Everyone,2018-07-24,24.0,Parenting
"Kids Fang - Infant Videos, Children's Songs, Fairy Tales, Lullaby Collections",PARENTING,4.6,349,100000,Free,0.0,Everyone,2018-03-21,4.4,Parenting
PPS Online,PARENTING,4.6,37,10000,Free,0.0,Everyone,2018-07-09,16.0,Parenting
Johny Johny Yes Papa Nursery Rhyme - offline Video,PARENTING,4.5,806,500000,Free,0.0,Everyone,2018-08-04,11.0,Parenting
Latest Emmanuella Comedy Video,PARENTING,4.6,60,10000,Free,0.0,Everyone,2018-04-01,4.9,Parenting
Baby Care & Tracker,PARENTING,4.1,319,100000,Free,0.0,Everyone,2018-07-12,11.0,Parenting
Urban Limo Taxi Simulator,PARENTING,3.8,824,1000000,Free,0.0,Everyone,2018-08-02,53.0,Parenting
Rainbow - Journal & Activities,PARENTING,4.8,6668,100000,Free,0.0,Everyone,2018-03-28,20.0,Parenting
Classical music for baby,PARENTING,4.8,1940,100000,Free,0.0,Everyone,2018-07-18,38.0,Parenting
My Child from eDziecko.pl,PARENTING,4.5,1025,100000,Free,0.0,Everyone,2018-06-29,17.0,Parenting
Baby Panda Musical Genius,PARENTING,4.0,3346,1000000,Free,0.0,Everyone,2018-06-15,37.0,Parenting
Baby Monitor,PARENTING,4.4,5343,1000000,Free,0.0,Everyone,2018-03-30,5.2,Parenting
Daniel Tiger for Parents,PARENTING,4.7,247,100000,Free,0.0,Everyone,2018-03-19,28.0,Parenting
Vegetable Fun,PARENTING,3.9,3182,1000000,Free,0.0,Everyone,2018-06-15,46.0,Parenting
It's open.,PARENTING,4.4,1528,100000,Free,0.0,Everyone,2018-07-24,16.0,Parenting
Children's Stories 2018 - The Lion Come Lion,PARENTING,4.4,39,10000,Free,0.0,Everyone,2017-10-31,18.0,Parenting
Feed Baby - Baby Tracker,PARENTING,4.5,76795,1000000,Free,0.0,Everyone,2018-08-01,18.0,Parenting
The Weather Channel: Rain Forecast & Storm Alerts,WEATHER,4.4,1558437,50000000,Free,0.0,Everyone,2018-08-01,,Weather
Weather forecast,WEATHER,4.8,159455,1000000,Free,0.0,Everyone,2018-05-08,10.0,Weather
AccuWeather: Daily Forecast & Live Weather Reports,WEATHER,4.4,2053404,50000000,Free,0.0,Everyone,2018-08-06,,Weather
Live Weather Pro,WEATHER,4.8,892,10000,Free,0.0,Everyone,2018-07-17,17.0,Weather
"Weather by WeatherBug: Forecast, Radar & Alerts",WEATHER,4.5,981995,10000000,Free,0.0,Everyone,2018-06-07,,Weather
weather - weather forecast,WEATHER,4.7,11118,1000000,Free,0.0,Everyone,2018-04-26,9.7,Weather
MyRadar NOAA Weather Radar,WEATHER,4.5,178934,10000000,Free,0.0,Everyone,2018-08-04,,Weather
SMHI Weather,WEATHER,3.5,11297,1000000,Free,0.0,Everyone,2018-06-26,,Weather
Free live weather on screen,WEATHER,4.4,15370,1000000,Free,0.0,Everyone,2018-08-02,21.0,Weather
Weather Radar Widget,WEATHER,4.3,18194,1000000,Free,0.0,Everyone,2017-06-28,3.2,Weather
Weather –Simple weather forecast,WEATHER,4.4,40606,10000000,Free,0.0,Everyone,2018-08-05,15.0,Weather
Weather Crave,WEATHER,4.2,133338,5000000,Free,0.0,Everyone,2018-06-26,44.0,Weather
Klara weather,WEATHER,4.6,36900,500000,Free,0.0,Everyone,2018-07-28,4.8,Weather
Yahoo Weather,WEATHER,4.4,1312037,10000000,Free,0.0,Everyone,2018-08-01,,Weather
Real time Weather Forecast,WEATHER,4.4,4184,1000000,Free,0.0,Everyone,2018-03-26,10.0,Weather
METEO FRANCE,WEATHER,3.9,100994,5000000,Free,0.0,Everyone,2018-07-13,54.0,Weather
APE Weather ( Live Forecast),WEATHER,4.3,20008,5000000,Free,0.0,Everyone,2018-07-03,9.1,Weather
Live Weather & Daily Local Weather Forecast,WEATHER,4.5,13426,1000000,Free,0.0,Everyone,2018-07-17,19.0,Weather
Weather,WEATHER,4.2,18773,10000000,Free,0.0,Everyone,2018-05-24,12.0,Weather
Rainfall radar - weather,WEATHER,3.7,26941,5000000,Free,0.0,Everyone,2018-07-13,,Weather
Yahoo! Weather for SH Forecast for understanding the approach of rain clouds Free,WEATHER,4.2,7457,1000000,Free,0.0,Everyone,2018-08-02,,Weather
The Weather Network,WEATHER,3.9,135337,5000000,Free,0.0,Everyone,2018-08-06,,Weather
Klart.se - Sweden's best weather,WEATHER,3.6,7623,1000000,Free,0.0,Everyone,2018-07-11,19.0,Weather
"GO Weather - Widget, Theme, Wallpaper, Efficient",WEATHER,4.5,1422858,50000000,Free,0.0,Everyone,2018-08-03,,Weather
Info BMKG,WEATHER,4.3,21404,1000000,Free,0.0,Everyone,2017-06-15,7.6,Weather
Weather From DMI/YR,WEATHER,4.3,2143,100000,Free,0.0,Everyone,2018-07-31,,Weather
wetter.com - Weather and Radar,WEATHER,4.2,189313,10000000,Free,0.0,Everyone,2018-08-06,38.0,Weather
Storm Radar: Tornado Tracker & Hurricane Alerts,WEATHER,4.6,89868,1000000,Free,0.0,Everyone,2018-06-12,,Weather
Yandex.Weather,WEATHER,4.5,309617,10000000,Free,0.0,Everyone,2018-07-23,,Weather
Local Weather Forecast & Visual Widget,WEATHER,4.5,3478,500000,Free,0.0,Everyone,2018-08-02,6.1,Weather
Wetter by t-online.de,WEATHER,4.2,24349,1000000,Free,0.0,Everyone,2018-05-14,9.2,Weather
HTC Weather,WEATHER,3.9,22154,10000000,Free,0.0,Everyone,2017-08-10,,Weather
Weather Live Pro,WEATHER,4.8,17493,100000,Paid,4.49,Everyone,2018-04-20,11.0,Weather
AEMET's time,WEATHER,3.8,15966,1000000,Free,0.0,Everyone,2017-07-17,9.2,Weather
New 2018 Weather App & Widget,WEATHER,4.5,2332,500000,Free,0.0,Teen,2018-08-03,20.0,Weather
Météociel,WEATHER,4.5,29344,500000,Free,0.0,Everyone,2018-07-25,22.0,Weather
Weather by eltiempo.es,WEATHER,4.2,67772,5000000,Free,0.0,Everyone,2018-08-02,,Weather
Climatempo Lite - 15 day weather forecast,WEATHER,4.0,634,100000,Free,0.0,Everyone,2018-06-15,,Weather
ForecaWeather,WEATHER,4.2,18425,1000000,Free,0.0,Everyone,2017-07-29,5.3,Weather
YouTube,VIDEO_PLAYERS,4.3,25655305,1000000000,Free,0.0,Teen,2018-08-02,,Video Players & Editors
All Video Downloader 2018,VIDEO_PLAYERS,4.3,7557,1000000,Free,0.0,Everyone,2018-07-25,5.6,Video Players & Editors
Video Downloader,VIDEO_PLAYERS,4.2,59089,10000000,Free,0.0,Everyone,2018-08-03,5.4,Video Players & Editors
HD Video Player,VIDEO_PLAYERS,4.3,1551,1000000,Free,0.0,Everyone,2018-07-25,2.9,Video Players & Editors
Iqiyi (for tablet),VIDEO_PLAYERS,3.6,12764,1000000,Free,0.0,Teen,2018-07-11,25.0,Video Players & Editors
Motorola FM Radio,VIDEO_PLAYERS,3.9,54807,100000000,Free,0.0,Everyone,2018-05-02,,Video Players & Editors
Video Player All Format,VIDEO_PLAYERS,4.8,259003,10000000,Free,0.0,Everyone,2018-08-03,,Video Players & Editors
Motorola Gallery,VIDEO_PLAYERS,3.9,121916,100000000,Free,0.0,Everyone,2016-01-25,23.0,Video Players & Editors
Free TV series,VIDEO_PLAYERS,3.7,400,100000,Free,0.0,Teen,2018-05-28,7.2,Video Players & Editors
Video Player All Format for Android,VIDEO_PLAYERS,4.6,3930,500000,Free,0.0,Everyone,2018-07-26,3.3,Video Players & Editors
VLC for Android,VIDEO_PLAYERS,4.4,1032076,100000000,Free,0.0,Everyone,2018-07-30,,Video Players & Editors
Code,VIDEO_PLAYERS,4.4,239242,10000000,Free,0.0,Everyone,2017-11-19,,Video Players & Editors
Vote for,VIDEO_PLAYERS,4.2,193381,50000000,Free,0.0,Teen,2018-08-03,17.0,Video Players & Editors
XX HD Video downloader-Free Video Downloader,VIDEO_PLAYERS,4.1,7624,1000000,Free,0.0,Everyone,2018-04-20,6.0,Video Players & Editors
OBJECTIVE,VIDEO_PLAYERS,3.8,19738,1000000,Free,0.0,Teen,2018-08-07,33.0,Video Players & Editors
Music - Mp3 Player,VIDEO_PLAYERS,4.4,259605,10000000,Free,0.0,Everyone,2018-08-03,3.1,Video Players & Editors
HD Movie Video Player,VIDEO_PLAYERS,4.5,18699,1000000,Free,0.0,Everyone,2018-03-27,4.1,Video Players & Editors
"YouCut - Video Editor & Video Maker, No Watermark",VIDEO_PLAYERS,4.6,98819,5000000,Free,0.0,Everyone,2018-08-06,27.0,Video Players & Editors
"Video Editor,Crop Video,Movie Video,Music,Effects",VIDEO_PLAYERS,4.7,53006,1000000,Free,0.0,Everyone,2018-08-03,44.0,Video Players & Editors
YouTube Studio,VIDEO_PLAYERS,4.3,436921,10000000,Free,0.0,Teen,2018-06-28,,Video Players & Editors
video player for android,VIDEO_PLAYERS,4.5,351168,10000000,Free,0.0,Everyone,2016-10-18,13.0,Video Players & Editors
Vigo Video,VIDEO_PLAYERS,4.3,1615596,50000000,Free,0.0,Teen,2018-08-03,,Video Players & Editors
Google Play Movies & TV,VIDEO_PLAYERS,3.7,906384,1000000000,Free,0.0,Teen,2018-08-06,,Video Players & Editors
HTC Service － DLNA,VIDEO_PLAYERS,3.9,3484,10000000,Free,0.0,Everyone,2015-12-03,3.0,Video Players & Editors
VPlayer,VIDEO_PLAYERS,3.6,5639,1000000,Free,0.0,Everyone,2018-04-12,,Video Players & Editors
MiniMovie - Free Video and Slideshow Editor,VIDEO_PLAYERS,4.5,504823,50000000,Free,0.0,Everyone,2017-12-13,,Video Players & Editors
Samsung Video Library,VIDEO_PLAYERS,4.4,25922,50000000,Free,0.0,Everyone,2018-05-09,6.1,Video Players & Editors
OnePlus Gallery,VIDEO_PLAYERS,3.8,5555,1000000,Free,0.0,Everyone,2018-07-12,64.0,Video Players & Editors
LIKE – Magic Video Maker & Community,VIDEO_PLAYERS,4.6,921868,50000000,Free,0.0,Teen,2018-08-04,47.0,Video Players & Editors
HTC Service—Video Player,VIDEO_PLAYERS,4.2,6449,5000000,Free,0.0,Everyone,2015-02-13,,Video Players & Editors
Play Tube,VIDEO_PLAYERS,4.3,15874,1000000,Free,0.0,Everyone,2018-07-05,5.4,Video Players & Editors
Droid Zap by Motorola,VIDEO_PLAYERS,3.8,2093,5000000,Free,0.0,Everyone,2015-02-03,,Video Players & Editors
video player,VIDEO_PLAYERS,4.4,26421,1000000,Free,0.0,Everyone,2018-05-30,,Video Players & Editors
G Guide Program Guide (SOFTBANK EMOBILE WILLCOM version),VIDEO_PLAYERS,3.1,2689,1000000,Free,0.0,Everyone,2018-07-18,,Video Players & Editors
Video.Guru - Video Maker,VIDEO_PLAYERS,4.6,36969,1000000,Free,0.0,Everyone,2018-08-06,27.0,Video Players & Editors
HTC Gallery,VIDEO_PLAYERS,4.1,45744,10000000,Free,0.0,Everyone,2016-06-03,,Video Players & Editors
"PowerDirector Video Editor App: 4K, Slow Mo & More",VIDEO_PLAYERS,4.5,714665,10000000,Free,0.0,Everyone,2018-07-24,50.0,Video Players & Editors
Cartoon Network App,VIDEO_PLAYERS,4.0,119202,10000000,Free,0.0,Everyone 10+,2018-06-21,,Video Players & Editors
MX Player,VIDEO_PLAYERS,4.5,6474426,500000000,Free,0.0,Everyone,2018-08-06,,Video Players & Editors
Video Status,VIDEO_PLAYERS,4.3,6685,1000000,Free,0.0,Everyone,2018-08-02,4.0,Video Players & Editors
SVT Play,VIDEO_PLAYERS,3.7,11549,1000000,Free,0.0,Teen,2018-07-13,,Video Players & Editors
BluTV,VIDEO_PLAYERS,3.9,28835,1000000,Free,0.0,Teen,2018-07-26,,Video Players & Editors
Tencent Video - Supporting the whole network,VIDEO_PLAYERS,3.5,13205,1000000,Free,0.0,Teen,2018-07-31,44.0,Video Players & Editors
Casper Ssinema,VIDEO_PLAYERS,3.3,1261,10000,Free,0.0,Everyone,2014-10-30,2.5,Video Players & Editors
amazer - Global Kpop Video Community,VIDEO_PLAYERS,4.3,1215,100000,Free,0.0,Everyone 10+,2018-07-20,23.0,Video Players & Editors
MX Player,VIDEO_PLAYERS,4.5,6474672,500000000,Free,0.0,Everyone,2018-08-06,,Video Players & Editors
Video Editor,VIDEO_PLAYERS,4.1,159622,5000000,Free,0.0,Everyone,2018-07-17,23.0,Video Players & Editors
"Omlet Arcade - Stream, Meet, Play",VIDEO_PLAYERS,4.4,169965,10000000,Free,0.0,Teen,2018-08-02,14.0,Video Players & Editors
VUE: video editor & camcorder,VIDEO_PLAYERS,4.4,38630,1000000,Free,0.0,Everyone,2018-08-05,89.0,Video Players & Editors
"Fox News – Breaking News, Live Video & News Alerts",NEWS_AND_MAGAZINES,4.5,249919,10000000,Free,0.0,Everyone 10+,2018-07-30,,News & Magazines
"NEW - Read Newspaper, News 24h",NEWS_AND_MAGAZINES,4.4,158196,10000000,Free,0.0,Everyone,2018-07-27,,News & Magazines
BaBe + - Indonesian News,NEWS_AND_MAGAZINES,4.3,42624,1000000,Free,0.0,Everyone 10+,2018-08-01,16.0,News & Magazines
daily News,NEWS_AND_MAGAZINES,4.5,26411,1000000,Free,0.0,Everyone,2018-03-26,26.0,News & Magazines
BBC News,NEWS_AND_MAGAZINES,4.3,296781,10000000,Free,0.0,Everyone 10+,2018-07-24,,News & Magazines
"Free TV Shows App:News, TV Series, Episode, Movies",NEWS_AND_MAGAZINES,4.6,29706,1000000,Free,0.0,Teen,2018-08-02,11.0,News & Magazines
News24,NEWS_AND_MAGAZINES,4.1,30693,1000000,Free,0.0,Everyone 10+,2018-08-01,,News & Magazines
"Le Monde, the continuous news",NEWS_AND_MAGAZINES,4.2,83558,5000000,Free,0.0,Everyone,2018-07-18,,News & Magazines
Wireless news,NEWS_AND_MAGAZINES,3.5,6066,1000000,Free,0.0,Everyone,2018-04-16,56.0,News & Magazines
CNN Breaking US & World News,NEWS_AND_MAGAZINES,4.0,293080,10000000,Free,0.0,Everyone 10+,2018-08-06,25.0,News & Magazines
Gnoche entertainment news · sports news is also free,NEWS_AND_MAGAZINES,3.8,54256,5000000,Free,0.0,Everyone,2018-07-23,,News & Magazines
BaBe - Read News,NEWS_AND_MAGAZINES,4.3,355921,10000000,Free,0.0,Teen,2018-08-01,17.0,News & Magazines
Nigeria News NAIJ.com,NEWS_AND_MAGAZINES,4.3,37882,1000000,Free,0.0,Teen,2018-06-01,9.1,News & Magazines
detikcom - Latest & Most Complete News,NEWS_AND_MAGAZINES,4.1,190888,10000000,Free,0.0,Teen,2018-07-13,11.0,News & Magazines
"Dailyhunt (Newshunt) - Latest News, Viral Videos",NEWS_AND_MAGAZINES,4.3,948198,50000000,Free,0.0,Teen,2018-07-19,,News & Magazines
BaBe Lite - Read Quota Saving News,NEWS_AND_MAGAZINES,4.5,9548,1000000,Free,0.0,Everyone,2018-08-01,15.0,News & Magazines
ARY NEWS URDU,NEWS_AND_MAGAZINES,4.4,1071,500000,Free,0.0,Everyone,2018-07-25,9.7,News & Magazines
Bengali Newspaper - The first L.,NEWS_AND_MAGAZINES,4.0,11908,1000000,Free,0.0,Everyone,2018-07-01,5.5,News & Magazines
"Read- Latest News, Information, Gossip and Politics",NEWS_AND_MAGAZINES,4.1,185058,10000000,Free,0.0,Teen,2018-08-01,6.7,News & Magazines
"Reddit: Social News, Trending Memes & Funny Videos",NEWS_AND_MAGAZINES,4.6,697212,10000000,Free,0.0,Mature 17+,2018-08-02,,News & Magazines
BBC Persian | BBC Farsi News,NEWS_AND_MAGAZINES,4.3,978,100000,Free,0.0,Everyone,2018-05-12,2.9,News & Magazines
Google News,NEWS_AND_MAGAZINES,3.9,877635,1000000000,Free,0.0,Teen,2018-08-01,13.0,News & Magazines
Opera News - Trending news and videos,NEWS_AND_MAGAZINES,4.5,51684,10000000,Free,0.0,Teen,2018-07-31,8.5,News & Magazines
"Topbuzz: Breaking News, Videos & Funny GIFs",NEWS_AND_MAGAZINES,4.7,175110,10000000,Free,0.0,Mature 17+,2018-08-06,25.0,News & Magazines
Twitter,NEWS_AND_MAGAZINES,4.3,11667403,500000000,Free,0.0,Mature 17+,2018-08-06,,News & Magazines
"Pulse Nabd - World News, Urgent",NEWS_AND_MAGAZINES,4.5,357944,10000000,Free,0.0,Everyone,2018-07-12,12.0,News & Magazines
Asahi Shimbun Digital,NEWS_AND_MAGAZINES,3.1,735,500000,Free,0.0,Everyone,2018-07-25,6.3,News & Magazines
"Breaking News, Local news, Attacks and Alerts Free",NEWS_AND_MAGAZINES,4.7,2543,500000,Free,0.0,Everyone,2018-07-19,6.3,News & Magazines
WE,NEWS_AND_MAGAZINES,3.8,18818,1000000,Free,0.0,Everyone 10+,2018-06-26,,News & Magazines
Sky News,NEWS_AND_MAGAZINES,4.0,30287,1000000,Free,0.0,Everyone 10+,2018-08-03,19.0,News & Magazines
Microsoft News,NEWS_AND_MAGAZINES,4.2,31504,1000000,Free,0.0,Everyone 10+,2018-07-30,31.0,News & Magazines
"Onet - news, weather, sport",NEWS_AND_MAGAZINES,4.0,13950,1000000,Free,0.0,Mature 17+,2018-08-06,,News & Magazines
"Vietnam Today - Read online newspapers, the hottest news 24h",NEWS_AND_MAGAZINES,4.2,21147,5000000,Free,0.0,Teen,2018-08-06,9.0,News & Magazines
Apple Daily Apple News,NEWS_AND_MAGAZINES,3.4,41490,5000000,Free,0.0,Teen,2018-07-24,25.0,News & Magazines
"The Report, Fox, Breitbart - Conservative News",NEWS_AND_MAGAZINES,4.6,2090,50000,Free,0.0,Everyone,2018-08-05,4.6,News & Magazines
РИА Новости,NEWS_AND_MAGAZINES,4.5,44274,1000000,Free,0.0,Everyone,2018-08-06,8.0,News & Magazines
Tencent News,NEWS_AND_MAGAZINES,4.0,7006,1000000,Free,0.0,Everyone,2018-07-31,23.0,News & Magazines
ARY NEWS,NEWS_AND_MAGAZINES,4.4,2959,1000000,Free,0.0,Everyone,2018-08-04,9.8,News & Magazines
Kurio - Read the Latest News,NEWS_AND_MAGAZINES,4.2,40167,1000000,Free,0.0,Everyone,2018-07-30,8.7,News & Magazines
Daily Mail Online,NEWS_AND_MAGAZINES,4.1,56807,5000000,Free,0.0,Everyone 10+,2018-07-30,,News & Magazines
Flipboard: News For Our Time,NEWS_AND_MAGAZINES,4.4,1284017,500000000,Free,0.0,Everyone 10+,2018-08-03,,News & Magazines
Loop - Caribbean Local News,NEWS_AND_MAGAZINES,4.0,4332,1000000,Free,0.0,Everyone,2018-03-16,12.0,News & Magazines
"AD - News, Sports, Region & Entertainment",NEWS_AND_MAGAZINES,3.7,10382,1000000,Free,0.0,Everyone,2018-07-28,,News & Magazines
Podcast Addict,NEWS_AND_MAGAZINES,4.6,413999,5000000,Free,0.0,Teen,2018-08-03,10.0,News & Magazines
Podcast Republic - Podcast Player & Radio Player,NEWS_AND_MAGAZINES,4.5,66978,1000000,Free,0.0,Teen,2018-08-06,,News & Magazines
Podcast App: Free & Offline Podcasts by Player FM,NEWS_AND_MAGAZINES,4.6,66384,1000000,Free,0.0,Teen,2018-07-25,19.0,News & Magazines
Spreaker Podcast Radio,NEWS_AND_MAGAZINES,4.5,17703,500000,Free,0.0,Teen,2018-06-07,6.6,News & Magazines
BeyondPod Podcast Manager,NEWS_AND_MAGAZINES,3.9,32121,1000000,Free,0.0,Everyone,2018-04-13,,News & Magazines
Dezeen Magazine RSS Reader,NEWS_AND_MAGAZINES,4.3,350,10000,Free,0.0,Everyone,2018-07-22,14.0,News & Magazines
"issuu - Read Magazines, Catalogs, Newspapers.",NEWS_AND_MAGAZINES,4.4,74425,1000000,Free,0.0,Everyone,2018-07-18,8.6,News & Magazines
Google News,NEWS_AND_MAGAZINES,3.9,877635,1000000000,Free,0.0,Teen,2018-08-01,13.0,News & Magazines
"BuzzFeed: News, Tasty, Quizzes",NEWS_AND_MAGAZINES,4.3,131028,5000000,Free,0.0,Teen,2018-07-30,13.0,News & Magazines
Flipboard: News For Our Time,NEWS_AND_MAGAZINES,4.4,1284017,500000000,Free,0.0,Everyone 10+,2018-08-03,,News & Magazines
Fast News,NEWS_AND_MAGAZINES,4.4,84957,1000000,Free,0.0,Everyone 10+,2018-01-13,,News & Magazines
LA Times: Your California News,NEWS_AND_MAGAZINES,3.6,3311,100000,Free,0.0,Everyone,2018-04-24,10.0,News & Magazines
The Washington Post Classic,NEWS_AND_MAGAZINES,4.5,23158,1000000,Free,0.0,Everyone 10+,2018-07-17,,News & Magazines
Chicago Tribune,NEWS_AND_MAGAZINES,3.6,1380,100000,Free,0.0,Everyone,2018-07-26,,News & Magazines
USA TODAY,NEWS_AND_MAGAZINES,4.1,49259,5000000,Free,0.0,Everyone 10+,2018-08-02,,News & Magazines
World Newspapers,NEWS_AND_MAGAZINES,4.4,185884,1000000,Free,0.0,Mature 17+,2017-09-17,7.5,News & Magazines
The Wall Street Journal: Business & Market News,NEWS_AND_MAGAZINES,4.1,40975,1000000,Free,0.0,Everyone 10+,2018-08-02,36.0,News & Magazines
Financial Times,NEWS_AND_MAGAZINES,4.2,27104,1000000,Free,0.0,Everyone 10+,2018-08-03,8.2,News & Magazines
The Guardian,NEWS_AND_MAGAZINES,4.7,247992,5000000,Free,0.0,Teen,2018-07-25,22.0,News & Magazines
NYTimes - Latest News,NEWS_AND_MAGAZINES,3.9,63647,10000000,Free,0.0,Everyone 10+,2018-08-01,23.0,News & Magazines
Digg,NEWS_AND_MAGAZINES,3.9,6105,100000,Free,0.0,Teen,2016-03-11,,News & Magazines
News360: Personalized News,NEWS_AND_MAGAZINES,4.4,30722,1000000,Free,0.0,Teen,2018-08-02,,News & Magazines
BBC News,NEWS_AND_MAGAZINES,4.3,296781,10000000,Free,0.0,Everyone 10+,2018-07-24,,News & Magazines
RT News (Russia Today),NEWS_AND_MAGAZINES,4.6,56524,1000000,Free,0.0,Teen,2018-08-06,14.0,News & Magazines
NPR News,NEWS_AND_MAGAZINES,4.0,24790,1000000,Free,0.0,Everyone,2018-07-20,,News & Magazines
Reuters News,NEWS_AND_MAGAZINES,4.3,13169,1000000,Free,0.0,Everyone 10+,2018-06-06,25.0,News & Magazines
Bloomberg: Market & Financial News,NEWS_AND_MAGAZINES,4.2,61692,10000000,Free,0.0,Everyone,2018-07-25,27.0,News & Magazines
"Fox News – Breaking News, Live Video & News Alerts",NEWS_AND_MAGAZINES,4.5,249919,10000000,Free,0.0,Everyone 10+,2018-07-30,,News & Magazines
Haystack TV: Local & World News - Free,NEWS_AND_MAGAZINES,4.3,3684,100000,Free,0.0,Everyone 10+,2018-08-02,,News & Magazines
ABC News - US & World News,NEWS_AND_MAGAZINES,4.0,18976,1000000,Free,0.0,Everyone 10+,2018-06-06,35.0,News & Magazines
NBC News,NEWS_AND_MAGAZINES,4.1,63020,5000000,Free,0.0,Everyone 10+,2018-02-13,,News & Magazines
Sync for reddit,NEWS_AND_MAGAZINES,4.6,62740,500000,Free,0.0,Mature 17+,2018-06-16,8.6,News & Magazines
USA TODAY,NEWS_AND_MAGAZINES,4.1,49259,5000000,Free,0.0,Everyone 10+,2018-08-02,,News & Magazines
AP Mobile - Breaking News,NEWS_AND_MAGAZINES,4.5,76677,1000000,Free,0.0,Everyone 10+,2017-05-25,4.6,News & Magazines
CNN Breaking US & World News,NEWS_AND_MAGAZINES,4.0,293080,10000000,Free,0.0,Everyone 10+,2018-08-06,25.0,News & Magazines
HuffPost - News,NEWS_AND_MAGAZINES,4.2,78154,1000000,Free,0.0,Everyone 10+,2018-08-03,12.0,News & Magazines
News Republic,NEWS_AND_MAGAZINES,4.3,479594,10000000,Free,0.0,Teen,2018-07-28,18.0,News & Magazines
Newsroom: News Worth Sharing,NEWS_AND_MAGAZINES,4.2,201737,10000000,Free,0.0,Everyone 10+,2018-07-03,,News & Magazines
Twitter,NEWS_AND_MAGAZINES,4.3,11667403,500000000,Free,0.0,Mature 17+,2018-08-06,,News & Magazines
SmartNews: Breaking News Headlines,NEWS_AND_MAGAZINES,4.2,233305,10000000,Free,0.0,Everyone,2018-08-03,3.1,News & Magazines
Updates for Samsung - Android Update Versions,NEWS_AND_MAGAZINES,4.0,80368,10000000,Free,0.0,Everyone,2018-05-17,,News & Magazines
AC - Tips & News for Android™,NEWS_AND_MAGAZINES,4.2,23292,1000000,Free,0.0,Everyone 10+,2018-05-24,14.0,News & Magazines
BBC News,NEWS_AND_MAGAZINES,4.3,296781,10000000,Free,0.0,Everyone 10+,2018-07-24,,News & Magazines
NPR News,NEWS_AND_MAGAZINES,4.0,24790,1000000,Free,0.0,Everyone,2018-07-20,,News & Magazines
"Fox News – Breaking News, Live Video & News Alerts",NEWS_AND_MAGAZINES,4.5,249919,10000000,Free,0.0,Everyone 10+,2018-07-30,,News & Magazines
CBS News,NEWS_AND_MAGAZINES,4.3,23641,1000000,Free,0.0,Everyone 10+,2018-06-29,23.0,News & Magazines
Haystack TV: Local & World News - Free,NEWS_AND_MAGAZINES,4.3,3684,100000,Free,0.0,Everyone 10+,2018-08-02,,News & Magazines
NPR One,NEWS_AND_MAGAZINES,3.9,13217,1000000,Free,0.0,Teen,2018-08-03,8.8,News & Magazines
ABC News - US & World News,NEWS_AND_MAGAZINES,4.0,18976,1000000,Free,0.0,Everyone 10+,2018-06-06,35.0,News & Magazines
USA TODAY,NEWS_AND_MAGAZINES,4.1,49259,5000000,Free,0.0,Everyone 10+,2018-08-02,,News & Magazines
NBC News,NEWS_AND_MAGAZINES,4.1,63020,5000000,Free,0.0,Everyone 10+,2018-02-13,,News & Magazines
The Wall Street Journal: Business & Market News,NEWS_AND_MAGAZINES,4.1,40975,1000000,Free,0.0,Everyone 10+,2018-08-02,36.0,News & Magazines
JailBase - Arrests + Mugshots,NEWS_AND_MAGAZINES,4.0,17240,1000000,Free,0.0,Everyone 10+,2018-08-03,,News & Magazines
CNN Breaking US & World News,NEWS_AND_MAGAZINES,4.0,293080,10000000,Free,0.0,Everyone 10+,2018-08-06,25.0,News & Magazines
Pocket,NEWS_AND_MAGAZINES,4.5,256680,10000000,Free,0.0,Everyone,2018-07-24,12.0,News & Magazines
"AOL - News, Mail & Video",NEWS_AND_MAGAZINES,4.1,62465,5000000,Free,0.0,Everyone 10+,2018-08-02,,News & Magazines
NYTimes - Latest News,NEWS_AND_MAGAZINES,3.9,63647,10000000,Free,0.0,Everyone 10+,2018-08-01,23.0,News & Magazines
Newsroom: News Worth Sharing,NEWS_AND_MAGAZINES,4.2,201737,10000000,Free,0.0,Everyone 10+,2018-07-03,,News & Magazines
Google News,NEWS_AND_MAGAZINES,3.9,877643,1000000000,Free,0.0,Teen,2018-08-01,13.0,News & Magazines
BaconReader for Reddit,NEWS_AND_MAGAZINES,4.5,103074,1000000,Free,0.0,Mature 17+,2018-07-02,,News & Magazines
"BuzzFeed: News, Tasty, Quizzes",NEWS_AND_MAGAZINES,4.3,131028,5000000,Free,0.0,Teen,2018-07-30,13.0,News & Magazines
Flipboard: News For Our Time,NEWS_AND_MAGAZINES,4.4,1284018,500000000,Free,0.0,Everyone 10+,2018-08-03,,News & Magazines
"Waze - GPS, Maps, Traffic Alerts & Live Navigation",MAPS_AND_NAVIGATION,4.6,7232629,100000000,Free,0.0,Everyone,2018-07-29,,Maps & Navigation
"T map (te map, T map, navigation)",MAPS_AND_NAVIGATION,4.2,15681,5000000,Free,0.0,Everyone,2018-08-02,,Maps & Navigation
"MapQuest: Directions, Maps, GPS & Navigation",MAPS_AND_NAVIGATION,4.1,53481,10000000,Free,0.0,Everyone,2018-05-22,,Maps & Navigation
"Yahoo! transit guide free timetable, operation information, transfer search",MAPS_AND_NAVIGATION,4.4,104800,10000000,Free,0.0,Everyone,2018-07-26,22.0,Maps & Navigation
乗換NAVITIME　Timetable & Route Search in Japan Tokyo,MAPS_AND_NAVIGATION,4.4,50459,5000000,Free,0.0,Everyone,2018-07-26,,Maps & Navigation
Transit: Real-Time Transit App,MAPS_AND_NAVIGATION,4.2,43269,5000000,Free,0.0,Everyone,2018-07-18,,Maps & Navigation
Mapy.cz - Cycling & Hiking offline maps,MAPS_AND_NAVIGATION,4.5,56443,1000000,Free,0.0,Everyone,2018-06-26,43.0,Maps & Navigation
Uber,MAPS_AND_NAVIGATION,4.2,4928420,100000000,Free,0.0,Everyone,2018-08-06,,Maps & Navigation
GPS Navigation & Offline Maps Sygic,MAPS_AND_NAVIGATION,4.4,1421884,50000000,Free,0.0,Everyone,2018-07-26,33.0,Maps & Navigation
Map and Router Badge,MAPS_AND_NAVIGATION,4.4,3652,500000,Free,0.0,Everyone,2018-07-25,32.0,Maps & Navigation
Yandex.Transport,MAPS_AND_NAVIGATION,4.0,126282,10000000,Free,0.0,Everyone,2018-07-30,,Maps & Navigation
Air Traffic,MAPS_AND_NAVIGATION,4.3,14110,1000000,Free,0.0,Everyone,2018-07-24,6.8,Maps & Navigation
Speed Cameras Radar,MAPS_AND_NAVIGATION,4.4,18710,1000000,Free,0.0,Everyone,2018-08-03,4.0,Maps & Navigation
Atlan3D Navigation: Korea navigator,MAPS_AND_NAVIGATION,4.2,22063,1000000,Free,0.0,Everyone,2018-07-31,,Maps & Navigation
Compass,MAPS_AND_NAVIGATION,4.3,286454,10000000,Free,0.0,Everyone,2016-08-09,3.7,Maps & Navigation
"Mappy - Plan, route comparison, GPS",MAPS_AND_NAVIGATION,4.1,15922,1000000,Free,0.0,Everyone,2018-07-26,,Maps & Navigation
Gps Route Finder,MAPS_AND_NAVIGATION,4.4,652,100000,Free,0.0,Everyone,2018-05-26,3.4,Maps & Navigation
"My Location: GPS Maps, Share & Save Places",MAPS_AND_NAVIGATION,4.3,29768,5000000,Free,0.0,Everyone,2018-08-04,,Maps & Navigation
NAVITIME - Map & Transfer Navi,MAPS_AND_NAVIGATION,4.2,41225,5000000,Free,0.0,Everyone,2018-08-03,,Maps & Navigation
Sygic Car Navigation,MAPS_AND_NAVIGATION,4.7,162049,5000000,Free,0.0,Everyone,2018-08-07,48.0,Maps & Navigation
Czech Public Transport IDOS,MAPS_AND_NAVIGATION,4.3,26014,1000000,Free,0.0,Everyone,2017-11-06,7.7,Maps & Navigation
Karta GPS - Offline Navigation,MAPS_AND_NAVIGATION,4.5,53562,1000000,Free,0.0,Everyone,2018-05-04,60.0,Maps & Navigation
Circle ratio,MAPS_AND_NAVIGATION,3.7,10562,1000000,Free,0.0,Everyone,2018-08-03,60.0,Maps & Navigation
Soviet Military Maps Free,MAPS_AND_NAVIGATION,4.3,21589,1000000,Free,0.0,Everyone,2018-08-01,5.6,Maps & Navigation
"Truck Car Navi by Navitime Large size car, traffic jam, traffic closure, live camera, typhoon / precipitation map",MAPS_AND_NAVIGATION,4.2,3682,100000,Free,0.0,Everyone,2018-08-02,,Maps & Navigation
Sentin Information Map,MAPS_AND_NAVIGATION,4.1,2909,100000,Free,0.0,Everyone,2018-06-26,5.2,Maps & Navigation
Snapp,MAPS_AND_NAVIGATION,4.5,37937,1000000,Free,0.0,Everyone,2018-08-01,25.0,Maps & Navigation
GPS Speedometer and Odometer,MAPS_AND_NAVIGATION,4.8,15865,1000000,Free,0.0,Everyone,2018-08-03,3.3,Maps & Navigation
GPS Traffic Speedcam Route Planner by ViaMichelin,MAPS_AND_NAVIGATION,4.3,63920,5000000,Free,0.0,Everyone,2018-07-28,29.0,Maps & Navigation
Trucker Path – Truck Stops & Weigh Stations,MAPS_AND_NAVIGATION,4.7,38375,1000000,Free,0.0,Everyone,2018-07-26,49.0,Maps & Navigation
Map Coordinates,MAPS_AND_NAVIGATION,4.3,16657,1000000,Free,0.0,Everyone,2018-07-17,3.6,Maps & Navigation
Grab Driver,MAPS_AND_NAVIGATION,4.2,301413,5000000,Free,0.0,Everyone,2018-08-01,48.0,Maps & Navigation
SBB Mobile,MAPS_AND_NAVIGATION,3.7,20605,1000000,Free,0.0,Everyone,2018-08-06,,Maps & Navigation
"GPS Speedometer, Distance Meter",MAPS_AND_NAVIGATION,4.6,16094,1000000,Free,0.0,Everyone,2018-07-31,5.4,Maps & Navigation
Blitzer.de,MAPS_AND_NAVIGATION,4.5,65590,5000000,Free,0.0,Everyone,2018-07-09,18.0,Maps & Navigation
GPS Speedometer - Trip Meter - Altimeter,MAPS_AND_NAVIGATION,4.3,32225,1000000,Free,0.0,Everyone,2018-07-26,3.2,Maps & Navigation
Radarbot Free: Speed Camera Detector & Speedometer,MAPS_AND_NAVIGATION,4.5,44348,5000000,Free,0.0,Everyone,2018-07-06,11.0,Maps & Navigation
FindShip,MAPS_AND_NAVIGATION,4.2,23279,1000000,Free,0.0,Everyone,2018-04-26,8.5,Maps & Navigation
ÖBB Scotty,MAPS_AND_NAVIGATION,4.2,12572,1000000,Free,0.0,Everyone,2018-02-19,24.0,Maps & Navigation
Subway Terminator: Smarter Subway,MAPS_AND_NAVIGATION,4.3,70556,10000000,Free,0.0,Everyone,2018-07-17,26.0,Maps & Navigation
Alopec - Online Shipping System,MAPS_AND_NAVIGATION,4.3,1240,100000,Free,0.0,Everyone,2017-11-02,14.0,Maps & Navigation
Yandex.Trains,MAPS_AND_NAVIGATION,4.4,56471,5000000,Free,0.0,Everyone,2018-07-31,,Maps & Navigation
NAVITIME Bus Transit JAPAN,MAPS_AND_NAVIGATION,3.7,6939,1000000,Free,0.0,Everyone,2018-07-23,,Maps & Navigation
hum app,MAPS_AND_NAVIGATION,4.4,10218,1000000,Free,0.0,Everyone,2018-07-31,78.0,Maps & Navigation
Moovit: Bus Time & Train Time Live Info,MAPS_AND_NAVIGATION,4.4,617477,10000000,Free,0.0,Everyone,2018-08-05,,Maps & Navigation
"Dynavix - Navigation, Maps, Traffic data & Cameras",MAPS_AND_NAVIGATION,4.2,1688,50000,Free,0.0,Everyone,2018-08-03,,Maps & Navigation
National Rail Enquiries,MAPS_AND_NAVIGATION,3.5,18857,1000000,Free,0.0,Everyone,2018-05-24,7.0,Maps & Navigation
ixigo Cabs-Compare & Book Taxi,MAPS_AND_NAVIGATION,4.2,11838,1000000,Free,0.0,Everyone,2018-04-09,9.2,Maps & Navigation
Maps & GPS Navigation — OsmAnd,MAPS_AND_NAVIGATION,4.2,60838,5000000,Free,0.0,Everyone,2018-08-06,,Maps & Navigation
Snapchat,SOCIAL,4.0,17000166,500000000,Free,0.0,Teen,2018-07-30,,Social
Flashlight,TOOLS,4.5,162335,10000000,Free,0.0,Everyone,2018-07-06,4.9,Tools
aa,FAMILY,4.2,886418,50000000,Free,0.0,Everyone,2018-06-30,6.5,Strategy
A Call From Santa Claus!,FAMILY,3.9,3720,1000000,Free,0.0,Everyone,2016-12-04,11.0,Entertainment
Rope Hero Return of a Legend,GAME,4.3,9951,1000000,Free,0.0,Mature 17+,2016-08-26,96.0,Arcade
A Word A Day,FAMILY,3.7,2398,500000,Free,0.0,Everyone,2017-01-05,2.9,Education
Draw a Stickman: EPIC 2 Free,GAME,4.3,213340,10000000,Free,0.0,Everyone,2018-06-14,24.0,Adventure
Akinator,FAMILY,4.3,1805398,50000000,Free,0.0,Teen,2018-06-11,55.0,Entertainment
Dog Sim Online: Raise a Family,FAMILY,4.6,94989,5000000,Free,0.0,Teen,2018-04-22,74.0,Simulation
Pou,FAMILY,4.3,10483141,500000000,Free,0.0,Everyone,2018-05-25,24.0,Casual
Agar.io,GAME,4.2,3815614,100000000,Free,0.0,Everyone,2018-07-23,32.0,Action
Color by Number - Draw Sandbox Pixel Art,FAMILY,4.6,10247,1000000,Free,0.0,Everyone,2018-07-27,15.0,Entertainment
A+ Mobile,FINANCE,3.9,730,10000,Free,0.0,Everyone,2018-06-26,6.3,Finance
Angry Birds Classic,GAME,4.4,5565856,100000000,Free,0.0,Everyone,2018-05-24,97.0,Arcade
Build a Bridge!,FAMILY,4.6,263454,10000000,Free,0.0,Everyone,2018-08-02,74.0,Puzzle
UNO ™ & Friends,GAME,4.1,1728557,50000000,Free,0.0,Everyone,2017-09-20,,Card
Find a Way: Addictive Puzzle,FAMILY,4.8,39480,500000,Free,0.0,Everyone,2017-06-16,14.0,Puzzle
CompTIA A+ Pocket Prep,FAMILY,4.3,1311,10000,Free,0.0,Everyone,2018-07-11,14.0,Education
My Talking Tom,FAMILY,4.5,14885236,500000000,Free,0.0,Everyone,2018-07-19,,Casual
Netflix,FAMILY,4.4,5453997,100000000,Free,0.0,Teen,2018-07-31,,Entertainment
Comptia A+ 220-901 & 220-902,FAMILY,4.4,174,10000,Free,0.0,Everyone,2018-04-19,5.7,Education
Create A Superhero HD,FAMILY,3.3,8642,500000,Free,0.0,Teen,2017-12-30,19.0,Casual
Azar,COMMUNICATION,4.2,1092337,50000000,Free,0.0,Mature 17+,2018-07-24,,Communication
4 in a Row,GAME,3.8,4257,500000,Free,0.0,Everyone,2018-05-13,,Board
Bubble Shooter,GAME,4.5,43576,5000000,Free,0.0,Everyone,2017-09-13,50.0,Arcade
Adobe Acrobat Reader,PRODUCTIVITY,4.3,3014548,100000000,Free,0.0,Everyone,2018-04-17,,Productivity
Subway Surfers,GAME,4.5,27711703,1000000000,Free,0.0,Everyone 10+,2018-07-12,76.0,Arcade
Super Mario Run,GAME,3.7,1221896,100000000,Free,0.0,Everyone,2018-07-12,70.0,Action
STARDOM: THE A-LIST,GAME,4.5,152658,1000000,Free,0.0,Teen,2014-09-12,29.0,Adventure
LokLok: Draw on a Lock Screen,COMMUNICATION,4.1,14766,500000,Free,0.0,Teen,2017-09-20,16.0,Communication
The Tribez: Build a Village,FAMILY,4.4,1852384,10000000,Free,0.0,Everyone,2018-07-13,,Simulation
Photo Warp,FAMILY,3.7,353342,50000000,Free,0.0,Everyone,2017-11-24,13.0,Entertainment
LEGO® Juniors Create & Cruise,FAMILY,4.1,672089,50000000,Free,0.0,Everyone,2018-01-19,73.0,Educational
CompTIA Exam Training,FAMILY,4.8,3053,50000,Free,0.0,Everyone,2018-07-03,17.0,Education
WhatsApp Messenger,COMMUNICATION,4.4,69109672,1000000000,Free,0.0,Everyone,2018-08-03,,Communication
Magisto Video Editor & Maker,VIDEO_PLAYERS,4.3,960726,10000000,Free,0.0,Everyone,2018-08-02,,Video Players & Editors
Glow Hockey,GAME,4.1,1703479,100000000,Free,0.0,Everyone,2018-07-22,,Arcade
Google Translate,TOOLS,4.4,5741684,500000000,Free,0.0,Everyone,2018-08-04,,Tools
Pokémon GO,GAME,4.1,10421284,100000000,Free,0.0,Everyone,2018-07-23,85.0,Adventure
Instagram,SOCIAL,4.5,66509917,1000000000,Free,0.0,Teen,2018-07-31,,Social
My Talking Angela,FAMILY,4.5,9876369,100000000,Free,0.0,Everyone,2018-07-03,99.0,Casual
YouTube Kids,FAMILY,4.5,469851,50000000,Free,0.0,Everyone,2018-08-03,,Entertainment
Asphalt 8: Airborne,GAME,4.5,8389714,100000000,Free,0.0,Teen,2018-07-04,92.0,Racing
PAC-MAN,GAME,4.2,685450,100000000,Free,0.0,Everyone,2018-05-15,37.0,Arcade
Basketball Stars,SPORTS,4.4,867920,10000000,Free,0.0,Everyone,2018-07-14,45.0,Sports
Colorfy: Coloring Book for Adults - Free,FAMILY,4.5,787107,10000000,Free,0.0,Everyone,2018-06-20,,Entertainment
Lep's World 2 🍀🍀,GAME,4.3,798522,100000000,Free,0.0,Everyone 10+,2018-06-07,57.0,Arcade
Wolfify - Be a Werewolf,FAMILY,3.8,6760,500000,Free,0.0,Everyone,2015-06-11,26.0,Entertainment
Law of Creation: A Playable Manga,GAME,4.5,13118,500000,Free,0.0,Teen,2018-06-25,47.0,Adventure
Real City Car Driver,GAME,3.7,413609,10000000,Free,0.0,Mature 17+,2018-08-01,22.0,Racing
Toca Kitchen 2,FAMILY,4.5,1013465,50000000,Free,0.0,Everyone,2017-06-29,56.0,Educational
Rolling Sky,GAME,4.5,1117212,50000000,Free,0.0,Everyone,2018-08-03,50.0,Board
Amazon Shopping,SHOPPING,4.3,908525,100000000,Free,0.0,Teen,2018-07-31,42.0,Shopping
Gymnastics Superstar - Spin your way to gold!,FAMILY,4.6,305765,10000000,Free,0.0,Everyone,2018-07-31,34.0,Role Playing
Fake Call - Fake Caller ID,PRODUCTIVITY,4.3,154668,10000000,Free,0.0,Everyone,2018-08-02,,Productivity
SuperCity: Build a Story,FAMILY,4.4,98324,1000000,Free,0.0,Everyone,2018-07-28,70.0,Simulation
Chick-fil-A,FOOD_AND_DRINK,4.3,27931,5000000,Free,0.0,Everyone,2018-08-03,17.0,Food & Drink
4 in a row,GAME,4.3,47698,5000000,Free,0.0,Everyone,2016-04-12,4.1,Board
YouTube,VIDEO_PLAYERS,4.3,25623548,1000000000,Free,0.0,Teen,2018-08-02,,Video Players & Editors
Four In A Line Free,GAME,4.3,133195,5000000,Free,0.0,Everyone,2018-06-11,11.0,Board
Flow Free,FAMILY,4.3,1295293,100000000,Free,0.0,Everyone,2018-04-11,11.0,Puzzle
Like A Boss,FAMILY,4.4,17069,500000,Free,0.0,Everyone 10+,2018-08-01,94.0,Role Playing
AutoCAD - DWG Viewer & Editor,PRODUCTIVITY,4.2,145088,10000000,Free,0.0,Everyone,2018-07-23,24.0,Productivity
Hungry Hearts Diner: A Tale of Star-Crossed Souls,FAMILY,4.9,46253,500000,Free,0.0,Everyone 10+,2018-02-07,56.0,Simulation
Microsoft Word,PRODUCTIVITY,4.5,2078744,500000000,Free,0.0,Everyone,2018-07-11,,Productivity
Dragon Sim Online: Be A Dragon,FAMILY,4.6,111741,5000000,Free,0.0,Teen,2018-02-27,66.0,Simulation
Alto's Adventure,GAME,4.6,515240,10000000,Free,0.0,Everyone,2018-06-05,63.0,Action
Fortune City - A Finance App,FINANCE,4.6,49275,500000,Free,0.0,Everyone,2018-07-17,91.0,Finance
Draw A Stickman,GAME,3.4,29265,1000000,Free,0.0,Everyone,2017-05-19,17.0,Adventure
Be A Legend: Soccer,SPORTS,3.8,85763,1000000,Free,0.0,Everyone,2015-08-24,21.0,Sports
Zombie Tsunami,GAME,4.4,4918776,100000000,Free,0.0,Everyone 10+,2018-06-15,,Arcade
Bible,BOOKS_AND_REFERENCE,4.7,2440695,100000000,Free,0.0,Teen,2018-08-02,,Books & Reference
Cat Sim Online: Play with Cats,FAMILY,4.6,137198,5000000,Free,0.0,Everyone 10+,2018-04-22,81.0,Simulation
Facebook,SOCIAL,4.1,78128208,1000000000,Free,0.0,Teen,2018-08-03,,Social
Four In A Line,GAME,3.8,22191,1000000,Free,0.0,Everyone,2015-05-04,3.0,Board
Tik Tok - including musical.ly,SOCIAL,4.4,5637451,100000000,Free,0.0,Teen,2018-08-03,59.0,Social
B612 - Beauty & Filter Camera,PHOTOGRAPHY,4.4,5276983,100000000,Free,0.0,Everyone,2018-07-30,,Photography
Disney Magic Timer by Oral-B,FAMILY,3.9,31061,1000000,Free,0.0,Everyone,2018-06-16,83.0,Health & Fitness
B-Messenger Video Chat,SOCIAL,4.1,12495,1000000,Free,0.0,Mature 17+,2017-08-19,19.0,Social
Bestie - Camera360 Selfie,PHOTOGRAPHY,4.5,512996,10000000,Free,0.0,Everyone,2018-08-02,23.0,Photography
B,FINANCE,3.7,800,50000,Free,0.0,Everyone,2018-06-21,32.0,Finance
BIGO LIVE - Live Stream,SOCIAL,4.4,2349421,100000000,Free,0.0,Teen,2018-07-27,39.0,Social
Block Craft 3D: Building Simulator Games For Free,FAMILY,4.5,944661,50000000,Free,0.0,Everyone,2018-03-05,57.0,Simulation
8 Ball Pool,SPORTS,4.5,14184910,100000000,Free,0.0,Everyone,2018-07-31,52.0,Sports
B-BLE(BLE4.0 Scan),TOOLS,3.8,159,10000,Free,0.0,Everyone,2018-04-20,7.5,Tools
Cardi B Piano Game,GAME,3.1,50,10000,Free,0.0,Everyone,2017-11-15,7.4,Music
VPN Free - Betternet Hotspot VPN & Private Browser,TOOLS,4.5,799206,10000000,Free,0.0,Everyone,2018-08-01,8.9,Tools
ADS-B Driver,TOOLS,5.0,2,100,Paid,1.99,Everyone,2018-05-15,6.3,Tools
MORTAL KOMBAT X,GAME,4.4,3039889,10000000,Free,0.0,Mature 17+,2018-06-27,18.0,Action
► MultiCraft ― Free Miner! 👍,GAME,4.3,1305050,50000000,Free,0.0,Everyone 10+,2018-07-29,,Adventure
B.GOOD,FOOD_AND_DRINK,2.9,155,10000,Free,0.0,Everyone,2018-04-04,20.0,Food & Drink
B-Dubs®,LIFESTYLE,3.1,3042,500000,Free,0.0,Everyone,2018-07-05,,Lifestyle
Oral-B App,HEALTH_AND_FITNESS,3.3,14210,1000000,Free,0.0,Everyone,2018-07-19,96.0,Health & Fitness
Smart Launcher theme b. gold,PERSONALIZATION,4.1,291,5000,Paid,1.99,Everyone,2016-10-22,35.0,Personalization
EMT Tutor NREMT-B Study Guide,MEDICAL,4.6,625,10000,Paid,3.99,Everyone,2017-01-08,8.4,Medical
Next Launcher 3D Theme Hit-B,PERSONALIZATION,4.4,83,1000,Paid,1.7,Everyone,2015-08-16,8.6,Personalization
Pixel Gun 3D: Survival shooter & Battle Royale,GAME,4.5,4487182,50000000,Free,0.0,Teen,2018-07-04,55.0,Action
B-52 Spirits of Glory Deluxe,GAME,4.3,12,100,Paid,0.99,Everyone,2017-09-02,29.0,Arcade
Servers Ultimate Pack B,TOOLS,4.3,668,50000,Free,0.0,Everyone,2016-03-31,13.0,Tools
EMT-B Pocket Prep,MEDICAL,4.5,2948,50000,Free,0.0,Everyone,2018-07-11,16.0,Medical
UC Browser - Fast Download Private & Secure,COMMUNICATION,4.5,17712922,500000000,Free,0.0,Teen,2018-08-02,40.0,Communication
Air Transat CinePlus B,TRAVEL_AND_LOCAL,2.2,83,50000,Free,0.0,Everyone,2018-07-05,6.7,Travel & Local
Hungry Shark Evolution,GAME,4.5,6071542,100000000,Free,0.0,Teen,2018-07-25,100.0,Arcade
Perfect Piano,GAME,4.2,828489,50000000,Free,0.0,Everyone,2018-08-04,,Music
Hay Day,FAMILY,4.5,10053186,100000000,Free,0.0,Everyone,2018-06-28,94.0,Casual
Diary with lock,LIFESTYLE,4.6,815280,10000000,Free,0.0,Everyone,2018-06-30,4.4,Lifestyle
B-Grade Renegade,GAME,3.9,24,1000,Paid,1.99,Teen,2017-10-17,64.0,Action
CARDI B WALLPAPERS,PERSONALIZATION,4.1,8,1000,Free,0.0,Everyone,2018-05-21,4.5,Personalization
Plan B,MAPS_AND_NAVIGATION,3.3,19,5000,Free,0.0,Everyone,2017-07-12,6.0,Maps & Navigation
Block! Hexa Puzzle™,FAMILY,4.5,472247,50000000,Free,0.0,Everyone,2018-07-31,,Puzzle
B Tiff Viewer,PHOTOGRAPHY,4.1,283,100000,Free,0.0,Everyone,2018-05-12,7.4,Photography
Cardi B Wallpaper,ART_AND_DESIGN,4.8,253,50000,Free,0.0,Everyone,2017-11-01,3.7,Art & Design
A & B Taxi,MAPS_AND_NAVIGATION,4.1,41,1000,Free,0.0,Everyone,2018-07-04,25.0,Maps & Navigation
Cardi B HD Wallpapers Lock Screen,PERSONALIZATION,4.5,2,500,Free,0.0,Mature 17+,2018-06-10,10.0,Personalization
Clash of Clans,FAMILY,4.6,44881447,100000000,Free,0.0,Everyone 10+,2018-07-15,98.0,Strategy
Clash Royale,FAMILY,4.6,23125280,100000000,Free,0.0,Everyone 10+,2018-06-27,97.0,Strategy
C Programming,FAMILY,4.3,22248,1000000,Free,0.0,Everyone,2015-06-28,1.8,Education
CppDroid - C/C++ IDE,FAMILY,4.1,29978,1000000,Free,0.0,Everyone,2017-08-17,,Education
Learn C [NEW],FAMILY,4.5,349,50000,Free,0.0,Everyone,2018-03-16,11.0,Education
Mobile C [ C/C++ Compiler ],FAMILY,4.3,4624,100000,Free,0.0,Everyone,2018-07-07,78.0,Education
Critical Ops,GAME,4.4,1397944,10000000,Free,0.0,Teen,2018-07-31,50.0,Action
C4droid - C/C++ compiler & IDE,FAMILY,4.7,2890,50000,Paid,2.99,Everyone,2017-08-26,,Education
Candy Crush Saga,FAMILY,4.4,22419455,500000000,Free,0.0,Everyone,2018-07-05,74.0,Casual
CL Mobile - Classifieds for Craigslist,SHOPPING,4.4,27275,1000000,Free,0.0,Teen,2018-07-30,8.3,Shopping
Google Chrome: Fast & Secure,COMMUNICATION,4.3,9642112,1000000000,Free,0.0,Everyone,2018-08-01,,Communication
C Locker Pro,PERSONALIZATION,4.2,1531,10000,Paid,2.99,Everyone,2017-12-05,7.7,Personalization
C Programs and Reference,BOOKS_AND_REFERENCE,4.2,873,50000,Free,0.0,Everyone,2014-07-31,2.5,Books & Reference
Learn C++,FAMILY,4.6,73404,1000000,Free,0.0,Everyone,2017-12-25,5.3,Education
"C Launcher: Themes, Wallpapers, DIY, Smart, Clean",PERSONALIZATION,4.5,901110,10000000,Free,0.0,Everyone 10+,2018-07-10,,Personalization
C Programming Zone,FAMILY,4.6,1218,50000,Free,0.0,Everyone,2017-05-13,4.0,Education
C Offline Tutorial,BOOKS_AND_REFERENCE,4.7,88,1000,Free,0.0,Everyone,2017-12-08,4.2,Books & Reference
Neon Glow C - Icon Pack,PERSONALIZATION,4.8,557,10000,Paid,0.99,Everyone,2018-07-27,74.0,Personalization
All C Programs,FAMILY,4.7,2387,100000,Free,0.0,Everyone,2018-06-09,6.9,Education
Clean Master- Space Cleaner & Antivirus,TOOLS,4.7,42916526,500000000,Free,0.0,Everyone,2018-08-03,,Tools
C by GE,LIFESTYLE,1.7,686,10000,Free,0.0,Everyone,2018-07-11,6.6,Lifestyle
CPlus for Craigslist - Officially Licensed,LIFESTYLE,4.5,8096,1000000,Free,0.0,Mature 17+,2018-08-03,16.0,Lifestyle
Alt-C,PRODUCTIVITY,4.0,499,10000,Free,0.0,Everyone,2017-01-27,4.7,Productivity
C-SPAN Radio,FAMILY,3.6,608,100000,Free,0.0,Everyone,2018-05-17,5.4,Entertainment
Bridge-C - Get More Storage,TOOLS,2.0,24,1000,Free,0.0,Everyone,2017-12-29,35.0,Tools
Community by C Space,LIFESTYLE,4.7,707,5000,Free,0.0,Everyone,2018-07-17,26.0,Lifestyle
My C Spire,PRODUCTIVITY,4.1,376,50000,Free,0.0,Everyone,2018-07-23,32.0,Productivity
learn c in hindi,FAMILY,4.3,109,5000,Free,0.0,Everyone,2017-06-24,2.7,Education
Learn C Programming (Examples) (OFFLINE),FAMILY,4.3,43,10000,Free,0.0,Everyone,2017-12-16,3.7,Education
"C Programming - Learn Code, Theory & Discuss",FAMILY,4.5,2751,100000,Free,0.0,Everyone,2018-06-15,7.0,Education
Expert C Programming - Learn C Coding Easily,FAMILY,4.4,77,5000,Free,0.0,Everyone,2018-01-05,6.9,Education
Hill Climb Racing,GAME,4.4,8921451,100000000,Free,0.0,Everyone,2018-07-02,63.0,Racing
codeEazy - C/C++/JAVA,FAMILY,4.6,130,10000,Free,0.0,Everyone,2016-04-04,2.2,Education
Batmobile™ R/C Controller,FAMILY,3.7,452,100000,Free,0.0,Everyone,2018-02-02,30.0,Entertainment
C Pattern Programs Free,FAMILY,4.5,4115,100000,Free,0.0,Everyone,2018-07-08,5.8,Education
C Programs Handbook,BOOKS_AND_REFERENCE,4.0,459,50000,Free,0.0,Everyone,2017-11-16,3.1,Books & Reference
C Functions,FAMILY,4.8,55,1000,Free,0.0,Everyone,2015-09-26,1.5,Education
Learn C# - .Net - C Sharp Programming Tutorial App,FAMILY,4.0,1320,100000,Free,0.0,Everyone,2018-06-03,8.6,Education
Learn Basic C - For Beginners,FAMILY,4.7,27,5000,Free,0.0,Everyone,2016-01-20,0.75390625,Education
C Prowess,FAMILY,4.8,306,5000,Free,0.0,Everyone,2017-06-03,3.3,Education
101 C Programming Problems,FAMILY,4.6,498,50000,Free,0.0,Everyone,2017-10-15,5.0,Education
Let us C - Example Programs,FAMILY,4.3,36,5000,Free,0.0,Everyone,2017-08-30,1.1,Education
C Examples,FAMILY,4.2,1002,10000,Free,0.0,Everyone,2016-08-31,4.4,Education
C BOOK-C PROGRAMS,FAMILY,4.8,138,10000,Free,0.0,Everyone,2017-09-22,2.1,Education
100+ C Programs,FAMILY,4.2,20,5000,Free,0.0,Everyone,2017-01-03,1.6,Education
ZEDGE™ Ringtones & Wallpapers,PERSONALIZATION,4.6,6459626,100000000,Free,0.0,Teen,2018-07-19,,Personalization
Dubsmash,VIDEO_PLAYERS,4.2,1971777,100000000,Free,0.0,Teen,2018-05-11,29.0,Video Players & Editors
Discord - Chat for Gamers,COMMUNICATION,4.5,305347,10000000,Free,0.0,Teen,2018-07-27,39.0,Communication
Hitman Sniper,GAME,4.6,408292,10000000,Paid,0.99,Mature 17+,2018-07-12,29.0,Action
FRONTLINE COMMANDO: D-DAY,GAME,4.5,1736105,10000000,Free,0.0,Mature 17+,2014-05-16,14.0,Action
Minion Rush: Despicable Me Official Game,FAMILY,4.5,10214862,100000000,Free,0.0,Everyone 10+,2018-07-12,,Casual
Fruit Ninja®,GAME,4.3,5091448,100000000,Free,0.0,Everyone,2018-07-12,41.0,Arcade
"DU Recorder – Screen Recorder, Video Editor, Live",VIDEO_PLAYERS,4.8,2588730,50000000,Free,0.0,Everyone,2018-07-30,9.7,Video Players & Editors
Google Duo - High Quality Video Calls,COMMUNICATION,4.6,2083237,500000000,Free,0.0,Everyone,2018-07-31,,Communication
Crossy Road,GAME,4.5,4229977,100000000,Free,0.0,Everyone,2018-08-01,60.0,Action
Temple Run 2,GAME,4.3,8116142,500000000,Free,0.0,Everyone,2018-07-05,62.0,Action
Beach Buggy Blitz,GAME,4.2,640974,50000000,Free,0.0,Everyone,2018-06-05,47.0,Racing
Vector,GAME,4.4,3058687,100000000,Free,0.0,Everyone 10+,2016-07-18,89.0,Arcade
Dr. Driving,GAME,4.5,4972230,100000000,Free,0.0,Everyone,2018-03-02,9.9,Racing
D Day World War II Commando Survival Shooting,GAME,4.2,951,100000,Free,0.0,Teen,2018-05-25,64.0,Action
Geometry Dash Meltdown,GAME,4.6,1591129,50000000,Free,0.0,Everyone,2017-12-22,48.0,Arcade
Koi Live Wallpaper,PERSONALIZATION,4.6,14026,100000,Paid,0.99,Everyone,2014-06-24,12.0,Personalization
Dropbox,PRODUCTIVITY,4.4,1860844,500000000,Free,0.0,Everyone,2018-08-01,61.0,Productivity
KineMaster – Pro Video Editor,VIDEO_PLAYERS,4.5,1013867,50000000,Free,0.0,Everyone,2018-08-03,32.0,Video Players & Editors
Block City Wars + skins export,FAMILY,4.5,762706,10000000,Free,0.0,Teen,2018-03-30,28.0,Simulation
Sniper 3D Gun Shooter: Free Shooting Games - FPS,GAME,4.6,7657490,100000000,Free,0.0,Mature 17+,2018-08-02,,Action
Bike Race Free - Top Motorcycle Racing Games,GAME,4.5,2586261,100000000,Free,0.0,Everyone,2018-07-31,,Racing
Dance School Stories - Dance Dreams Come True,FAMILY,4.4,91171,1000000,Free,0.0,Everyone,2018-08-03,36.0,Role Playing
3D Bowling,SPORTS,4.1,1076243,100000000,Free,0.0,Everyone,2018-01-18,13.0,Sports
Plants vs. Zombies FREE,FAMILY,4.4,4064868,100000000,Free,0.0,Everyone 10+,2018-07-06,69.0,Strategy
Dream League Soccer 2018,SPORTS,4.6,9873470,100000000,Free,0.0,Everyone,2018-07-16,74.0,Sports
Mind Games Pro,FAMILY,4.6,15301,100000,Paid,2.99,Everyone,2018-07-18,18.0,Puzzle
Z Ringtones PREMIUM 2018,PERSONALIZATION,4.5,10158,500000,Free,0.0,Everyone,2018-03-01,3.6,Personalization
Smash Hit,GAME,4.5,4147718,100000000,Free,0.0,Everyone,2015-11-26,79.0,Arcade
Bad Piggies,FAMILY,4.3,1168959,50000000,Free,0.0,Everyone,2017-05-03,66.0,Puzzle
Temple Run,GAME,4.3,4000433,100000000,Free,0.0,Everyone,2018-08-02,42.0,Arcade
Broken Screen Prank,FAMILY,3.3,23682,1000000,Free,0.0,Teen,2018-06-14,9.8,Casual
Screen Lock - with Fingerprint Simulator,TOOLS,3.7,338449,10000000,Free,0.0,Everyone,2018-06-19,2.8,Tools
Tuner - gStrings Free,TOOLS,4.5,214265,10000000,Free,0.0,Everyone,2018-06-04,,Tools
Car Parking Game 3D - Real City Driving Challenge,FAMILY,4.4,187892,5000000,Free,0.0,Everyone,2018-05-10,40.0,Simulation
E!,FAMILY,3.1,740,100000,Free,0.0,Teen,2018-05-24,20.0,Entertainment
E! News,NEWS_AND_MAGAZINES,4.0,15443,1000000,Free,0.0,Teen,2018-06-19,25.0,News & Magazines
eBay: Buy & Sell this Summer - Discover Deals Now!,SHOPPING,4.4,2788460,100000000,Free,0.0,Teen,2018-07-30,,Shopping
ESPN,SPORTS,4.2,521081,10000000,Free,0.0,Everyone 10+,2018-07-19,,Sports
Chuck E.'s Skate Universe,FAMILY,3.9,94910,10000000,Free,0.0,Everyone,2017-01-10,44.0,Action
Eventbrite - Discover popular events & nearby fun,FAMILY,4.4,63773,5000000,Free,0.0,Everyone,2018-07-30,8.8,Entertainment
ES File Explorer File Manager,PRODUCTIVITY,4.6,5378795,100000000,Free,0.0,Everyone,2018-08-03,16.0,Productivity
Eternium,FAMILY,4.8,1506783,10000000,Free,0.0,Teen,2018-07-18,89.0,Role Playing
Firefox Browser fast & private,COMMUNICATION,4.4,3075096,100000000,Free,0.0,Everyone,2018-07-10,,Communication
E*TRADE Mobile,FINANCE,3.9,10657,1000000,Free,0.0,Everyone,2018-08-02,58.0,Finance
WWE,FAMILY,4.5,736824,10000000,Free,0.0,Teen,2018-01-19,20.0,Entertainment
E-cigarette for free,FAMILY,3.6,1354,500000,Free,0.0,Mature 17+,2017-10-23,4.8,Entertainment
Moto LED for Moto X & E [Root],LIFESTYLE,3.4,4082,500000,Free,0.0,Everyone,2014-10-16,0.310546875,Lifestyle
Mobile Security & Antivirus,PRODUCTIVITY,4.7,564759,10000000,Free,0.0,Everyone,2018-07-27,,Productivity
Lookout Security & Antivirus,TOOLS,4.4,951413,100000000,Free,0.0,Everyone,2018-07-31,13.0,Tools
World History Quick e-Book,FAMILY,4.4,1657,100000,Free,0.0,Everyone,2018-07-17,4.9,Education
Greeting Cards & Wishes,SOCIAL,4.5,17350,500000,Free,0.0,Everyone,2018-07-18,12.0,Social
Amazon Kindle,BOOKS_AND_REFERENCE,4.2,814151,100000000,Free,0.0,Teen,2018-07-27,,Books & Reference
"Evernote – Organizer, Planner for Notes & Memos",PRODUCTIVITY,4.6,1488289,100000000,Free,0.0,Everyone,2018-08-03,,Productivity
Maps & GPS Navigation OsmAnd+,TRAVEL_AND_LOCAL,4.3,15209,100000,Paid,8.99,Everyone,2018-08-01,,Travel & Local
Microsoft Edge,COMMUNICATION,4.3,27156,5000000,Free,0.0,Everyone,2018-07-28,66.0,Communication
Microsoft Outlook,PRODUCTIVITY,4.3,3249518,100000000,Free,0.0,Everyone,2018-08-02,50.0,Productivity
Pinterest,SOCIAL,4.6,4300936,100000000,Free,0.0,Teen,2018-08-03,,Social
ClassDojo,FAMILY,4.4,148536,10000000,Free,0.0,Everyone,2018-08-03,59.0,Education
The Coupons App,SHOPPING,4.5,181983,10000000,Free,0.0,Everyone,2018-04-27,,Shopping
theScore esports,SPORTS,4.5,16257,500000,Free,0.0,Everyone 10+,2017-02-03,14.0,Sports
EX File Explorer File Manager,PRODUCTIVITY,4.0,4660,1000000,Free,0.0,Everyone,2016-10-06,5.9,Productivity
Aab e Hayat Full Novel,BOOKS_AND_REFERENCE,4.3,1476,100000,Free,0.0,Everyone,2017-02-21,41.0,Books & Reference
EBookDroid - PDF & DJVU Reader,PRODUCTIVITY,4.5,75951,5000000,Free,0.0,Everyone,2018-07-08,,Productivity
Ebook Reader,BOOKS_AND_REFERENCE,4.1,85842,5000000,Free,0.0,Everyone,2018-06-25,37.0,Books & Reference
Gmail,COMMUNICATION,4.3,4604324,1000000000,Free,0.0,Everyone,2018-08-02,,Communication
E-NUM,FINANCE,4.0,10374,500000,Free,0.0,Everyone,2016-10-24,,Finance
Maps - Navigate & Explore,TRAVEL_AND_LOCAL,4.3,9231613,1000000000,Free,0.0,Everyone,2018-07-31,,Travel & Local
"AliExpress - Smarter Shopping, Better Living",SHOPPING,4.6,5911055,100000000,Free,0.0,Teen,2018-08-01,,Shopping
Aldiko Book Reader,BOOKS_AND_REFERENCE,4.2,210534,10000000,Free,0.0,Everyone,2018-06-13,22.0,Books & Reference
Flipkart Online Shopping App,SHOPPING,4.4,6003590,100000000,Free,0.0,Teen,2018-08-02,,Shopping
Wish - Shopping Made Fun,SHOPPING,4.5,6200739,100000000,Free,0.0,Everyone,2018-08-03,15.0,Shopping
Synd e-Passbook,FINANCE,4.3,9400,1000000,Free,0.0,Everyone,2016-05-12,6.1,Finance
Messenger – Text and Video Chat for Free,COMMUNICATION,4.0,56642847,1000000000,Free,0.0,Everyone,2018-08-01,,Communication
Facebook Lite,SOCIAL,4.3,8595964,500000000,Free,0.0,Teen,2018-08-01,,Social
Messenger Lite: Free Calls & Messages,COMMUNICATION,4.4,1429038,100000000,Free,0.0,Everyone,2018-07-25,,Communication
Video Downloader for Facebook,TOOLS,4.6,894435,50000000,Free,0.0,Teen,2018-07-01,3.1,Tools
F-Stop Gallery Pro,PHOTOGRAPHY,4.4,1302,10000,Paid,4.99,Everyone,2015-08-05,0.056640625,Photography
Offroad Pickup Truck F,FAMILY,4.3,4551,500000,Free,0.0,Everyone,2017-12-26,79.0,Simulation
F-Stop Gallery,PHOTOGRAPHY,4.2,12726,1000000,Free,0.0,Everyone,2018-07-21,15.0,Photography
Talking Tom Cat 2,FAMILY,4.3,3213548,100000000,Free,0.0,Everyone 10+,2018-07-25,55.0,Entertainment
FlashLight F.Light,TOOLS,4.3,3943,100000,Free,0.0,Everyone,2018-05-23,11.0,Tools
F-Secure SENSE,TOOLS,4.6,57,5000,Free,0.0,Everyone,2018-07-04,13.0,Tools
Super Car F. Mod for MCPE,GAME,3.6,214,50000,Free,0.0,Everyone,2018-07-19,4.9,Adventure
Twitter,NEWS_AND_MAGAZINES,4.3,11657972,500000000,Free,0.0,Mature 17+,2018-07-30,,News & Magazines
F-Secure KEY Password manager,TOOLS,4.2,2588,100000,Free,0.0,Everyone,2018-06-27,7.6,Tools
Inputting Plus: Ctrl + Z/F/C/V,PRODUCTIVITY,4.2,1117,50000,Free,0.0,Everyone,2017-10-18,3.0,Productivity
CTRL-F - Search the real world,PRODUCTIVITY,4.4,607,50000,Free,0.0,Everyone,2016-07-24,37.0,Productivity
F-Secure SAFE,TOOLS,4.3,9433,500000,Free,0.0,Everyone,2018-07-30,9.3,Tools
MHD F-Series,AUTO_AND_VEHICLES,4.9,73,1000,Free,0.0,Everyone,2018-06-05,23.0,Auto & Vehicles
F-Secure AV Test,TOOLS,4.5,1250,50000,Free,0.0,Everyone,2018-03-06,0.2353515625,Tools
LINE: Free Calls & Messages,COMMUNICATION,4.2,10790092,500000000,Free,0.0,Everyone,2018-07-26,,Communication
imo beta free calls and text,COMMUNICATION,4.3,659395,100000000,Free,0.0,Everyone,2018-06-07,11.0,Communication
F-Secure Mobile Security,TOOLS,4.2,13096,500000,Free,0.0,Everyone,2018-07-30,9.2,Tools
f'east,LIFESTYLE,3.8,38,5000,Free,0.0,Everyone,2018-04-17,4.8,Lifestyle
Dumb Ways to Die 2: The Games,FAMILY,4.2,1671658,50000000,Free,0.0,Teen,2018-07-12,,Casual
Speech Therapy: F,FAMILY,1.0,1,10,Paid,2.99,Everyone,2016-10-07,16.0,Education
HumorCast - Authentic Weather,WEATHER,4.4,6495,100000,Free,0.0,Teen,2018-07-12,40.0,Weather
F & M Mobile Banking,FINANCE,4.0,43,5000,Free,0.0,Everyone,2018-02-20,13.0,Finance
RPG End of Aspiration F,FAMILY,4.4,20368,500000,Free,0.0,Teen,2016-12-15,31.0,Role Playing
F-Sim Space Shuttle,FAMILY,4.4,5427,100000,Paid,4.99,Everyone,2014-01-28,,Simulation
Weather Live,WEATHER,4.5,76593,500000,Paid,5.99,Everyone,2017-11-21,,Weather
R+F PULSE,BUSINESS,3.4,58,10000,Free,0.0,Everyone,2017-04-21,3.0,Business
F-Secure Freedome for Business,BUSINESS,3.8,183,50000,Free,0.0,Everyone,2018-07-16,9.9,Business
"f.lux (preview, root-only)",HEALTH_AND_FITNESS,3.7,5559,500000,Free,0.0,Everyone,2016-03-15,3.7,Health & Fitness
Arto: f.infrared photo,PHOTOGRAPHY,4.1,41,500,Paid,1.49,Everyone,2016-07-19,11.0,Photography
Geometry Dash World,GAME,4.6,759838,10000000,Free,0.0,Everyone,2017-12-22,63.0,Arcade
Convert degree Celsius to Fahrenheit or °F to °C,TOOLS,4.4,51,5000,Free,0.0,Everyone,2018-05-21,2.1,Tools
F-Gas Solutions,BUSINESS,4.2,127,10000,Free,0.0,Everyone,2016-10-07,1.4,Business
Google+,SOCIAL,4.2,4828372,1000000000,Free,0.0,Teen,2018-07-26,,Social
PUBG MOBILE,GAME,4.4,3697174,50000000,Free,0.0,Teen,2018-07-24,36.0,Action
Gangstar Vegas - mafia game,GAME,4.5,4830407,50000000,Free,0.0,Mature 17+,2018-05-25,32.0,Action
Gboard - the Google Keyboard,TOOLS,4.2,1855262,500000000,Free,0.0,Everyone,2018-07-31,,Tools
Granny,GAME,4.5,1128805,50000000,Free,0.0,Teen,2018-05-29,59.0,Arcade
Offroad Car G,FAMILY,4.3,64884,5000000,Free,0.0,Everyone,2016-07-12,37.0,Simulation
Google,TOOLS,4.4,8021623,1000000000,Free,0.0,Everyone,2018-08-03,,Tools
Google Now Launcher,TOOLS,4.2,857215,100000000,Free,0.0,Everyone,2017-12-07,7.9,Tools
Rolling G Sky,GAME,3.6,2065,100000,Free,0.0,Everyone,2017-01-25,25.0,Adventure
Hangouts,COMMUNICATION,4.0,3419464,1000000000,Free,0.0,Everyone,2018-07-21,,Communication
G-Switch 2,GAME,4.4,12683,1000000,Free,0.0,Everyone,2018-02-05,19.0,Action
G-Switch 3,GAME,4.6,3656,100000,Free,0.0,Everyone,2018-03-15,39.0,Action
G Cloud Apps Backup Key * root,TOOLS,4.5,1034,5000,Paid,4.99,Everyone,2013-09-08,0.19140625,Tools
Share G - Images Sharing - Wallpapers App,SOCIAL,4.4,120,10000,Free,0.0,Teen,2017-10-05,2.3,Social
Next Launcher 3D Theme Hit-G,PERSONALIZATION,4.2,59,1000,Paid,1.7,Everyone,2015-08-16,8.1,Personalization
Wrestling Revolution 3D,SPORTS,4.3,989344,50000000,Free,0.0,Teen,2018-07-23,51.0,Sports
G Cloud Backup,PRODUCTIVITY,4.6,267042,5000000,Free,0.0,Everyone,2018-04-29,,Productivity
G-Playlists,TOOLS,1.8,53,1000,Paid,1.49,Everyone,2018-05-19,3.4,Tools
G-Switch,GAME,3.8,4116,100000,Free,0.0,Everyone,2015-09-01,8.8,Action
Offroad G-Class 2018,FAMILY,4.4,7715,500000,Free,0.0,Everyone,2018-06-29,28.0,Simulation
G-SHOCK+,LIFESTYLE,3.0,4710,100000,Free,0.0,Everyone,2017-11-01,,Lifestyle
Ramfer - CNC Lathe G-code Tool,PRODUCTIVITY,3.4,5,100,Paid,2.99,Everyone,2016-09-26,11.0,Productivity
G-Force Driving Assistant,SPORTS,4.6,10,100,Paid,3.88,Everyone,2013-04-10,6.1,Sports
My G:,MAPS_AND_NAVIGATION,3.7,96,10000,Free,0.0,Everyone,2017-11-14,14.0,Maps & Navigation
G-SHOCK Connected,LIFESTYLE,3.0,543,50000,Free,0.0,Everyone,2018-07-02,94.0,Lifestyle
Go,PERSONALIZATION,4.6,89,5000,Paid,0.99,Everyone,2017-10-21,11.0,Personalization
Google Drive,PRODUCTIVITY,4.4,2728941,1000000000,Free,0.0,Everyone,2018-07-30,,Productivity
G-Homa,LIFESTYLE,3.1,777,50000,Free,0.0,Everyone,2018-05-04,14.0,Lifestyle
G-NetTrack Pro,TOOLS,4.3,255,5000,Paid,14.99,Everyone,2018-07-25,1.6,Tools
"G Theme 2 for LG V30, LG G6",PERSONALIZATION,4.3,25,500,Paid,1.49,Everyone,2017-12-13,15.0,Personalization
Speedometer with G-FORCE meter,TOOLS,3.8,415,50000,Free,0.0,Everyone,2017-06-01,2.7,Tools
A41 WatchFace for Android Wear Smart Watch,LIFESTYLE,4.5,231,5000,Paid,0.99,Everyone,2017-12-24,5.7,Lifestyle
Radial-G : Infinity,GAME,3.6,517,50000,Free,0.0,Everyone,2015-12-07,47.0,Arcade
Dialer theme G Black Gold,PERSONALIZATION,4.2,33,500,Paid,1.49,Everyone,2016-01-01,0.8369140625,Personalization
G-REMOTE,HOUSE_AND_HOME,4.5,30,1000,Free,0.0,Everyone,2018-08-01,25.0,House & Home
Car G-Force Meter,TOOLS,4.2,184,10000,Free,0.0,Everyone,2017-07-29,1.3,Tools
G-NetWiFi Pro,TOOLS,3.3,6,100,Paid,5.99,Everyone,2018-06-18,1.5,Tools
Helix Jump,GAME,4.2,1485806,100000000,Free,0.0,Everyone,2018-04-09,33.0,Action
HSPA+ Tweaker (3G booster),TOOLS,4.3,99290,5000000,Free,0.0,Everyone,2017-12-05,3.9,Tools
Offroad Car H,FAMILY,4.2,1960,100000,Free,0.0,Everyone,2017-10-06,87.0,Simulation
H&M,LIFESTYLE,3.7,41917,10000000,Free,0.0,Everyone,2018-07-30,14.0,Lifestyle
Guns - Shot Sounds,FAMILY,3.8,29544,10000000,Free,0.0,Everyone,2018-07-25,10.0,Entertainment
HPlus,HEALTH_AND_FITNESS,2.9,1786,100000,Free,0.0,Everyone,2018-06-12,5.9,Health & Fitness
Geometry Dash Lite,GAME,4.5,6181640,100000000,Free,0.0,Everyone,2017-12-22,58.0,Arcade
DNS Changer - BEST (Gprs/Edge/3G/H/H+/4G),TOOLS,4.3,123,5000,Free,0.0,Everyone,2017-09-30,1.9,Tools
H*nest Meditation,LIFESTYLE,4.9,145,5000,Paid,1.99,Mature 17+,2016-04-07,48.0,Lifestyle
Car Driving Simulator Drift,GAME,4.4,19816,1000000,Free,0.0,Everyone,2017-11-03,57.0,Racing
Deaf - Hearing chat device H,COMMUNICATION,4.4,9,500,Paid,3.99,Everyone,2017-02-08,0.0498046875,Communication
صور حرف H,ART_AND_DESIGN,4.4,13,1000,Free,0.0,Everyone,2018-03-27,4.5,Art & Design
H Band 2.0,HEALTH_AND_FITNESS,2.9,4031,500000,Free,0.0,Everyone,2018-06-15,8.9,Health & Fitness
H!LooK - Dating,DATING,4.2,46,10000,Free,0.0,Mature 17+,2018-07-29,26.0,Dating
H-Connect,HEALTH_AND_FITNESS,4.0,50,5000,Free,0.0,Everyone,2018-07-03,15.0,Health & Fitness
most expensive app (H),FAMILY,4.3,6,100,Paid,399.99,Everyone,2018-07-16,1.5,Entertainment
AntennaPict β,COMMUNICATION,4.3,15439,1000000,Free,0.0,Everyone,2016-11-07,2.2,Communication
Elkhart County 4-H Fair,FAMILY,3.9,38,5000,Free,0.0,Everyone,2018-04-06,42.0,Entertainment
H TV,FAMILY,4.3,103064,5000000,Free,0.0,Everyone,2018-07-05,5.6,Entertainment
H Band,HEALTH_AND_FITNESS,4.0,214,10000,Free,0.0,Everyone,2018-06-13,8.9,Health & Fitness
The World Ends With You,GAME,4.6,4108,10000,Paid,17.99,Everyone 10+,2015-12-14,13.0,Arcade
MJX H,FAMILY,3.7,126,10000,Free,0.0,Everyone,2017-08-22,13.0,Entertainment
tinyCam Monitor FREE,HOUSE_AND_HOME,4.0,65914,10000000,Free,0.0,Everyone,2018-06-29,,House & Home
H-Kakashi - theme Xperia™,PERSONALIZATION,4.6,621,50000,Free,0.0,Everyone,2017-12-01,5.4,Personalization
RC City Police Heavy Traffic Racer,GAME,4.4,3250,1000000,Free,0.0,Everyone,2018-07-19,27.0,Racing
"""Alphabet """"H"""" Passcode Lock Screen""",PERSONALIZATION,4.5,2,100,Free,0.0,Everyone,2017-12-21,3.0,Personalization
Ohio State Fair 4-H,FAMILY,3.0,4,1000,Free,0.0,Everyone,2018-02-07,19.0,Entertainment
Larry H Miller Automotive,PRODUCTIVITY,3.1,67,10000,Free,0.0,Everyone,2018-07-18,8.3,Productivity
Talking Ben the Dog,FAMILY,4.3,1633565,100000000,Free,0.0,Everyone,2018-07-03,57.0,Entertainment
Add-On: Alcatel (h),PRODUCTIVITY,4.5,107,50000,Free,0.0,Everyone,2015-05-19,1.2,Productivity
My Android Device S/W & H/W,FAMILY,4.5,681,50000,Free,0.0,Everyone,2015-11-20,2.8,Education
ADMIRALTY H-Note,BUSINESS,4.5,176,10000,Free,0.0,Everyone,2016-10-25,19.0,Business
Force LTE Only,TOOLS,4.1,10426,1000000,Free,0.0,Everyone,2018-02-04,7.2,Tools
Ulysse Speedometer Pro,AUTO_AND_VEHICLES,4.6,4140,50000,Paid,1.99,Everyone,2018-05-13,,Auto & Vehicles
Talking Ginger,FAMILY,4.2,1752017,100000000,Free,0.0,Everyone,2018-07-05,52.0,Entertainment
Motorbike Driving Simulator 3D,GAME,3.9,178723,10000000,Free,0.0,Everyone,2016-12-25,65.0,Racing
Helix,GAME,3.9,2454,500000,Free,0.0,Everyone,2017-09-10,37.0,Arcade
Mobile Number Tracker,TOOLS,3.9,19758,5000000,Free,0.0,Everyone,2018-01-14,2.9,Tools
imo free video calls and chat,COMMUNICATION,4.3,4785892,500000000,Free,0.0,Everyone,2018-06-08,11.0,Communication
I am Nose Doctor -Save my Nose,FAMILY,4.2,3133,500000,Free,0.0,Everyone,2016-01-04,34.0,Casual
free video calls and chat,COMMUNICATION,4.2,594720,50000000,Free,0.0,Everyone,2018-07-19,,Communication
What was I in my Past Life,FAMILY,3.7,7453,1000000,Free,0.0,Everyone,2017-12-19,6.5,Entertainment
How Old am I?,FAMILY,2.8,4635,1000000,Free,0.0,Everyone,2018-01-01,3.9,Entertainment
slither.io,GAME,4.4,5231553,100000000,Free,0.0,Everyone,2017-11-14,,Action
I Screen Dialer,TOOLS,4.1,8137,1000000,Free,0.0,Everyone,2018-02-25,3.9,Tools
Where's My Water? Free,FAMILY,4.4,1372013,100000000,Free,0.0,Everyone,2017-11-21,57.0,Puzzle
How Do I Look,PHOTOGRAPHY,2.7,3032,500000,Free,0.0,Everyone,2017-12-08,2.8,Photography
Solitaire!,GAME,4.7,403911,10000000,Free,0.0,Everyone,2018-06-24,23.0,Card
POF Free Dating App,SOCIAL,4.2,1175188,50000000,Free,0.0,Mature 17+,2018-07-31,,Social
iGun Pro -The Original Gun App,GAME,4.2,249308,10000000,Free,0.0,Everyone,2017-09-07,55.0,Arcade
Skype - free IM & video calls,COMMUNICATION,4.1,10484169,1000000000,Free,0.0,Everyone,2018-08-03,,Communication
Sonic Dash,GAME,4.5,3777822,100000000,Free,0.0,Everyone,2018-07-26,75.0,Arcade
I'm Ping Pong King :),SPORTS,4.4,29864,1000000,Free,0.0,Everyone,2018-07-26,40.0,Sports
LINE I Love Coffee,FAMILY,4.0,250257,5000000,Free,0.0,Everyone,2016-11-16,50.0,Simulation
Text Free: WiFi Calling App,SOCIAL,4.2,83474,5000000,Free,0.0,Everyone,2018-07-24,,Social
"Talkatone: Free Texts, Calls & Phone Number",COMMUNICATION,4.1,132015,10000000,Free,0.0,Everyone,2018-07-18,25.0,Communication
Instachat 😜,SOCIAL,4.0,80987,5000000,Free,0.0,Teen,2018-07-30,25.0,Social
Textgram - write on photos,ART_AND_DESIGN,4.4,295237,10000000,Free,0.0,Everyone,2018-07-30,,Art & Design
"Fame Boom for Real Followers, Likes",SOCIAL,4.7,896118,5000000,Free,0.0,Everyone,2017-10-09,6.6,Social
NinJump,GAME,4.3,421000,10000000,Free,0.0,Everyone,2018-06-13,36.0,Arcade
Zombie Catchers,GAME,4.7,989158,10000000,Free,0.0,Everyone,2018-05-24,75.0,Action
FollowMeter for Instagram,SOCIAL,4.4,90082,1000000,Free,0.0,Everyone,2018-05-22,8.8,Social
I LOVE PASTA,FAMILY,4.0,83875,1000000,Free,0.0,Everyone,2017-09-08,43.0,Simulation
Talking Tom Cat,FAMILY,4.3,1838090,100000000,Free,0.0,Everyone 10+,2018-07-27,,Casual
Fidget Spinner,GAME,4.2,307398,10000000,Free,0.0,Everyone,2017-11-30,9.9,Arcade
Jetpack Joyride,GAME,4.4,4637439,100000000,Free,0.0,Everyone 10+,2018-07-19,96.0,Arcade
J Touch,TOOLS,4.6,2176,100000,Free,0.0,Everyone,2018-08-01,0.9306640625,Tools
J-Novel Club,FAMILY,3.3,162,10000,Free,0.0,Teen,2017-10-22,9.0,Entertainment
Anger of stick 5 : zombie,GAME,4.5,547644,50000000,Free,0.0,Teen,2018-08-03,23.0,Action
J - Style Pro,HEALTH_AND_FITNESS,2.3,74,10000,Free,0.0,Everyone,2016-01-20,2.6,Health & Fitness
Cook Baked Lasagna,FAMILY,4.2,56259,10000000,Free,0.0,Everyone,2018-03-14,23.0,Casual
Tom's Love Letters,FAMILY,4.1,705805,50000000,Free,0.0,Everyone,2018-04-30,35.0,Entertainment
Cut the Rope FULL FREE,FAMILY,4.4,2122705,100000000,Free,0.0,Everyone,2018-07-05,49.0,Puzzle
Mali J,SOCIAL,3.2,185,10000,Free,0.0,Teen,2017-10-20,4.7,Social
J-UFO,FAMILY,3.5,339,100000,Free,0.0,Everyone,2017-12-12,,Entertainment
Cut the Rope GOLD,FAMILY,4.6,61264,1000000,Paid,0.99,Everyone,2018-06-19,43.0,Puzzle
Turbo FAST,FAMILY,4.3,1329008,50000000,Free,0.0,Everyone,2017-10-04,97.0,Racing
"The Voice, sing and connect",FAMILY,4.1,405824,10000000,Free,0.0,Everyone,2018-08-04,,Entertainment
J. Cole Rapper Wallpaper HD,PERSONALIZATION,4.1,8,1000,Free,0.0,Everyone,2018-01-11,3.1,Personalization
Keyboard for Sony Xperia J,PERSONALIZATION,4.1,797,50000,Free,0.0,Everyone,2018-07-29,6.7,Personalization
Harris J Lyrics,FAMILY,4.7,36,1000,Free,0.0,Everyone,2018-03-12,7.1,Entertainment
Smart TV Remote,TOOLS,3.5,81747,10000000,Free,0.0,Everyone,2018-05-26,9.1,Tools
J.ME Fly,FAMILY,3.9,28,1000,Free,0.0,Everyone,2018-05-31,98.0,Entertainment
J-Stars Victory VS Guide,GAME,4.1,609,10000,Free,0.0,Everyone,2014-05-14,13.0,Action
2048 BTS J Hope KPop Puzzle Game,FAMILY,4.7,17,1000,Free,0.0,Everyone,2017-09-26,2.4,Puzzle
J. Cole Albums (2007-2017),FAMILY,4.6,7,1000,Free,0.0,Mature 17+,2018-04-11,7.3,Entertainment
J Dark Ice Substratum Theme,PERSONALIZATION,4.5,164,10000,Free,0.0,Everyone,2018-07-19,33.0,Personalization
BTS J-Hope Wallpaper KPOP Fans HD,PERSONALIZATION,4.7,98,10000,Free,0.0,Everyone,2018-05-19,3.4,Personalization
BTS j-hope LINE Launcher theme,PERSONALIZATION,4.9,934,10000,Free,0.0,Everyone,2014-10-17,3.8,Personalization
Kik,COMMUNICATION,4.3,2451136,100000000,Free,0.0,Teen,2018-08-03,,Communication
K Health,HEALTH_AND_FITNESS,4.1,290,50000,Free,0.0,Teen,2018-07-22,40.0,Health & Fitness
CIRCLE K,SHOPPING,4.4,9140,500000,Free,0.0,Everyone,2018-07-31,14.0,Shopping
K-@ Mail Pro - Email App,COMMUNICATION,4.2,1603,10000,Paid,4.99,Everyone,2016-07-23,,Communication
K-@ Mail - Email App,COMMUNICATION,4.1,1760,100000,Free,0.0,Everyone,2016-07-23,,Communication
Keepsafe Photo Vault: Hide Private Photos & Videos,PHOTOGRAPHY,4.6,1656808,50000000,Free,0.0,Everyone,2018-07-31,,Photography
KIM KARDASHIAN: HOLLYWOOD,GAME,4.3,1017408,10000000,Free,0.0,Teen,2018-07-16,34.0,Adventure
Sight Words Pre-K to Grade-3,FAMILY,4.4,1185,100000,Free,0.0,Everyone,2018-06-17,40.0,Educational
K PLUS,FINANCE,4.4,124324,10000000,Free,0.0,Everyone,2018-06-26,,Finance
[Substratum] K-Manager for K-Klock,PERSONALIZATION,4.5,14,1000,Free,0.0,Everyone,2018-07-31,11.0,Personalization
KDRAMA Amino for K-Drama Fans,SOCIAL,4.6,4046,100000,Free,0.0,Teen,2018-07-13,63.0,Social
K keyboard - Myanmar,TOOLS,4.8,1955,100000,Free,0.0,Everyone,2018-03-17,14.0,Tools
Zapzapmath: K-6 Math Games,FAMILY,4.3,1065,100000,Free,0.0,Everyone,2018-05-13,61.0,Educational
KPOP Amino for K-Pop Entertainment,SOCIAL,4.8,19047,100000,Free,0.0,Teen,2018-07-13,63.0,Social
K.MOJI,FAMILY,4.8,16,500,Paid,1.99,Everyone,2017-05-09,8.9,Entertainment
K-Chiing VPN (Free),TOOLS,3.7,43,5000,Free,0.0,Mature 17+,2018-07-24,10.0,Tools
Preschool All-In-One,FAMILY,4.1,9019,1000000,Free,0.0,Everyone,2018-03-28,44.0,Casual
OST),FAMILY,3.7,4444,500000,Free,0.0,Everyone,2018-07-06,10.0,Entertainment
Kpop Music Quiz (K-pop Game),FAMILY,4.2,6418,100000,Free,0.0,Everyone,2017-05-08,59.0,Casual
Radio K - KUOM,FAMILY,4.5,39,1000,Free,0.0,Everyone,2018-03-09,7.4,Entertainment
Math Games for Pre-K - Grade 4,FAMILY,4.6,28,1000,Paid,1.99,Everyone,2014-01-13,23.0,Education
"PowerDirector Video Editor App: 4K, Slow Mo & More",VIDEO_PLAYERS,4.5,712737,10000000,Free,0.0,Everyone,2018-07-24,50.0,Video Players & Editors
Fuzzy Numbers: Pre-K Number Foundation,FAMILY,4.7,21,1000,Paid,5.99,Everyone,2017-07-21,44.0,Education
KakaoTalk: Free Calls & Text,COMMUNICATION,4.3,2546549,100000000,Free,0.0,Everyone,2018-08-03,,Communication
K-Otic Universe,FAMILY,4.9,55,1000,Free,0.0,Everyone,2018-08-03,40.0,Puzzle
Magic Tiles - TWICE Edition (K-Pop),GAME,4.4,2351,100000,Free,0.0,Everyone,2018-07-25,62.0,Music
CASE K-12 Math English Science,FAMILY,4.6,60,10000,Free,0.0,Everyone,2016-05-01,2.1,Education
"Niche: College, K-12, and Neighborhood Search",LIFESTYLE,4.0,42,5000,Free,0.0,Everyone,2018-07-06,26.0,Lifestyle
"K-Spapp, the K-Space app",FAMILY,4.8,39,1000,Free,0.0,Everyone,2017-02-09,3.6,Education
"Math Quiz Free: Grades K,1,2,3",FAMILY,4.3,159,10000,Free,0.0,Everyone,2015-02-03,13.0,Education
K-9 Material (unofficial),COMMUNICATION,4.4,64,5000,Free,0.0,Teen,2017-03-27,4.5,Communication
Discovery K!ds Play! Español,FAMILY,4.2,11263,1000000,Free,0.0,Everyone,2018-05-03,35.0,Entertainment
Magic Tiles - Blackpink Edition (K-Pop),GAME,4.6,4304,100000,Free,0.0,Everyone,2018-06-20,71.0,Music
Anna.K Tarot,FAMILY,4.8,17,100,Paid,3.99,Mature 17+,2017-01-16,23.0,Entertainment
K-pop Music,FAMILY,4.0,369,10000,Free,0.0,Everyone,2017-01-11,3.5,Entertainment
Daily K-Talk,FAMILY,4.3,264,10000,Free,0.0,Everyone,2018-07-31,60.0,Education
Korean Dungeon: K-Word 1000,GAME,4.7,703,10000,Free,0.0,Everyone 10+,2017-11-17,40.0,Word
"LiveMe - Video chat, new friends, and make money",SOCIAL,4.5,456866,10000000,Free,0.0,Teen,2018-08-03,,Social
Talking Tom Gold Run,GAME,4.6,2694969,100000000,Free,0.0,Everyone,2018-07-31,78.0,Action
"letgo: Buy & Sell Used Stuff, Cars & Real Estate",SHOPPING,4.5,972256,50000000,Free,0.0,Teen,2018-08-02,20.0,Shopping
Lep's World 🍀,GAME,4.3,696019,50000000,Free,0.0,Everyone 10+,2018-05-26,,Arcade
"L.POINT - 엘포인트 [ 포인트, 멤버십, 적립, 사용, 모바일 카드, 쿠폰, 롯데]",LIFESTYLE,4.0,45224,5000000,Free,0.0,Everyone,2018-08-01,49.0,Lifestyle
Love Balls,FAMILY,4.2,357049,50000000,Free,0.0,Everyone,2018-07-31,40.0,Puzzle
SpongeBob Diner Dash,FAMILY,4.0,576210,50000000,Free,0.0,Everyone,2013-08-22,48.0,Casual
Last Day on Earth: Survival,GAME,4.5,2308916,10000000,Free,0.0,Teen,2018-08-01,87.0,Action
"Messenger L SMS, MMS",PERSONALIZATION,4.0,6263,500000,Free,0.0,Everyone,2018-07-12,20.0,Personalization
Tom Loves Angela,FAMILY,4.1,1111915,100000000,Free,0.0,Everyone,2018-04-30,50.0,Entertainment
EXO-L,FAMILY,4.6,67410,1000000,Free,0.0,Everyone,2017-11-02,0.8447265625,Entertainment
Lie Detector,FAMILY,3.1,306,50000,Free,0.0,Everyone,2017-04-04,2.9,Simulation
EXO-L Amino for EXO Fans,SOCIAL,4.9,5677,50000,Free,0.0,Teen,2018-07-13,67.0,Social
Calculator L,PRODUCTIVITY,4.5,2965,100000,Free,0.0,Everyone,2015-05-10,2.4,Productivity
My Teacher - Classroom Play,FAMILY,4.0,155276,10000000,Free,0.0,Everyone,2018-06-18,61.0,Role Playing
Emoji Android L Keyboard,PRODUCTIVITY,4.0,11535,1000000,Free,0.0,Everyone,2017-12-07,6.8,Productivity
Lollipop Keyboard L Pro,PERSONALIZATION,3.6,5525,500000,Free,0.0,Everyone,2016-06-06,2.6,Personalization
French to English Speaking - Apprendre l' Anglais,FAMILY,4.5,4251,1000000,Free,0.0,Everyone,2018-04-27,13.0,Education
Ant Smasher by Best Cool & Fun Games,GAME,4.2,1185148,100000000,Free,0.0,Everyone,2018-08-01,29.0,Arcade
Cheating Tom 3 - Genius School,GAME,4.3,90415,10000000,Free,0.0,Everyone,2018-07-24,84.0,Arcade
Clock L,PERSONALIZATION,3.9,2852,100000,Free,0.0,Everyone,2015-09-07,5.4,Personalization
Dialer theme Droid L,PERSONALIZATION,4.3,1734,100000,Free,0.0,Mature 17+,2016-04-02,2.8,Personalization
SPEED L,SHOPPING,4.3,85,50000,Free,0.0,Everyone,2018-06-26,2.9,Shopping
Lie Detector Test Prank,FAMILY,4.4,222308,10000000,Free,0.0,Everyone,2018-07-31,6.9,Entertainment
Xbox,FAMILY,4.3,556659,10000000,Free,0.0,Everyone,2018-06-20,46.0,Entertainment
Je Parle ANGLAIS - Apprendre l’anglais Audio cours,FAMILY,4.4,499,100000,Free,0.0,Everyone,2018-03-13,27.0,Education
"Mobizen Screen Recorder - Record, Capture, Edit",PRODUCTIVITY,4.3,1827212,50000000,Free,0.0,Everyone,2018-07-31,,Productivity
Minecraft,FAMILY,4.5,2375336,10000000,Paid,6.99,Everyone 10+,2018-07-24,,Arcade
Mobizen Screen Recorder for SAMSUNG,VIDEO_PLAYERS,4.4,953894,10000000,Free,0.0,Everyone,2018-04-26,37.0,Video Players & Editors
MapleStory M,FAMILY,3.5,31538,1000000,Free,0.0,Everyone 10+,2018-07-24,82.0,Role Playing
M-Files,BUSINESS,4.4,236,10000,Free,0.0,Everyone,2018-06-26,44.0,Business
M Launcher -Marshmallow 6.0,PERSONALIZATION,4.4,37234,1000000,Free,0.0,Everyone,2018-03-22,7.3,Personalization
"Mobizen Screen Recorder for LG - Record, Capture",VIDEO_PLAYERS,4.5,58820,1000000,Free,0.0,Everyone,2018-04-26,37.0,Video Players & Editors
MakeupPlus - Your Own Virtual Makeup Artist,PHOTOGRAPHY,4.4,758780,50000000,Free,0.0,Everyone,2018-08-03,53.0,Photography
M3-X5-X6-M-İ3-İ8 RACİNG 2018,GAME,4.4,596,100000,Free,0.0,Everyone,2017-02-12,44.0,Arcade
MEGA,PRODUCTIVITY,4.0,549214,50000000,Free,0.0,Everyone,2018-07-04,,Productivity
360-M Flight,TOOLS,3.9,84,10000,Free,0.0,Everyone,2017-12-14,24.0,Tools
M-acceleration 3D Car Racing,GAME,3.9,1202,100000,Free,0.0,Everyone,2018-06-28,34.0,Racing
m>notes notepad,PRODUCTIVITY,4.3,184,1000,Paid,2.99,Everyone,2015-12-04,,Productivity
M+,NEWS_AND_MAGAZINES,4.9,198,10000,Free,0.0,Everyone,2018-05-29,9.1,News & Magazines
Super Hero M Craft Run,GAME,3.7,303,100000,Free,0.0,Everyone,2017-07-12,38.0,Arcade
M-Sight Pro,VIDEO_PLAYERS,3.3,30,5000,Free,0.0,Everyone,2018-07-25,15.0,Video Players & Editors
💎 I'm rich,LIFESTYLE,3.8,718,10000,Paid,399.99,Everyone,2018-03-11,26.0,Lifestyle
Don't Hug Me I'm So Scared,GAME,3.5,901,50000,Free,0.0,Everyone,2018-06-08,63.0,Adventure
GTS-M,TOOLS,4.2,38,5000,Free,0.0,Everyone,2017-01-26,0.2451171875,Tools
MX Player,VIDEO_PLAYERS,4.5,6469179,500000000,Free,0.0,Everyone,2018-08-01,,Video Players & Editors
M star Dialer,COMMUNICATION,3.5,400,100000,Free,0.0,Everyone,2017-03-20,4.2,Communication
I'm Rich - Trump Edition,LIFESTYLE,3.6,275,10000,Paid,400.0,Everyone,2018-05-03,7.3,Lifestyle
I’m Expecting - Pregnancy App,HEALTH_AND_FITNESS,4.6,71266,1000000,Free,0.0,Everyone,2018-03-30,49.0,Health & Fitness
Free WiFi Connect,COMMUNICATION,3.9,167229,10000000,Free,0.0,Everyone,2018-03-31,9.7,Communication
M Notifier for M Launcher,TOOLS,4.2,2803,100000,Free,0.0,Everyone,2017-02-15,1.4,Tools
M Theme - Dark Green Icon Pack,PERSONALIZATION,4.2,202,10000,Free,0.0,Everyone,2016-11-16,4.9,Personalization
m-Faisaa,FINANCE,4.0,142,10000,Free,0.0,Everyone,2018-07-13,6.2,Finance
m:go BiH,COMMUNICATION,3.2,559,10000,Free,0.0,Everyone,2018-07-25,6.0,Communication
Diabetes:M,MEDICAL,4.6,15537,100000,Free,0.0,Everyone,2018-08-01,,Medical
Libre Scan (Diabetes:M addon),MEDICAL,2.4,102,10000,Free,0.0,Everyone,2017-07-09,1.2,Medical
m.ride - your motorcycle app,AUTO_AND_VEHICLES,4.5,189,10000,Free,0.0,Everyone,2018-07-03,16.0,Auto & Vehicles
Rope'n'Fly 4,GAME,4.1,234606,10000000,Free,0.0,Everyone,2018-01-29,59.0,Action
N Launcher: Nougat Theme,PERSONALIZATION,4.2,128,10000,Free,0.0,Everyone,2017-06-13,7.7,Personalization
Dino in City-Dinosaur N Police,FAMILY,3.7,10035,1000000,Free,0.0,Teen,2018-05-23,30.0,Simulation
N Launcher Pro - Nougat 7.0,PERSONALIZATION,4.3,2538,100000,Paid,2.99,Everyone,2018-03-23,6.4,Personalization
Cops N Robbers - FPS Mini Game,GAME,4.2,156862,5000000,Free,0.0,Everyone 10+,2018-07-31,64.0,Action
Cops N Robbers 2,GAME,4.1,63680,1000000,Free,0.0,Everyone 10+,2018-06-02,46.0,Adventure
Hands 'n Guns Simulator,FAMILY,3.9,19727,1000000,Free,0.0,Teen,2018-07-03,76.0,Simulation
Hide N Seek : Mini Game,GAME,3.8,4719,500000,Free,0.0,Everyone,2018-07-08,54.0,Action
N Launcher - Nougat 7.0,PERSONALIZATION,4.4,32597,1000000,Free,0.0,Everyone,2018-05-24,8.4,Personalization
Cook'n Recipe App,LIFESTYLE,3.4,552,10000,Free,0.0,Everyone,2018-08-02,22.0,Lifestyle
Rope'n'Fly 3 - Dusk Till Dawn,GAME,4.0,166033,10000000,Free,0.0,Everyone 10+,2018-01-31,23.0,Arcade
Tap N Pay,PRODUCTIVITY,4.4,253,10000,Free,0.0,Everyone,2018-07-31,8.2,Productivity
N-Com Wizard,COMMUNICATION,3.3,960,50000,Free,0.0,Everyone,2017-09-21,3.8,Communication
Drag'n'Boom,GAME,4.8,133180,1000000,Free,0.0,Everyone 10+,2018-01-12,54.0,Arcade
Traps n' Gemstones,GAME,4.5,413,1000,Paid,4.99,Everyone,2017-05-17,9.1,Adventure
Shop 'n Save,SHOPPING,3.4,620,100000,Free,0.0,Everyone,2018-03-13,40.0,Shopping
Dual N-Back - Brain game,FAMILY,4.3,817,100000,Free,0.0,Everyone,2018-05-25,28.0,Educational
N Files - File Manager & Explorer,PRODUCTIVITY,4.3,369,10000,Free,0.0,Everyone,2018-07-18,11.0,Productivity
Guns'n'Glory Zombies Premium,FAMILY,4.1,313,5000,Paid,2.99,Everyone 10+,2016-07-15,34.0,Strategy
Cops N Robbers,GAME,4.0,37789,1000000,Free,0.0,Teen,2018-06-06,58.0,Adventure
Guns'n'Glory Premium,FAMILY,4.4,3570,100000,Paid,2.99,Everyone 10+,2017-09-22,21.0,Strategy
Madagascar Surf n' Slides Free,FAMILY,3.8,48929,5000000,Free,0.0,Everyone,2017-09-08,45.0,Educational
Guns'n'Glory,FAMILY,4.4,89947,5000000,Free,0.0,Everyone 10+,2018-02-09,22.0,Strategy
Ghosts'n Goblins MOBILE,GAME,3.8,466,10000,Paid,0.99,Everyone,2017-03-28,28.0,Arcade
Mopar Drag N Brag,GAME,4.2,30630,1000000,Free,0.0,Everyone,2015-05-25,17.0,Racing
Read Unlimitedly! Kids'n Books,FAMILY,3.8,7462,1000000,Free,0.0,Everyone,2018-02-16,31.0,Education
Dark Infusion Substratum Theme for Android N & O,PERSONALIZATION,4.8,133,1000,Paid,2.49,Everyone,2018-08-03,59.0,Personalization
Fantastic Chefs: Match 'n Cook,FAMILY,4.7,8600,500000,Free,0.0,Everyone,2018-07-27,91.0,Puzzle
Guns'n'Glory Heroes Premium,FAMILY,4.3,923,10000,Paid,2.99,Everyone,2017-11-09,,Strategy
Eat'n Park,LIFESTYLE,3.5,292,50000,Free,0.0,Everyone,2017-12-18,20.0,Lifestyle
Draw N Guess Multiplayer,GAME,3.9,29505,1000000,Free,0.0,Everyone,2018-04-04,69.0,Word
Car Parking Crane N Drifting,FAMILY,4.2,106,50000,Free,0.0,Everyone,2018-02-26,71.0,Simulation
Lock 'n' Roll Pro - Ad Free,GAME,4.6,169,1000,Paid,0.99,Everyone,2015-07-01,13.0,Card
Rock N' Cash Casino Slots -Free Vegas Slot Games,GAME,4.7,6187,100000,Free,0.0,Teen,2018-07-27,33.0,Casino
Age of Conquest: N. America,FAMILY,4.5,659,10000,Paid,3.99,Everyone,2018-08-04,3.3,Strategy
Sketch 'n' go,VIDEO_PLAYERS,3.8,3965,100000,Free,0.0,Everyone,2018-03-26,6.4,Video Players & Editors
Guns'n'Glory WW2 Premium,FAMILY,4.5,4656,100000,Paid,2.99,Everyone 10+,2017-12-08,20.0,Strategy
Rock n Roll Music Quiz Game,GAME,3.7,80,10000,Free,0.0,Everyone,2018-06-06,7.6,Trivia
Cook 'n Learn Smart Kitchen,FAMILY,3.5,205,50000,Free,0.0,Everyone,2017-03-06,62.0,Educational
Jump'N'Shoot Attack,GAME,4.1,155,1000,Paid,2.49,Everyone,2018-05-26,32.0,Arcade
Ghouls'n Ghosts MOBILE,GAME,3.9,168,5000,Paid,1.99,Everyone 10+,2017-05-18,49.0,Arcade
N-Back,FAMILY,4.1,413,10000,Free,0.0,Everyone,2016-02-15,0.908203125,Puzzle
Oddworld: New 'n' Tasty,GAME,4.6,1475,10000,Paid,4.99,Teen,2018-01-02,34.0,Action
Knights N Squires,FAMILY,4.4,148826,1000000,Free,0.0,Teen,2018-06-19,49.0,Role Playing
Opera Mini - fast web browser,COMMUNICATION,4.5,5150801,100000000,Free,0.0,Everyone,2018-07-19,,Communication
Opera Browser: Fast and Secure,COMMUNICATION,4.4,2473795,100000000,Free,0.0,Everyone,2018-07-31,,Communication
Planet O - Icon Pack,PERSONALIZATION,4.6,354,10000,Paid,0.99,Everyone,2018-06-13,24.0,Personalization
The Noise-O-Meter,FAMILY,4.0,1699,100000,Free,0.0,Everyone,2017-10-18,72.0,Entertainment
O Launcher 8.0 for Android™ O Oreo Launcher,TOOLS,4.4,11393,1000000,Free,0.0,Everyone,2018-07-27,8.7,Tools
Opera Mini browser beta,COMMUNICATION,4.4,401530,10000000,Free,0.0,Everyone,2018-08-03,,Communication
Stand O’Food® (Full),FAMILY,4.4,925,10000,Paid,1.99,Everyone,2014-12-26,40.0,Casual
WiFi-o-Matic,PRODUCTIVITY,4.0,736,50000,Free,0.0,Everyone,2018-02-01,6.8,Productivity
Detect-O-Gromit (D.O.G 2),FAMILY,3.8,45,10000,Paid,2.49,Everyone,2018-07-16,47.0,Entertainment
O Shopping,SHOPPING,3.9,671,100000,Free,0.0,Everyone,2018-07-23,3.6,Shopping
AC Remote for O General - NOW FREE,TOOLS,3.7,274,50000,Free,0.0,Everyone,2018-07-30,26.0,Tools
O'Route Orienteering,SPORTS,4.2,6,100,Paid,3.02,Everyone,2017-12-27,1.3,Sports
Drink-O-Tron The Drinking Game,GAME,4.1,140,50000,Free,0.0,Mature 17+,2017-05-31,45.0,Card
Multiling O Keyboard + emoji,PRODUCTIVITY,4.3,30443,1000000,Free,0.0,Everyone,2018-07-03,0.52734375,Productivity
Google I/O 2018,BOOKS_AND_REFERENCE,4.3,22401,500000,Free,0.0,Everyone,2018-05-07,4.6,Books & Reference
Prime Key for Nougat Launcher& O Launcher &KitKat,PERSONALIZATION,4.1,324,5000,Paid,6.99,Everyone,2017-08-20,0.3056640625,Personalization
OO Launcher for Android O 8.0 Oreo™ Launcher,PERSONALIZATION,4.4,14832,1000000,Free,0.0,Everyone,2018-08-03,8.6,Personalization
Band O'Clock,LIFESTYLE,3.8,1140,100000,Free,0.0,Everyone,2011-12-03,0.728515625,Lifestyle
O Launcher,TOOLS,4.3,2059,100000,Free,0.0,Everyone,2018-05-22,10.0,Tools
O-Star,DATING,4.4,59,5000,Free,0.0,Everyone,2018-07-19,38.0,Dating
Verdad o Reto,SOCIAL,3.8,826,500000,Free,0.0,Teen,2018-05-10,5.1,Social
Pixlr-o-matic,PHOTOGRAPHY,4.5,180697,10000000,Free,0.0,Everyone,2017-04-25,6.1,Photography
O-Level Past Papers & Solution (up to 2017),FAMILY,3.8,589,100000,Free,0.0,Everyone,2018-06-11,28.0,Education
"O Multiple - App Cloner, Duals APP, tarallel",TOOLS,3.9,145,50000,Free,0.0,Everyone,2018-05-15,5.2,Tools
The Maze Runner,GAME,4.0,428268,10000000,Free,0.0,Everyone,2015-09-14,22.0,Action
Psiphon Pro - The Internet Freedom VPN,COMMUNICATION,4.3,298041,10000000,Free,0.0,Everyone,2018-07-03,,Communication
PicsArt Photo Studio: Collage Maker & Pic Editor,PHOTOGRAPHY,4.5,7590099,100000000,Free,0.0,Teen,2018-07-31,34.0,Photography
P Icon Pack for Pixel,PERSONALIZATION,4.4,38,1000,Free,0.0,Everyone,2018-05-06,51.0,Personalization
Android P | Xperia™ Theme 4800+ icons,PERSONALIZATION,4.6,29,100,Paid,1.99,Everyone,2018-05-16,39.0,Personalization
P-Home for KLWP,PERSONALIZATION,5.0,4,100,Paid,0.99,Everyone,2018-05-15,12.0,Personalization
[substratum] Vacuum: P,PERSONALIZATION,4.4,230,1000,Paid,1.49,Everyone,2018-07-20,11.0,Personalization
"Super P Launcher for Android P 9.0 launcher, theme",TOOLS,4.4,2026,100000,Free,0.0,Everyone,2018-08-03,7.5,Tools
pixiv,SOCIAL,4.2,86956,1000000,Free,0.0,Mature 17+,2018-08-03,24.0,Social
[Sub/EMUI] P Pro - EMUI 8.1/8.0/5.X Theme,PERSONALIZATION,4.0,13,100,Paid,0.99,Everyone,2018-07-20,19.0,Personalization
Theme Android P Design for LG V30,PERSONALIZATION,4.2,35,500,Paid,1.49,Everyone,2018-04-26,5.2,Personalization
Theme Android P for LG G7 & V35,PERSONALIZATION,4.6,5,100,Paid,1.49,Everyone,2018-07-07,4.5,Personalization
Volume Slider Like Android P Volume Control,TOOLS,4.1,1129,10000,Paid,0.99,Everyone,2018-06-30,1.7,Tools
P Launcher for Android™ 9.0,PERSONALIZATION,3.9,35,5000,Free,0.0,Everyone,2018-07-01,6.3,Personalization
PixelLab - Text on pictures,PHOTOGRAPHY,4.6,108002,10000000,Free,0.0,Everyone,2018-07-26,,Photography
Theme Android P Black design for LG V30,PERSONALIZATION,4.4,8,100,Paid,1.49,Everyone,2018-04-06,6.2,Personalization
P Launcher Theme For Android™ 9.0,PERSONALIZATION,3.9,213,10000,Free,0.0,Everyone,2018-05-18,28.0,Personalization
Theme Android P Black for LG G7 & V35,PERSONALIZATION,4.6,5,100,Paid,1.49,Everyone,2018-07-31,4.3,Personalization
P Theme for Android™ P 9.0 Style Launcher,PERSONALIZATION,4.5,216,50000,Free,0.0,Everyone,2018-04-13,5.7,Personalization
Android P 9.0,PERSONALIZATION,3.0,12,500,Free,0.0,Everyone,2018-05-30,4.9,Personalization
Android P Wallpapers,PERSONALIZATION,3.6,53,5000,Free,0.0,Everyone,2018-02-12,2.0,Personalization
P XPERIA Theme™ | Design For SONY 🎨,PERSONALIZATION,4.4,147,10000,Free,0.0,Everyone,2018-05-28,16.0,Personalization
Parallel Space - Multiple accounts & Two face,PERSONALIZATION,4.6,3062845,100000000,Free,0.0,Everyone,2018-08-03,7.4,Personalization
P9 Launcher - Android™ 9.0 P Launcher Style,TOOLS,4.3,1162,100000,Free,0.0,Everyone,2018-07-06,7.3,Tools
Android P Style Icon Pack,PERSONALIZATION,5.0,1,100,Paid,0.99,Everyone,2018-06-16,60.0,Personalization
Android P Stock Wallpapers,PERSONALIZATION,4.5,16,1000,Free,0.0,Everyone,2018-08-01,3.7,Personalization
G-Pix [Android P] Dark EMUI 8/5 THEME,PERSONALIZATION,4.1,169,10000,Free,0.0,Everyone,2018-03-25,24.0,Personalization
G-Pix [Android P] EMUI 8/5 THEME,PERSONALIZATION,4.1,720,100000,Free,0.0,Everyone,2018-03-13,10.0,Personalization
Android-P Mono Grey EMUI 8/5 Theme,PERSONALIZATION,4.5,61,10000,Free,0.0,Everyone,2018-04-04,7.5,Personalization
Materialistic P Wallpapers,PERSONALIZATION,4.8,24,1000,Free,0.0,Everyone,2018-08-03,3.6,Personalization
Android P Rotation,TOOLS,4.5,502,10000,Free,0.0,Everyone,2018-07-15,2.0,Tools
Android P Launcher 9.0 launcher,TOOLS,4.0,164,10000,Free,0.0,Everyone,2018-04-23,2.3,Tools
Pixel Oreo/P Dark White AMOLED UI - Icon Pack,PERSONALIZATION,4.8,18,5000,Paid,1.49,Everyone,2018-06-21,16.0,Personalization
pretty Easy privacy p≡p,COMMUNICATION,3.7,21,500,Paid,0.99,Everyone,2018-07-30,20.0,Communication
Pi Dark [substratum],PERSONALIZATION,4.5,189,10000,Free,0.0,Everyone,2018-03-27,2.1,Personalization
"Q Alerts: QAnon Drop Notifications, Research +++",NEWS_AND_MAGAZINES,4.7,143,5000,Paid,0.99,Mature 17+,2018-07-26,26.0,News & Magazines
The Q - Live Trivia Game Network,GAME,2.7,1486,100000,Free,0.0,Everyone,2018-08-03,14.0,Trivia
Fossil Q,LIFESTYLE,2.9,6627,500000,Free,0.0,Everyone,2018-08-01,18.0,Lifestyle
Q,FAMILY,4.2,69126,1000000,Free,0.0,Everyone,2018-04-19,60.0,Puzzle
"""Official QR Code® Reader """"Q""""""",PRODUCTIVITY,4.4,3031,500000,Free,0.0,Everyone,2018-03-23,,Productivity
Q Cat Live Wallpaper,PERSONALIZATION,4.2,4383,500000,Free,0.0,Teen,2015-03-16,7.1,Personalization
Q MINDshare Mobile,BUSINESS,3.4,24,10000,Free,0.0,Everyone,2018-04-02,,Business
Fossil Q Legacy,LIFESTYLE,2.6,680,50000,Free,0.0,Everyone,2017-09-19,60.0,Lifestyle
Offroad Car Q,FAMILY,4.1,24668,1000000,Free,0.0,Everyone,2016-08-04,40.0,Simulation
Q*bert: Rebooted,GAME,4.3,13788,1000000,Free,0.0,Everyone,2017-04-01,55.0,Arcade
Quora,SOCIAL,4.5,313403,10000000,Free,0.0,Teen,2018-07-25,,Social
Gun Shoot War Q,GAME,4.2,26893,1000000,Free,0.0,Teen,2017-03-01,20.0,Arcade
FaceQ,FAMILY,4.4,591411,10000000,Free,0.0,Teen,2017-05-16,19.0,Entertainment
Q Link Wireless Zone,PRODUCTIVITY,4.0,2194,500000,Free,0.0,Everyone,2018-03-08,17.0,Productivity
Q Avatar (Avatar Maker),COMICS,4.4,2012,100000,Free,0.0,Everyone,2017-03-04,3.6,Comics
Q downloader : download your social media videos,FAMILY,4.1,41,1000,Free,0.0,Everyone,2018-06-21,4.5,Entertainment
Q Avatar Pro,FAMILY,4.8,4,100,Paid,1.49,Teen,2017-03-04,3.6,Entertainment
Q-See Plus,VIDEO_PLAYERS,2.2,32,5000,Free,0.0,Everyone,2018-07-09,33.0,Video Players & Editors
Q Wunder,FAMILY,3.8,156,10000,Free,0.0,Everyone,2018-06-30,43.0,Education
Q-See QC View,TOOLS,3.1,657,100000,Free,0.0,Everyone,2018-01-19,21.0,Tools
Leica Q,PHOTOGRAPHY,3.1,133,10000,Free,0.0,Everyone,2018-05-08,2.3,Photography
Q Remote Control,TOOLS,3.8,4264,500000,Free,0.0,Everyone,2014-07-12,14.0,Tools
Q-Ticketing,MAPS_AND_NAVIGATION,3.8,114,10000,Free,0.0,Everyone,2017-12-18,19.0,Maps & Navigation
DJMAX TECHNIKA Q - Music Game,GAME,4.3,21107,100000,Free,0.0,Everyone,2018-07-30,95.0,Music
myQ,TOOLS,3.6,3642,100000,Free,0.0,Everyone,2018-07-23,29.0,Tools
QR Code Reader,TOOLS,4.0,495971,50000000,Free,0.0,Everyone,2016-03-16,2.7,Tools
ICQ — Video Calls & Chat Messenger,COMMUNICATION,4.4,697939,10000000,Free,0.0,Everyone,2018-07-18,,Communication
Q Operator,BUSINESS,4.6,60,1000,Free,0.0,Everyone,2016-11-08,,Business
Q-slope,TOOLS,4.5,2,50,Paid,1.76,Everyone,2017-12-03,3.9,Tools
Q-Tech Companion App,FOOD_AND_DRINK,1.8,17,10000,Free,0.0,Everyone,2017-03-08,3.1,Food & Drink
Q Mobile Banking,FINANCE,4.7,460,10000,Free,0.0,Everyone,2018-06-26,12.0,Finance
Q Quiz SK,FAMILY,3.9,159,5000,Free,0.0,Everyone,2015-12-08,39.0,Education
Big Q Car Service,MAPS_AND_NAVIGATION,4.4,75,5000,Free,0.0,Everyone,2017-05-15,26.0,Maps & Navigation
Q-See QT View,TOOLS,3.6,7357,100000,Free,0.0,Everyone,2018-07-12,19.0,Tools
ROBLOX,FAMILY,4.5,4443407,100000000,Free,0.0,Everyone 10+,2018-07-31,67.0,Adventure
"DataCamp - Learn R, Python & SQL",FAMILY,4.4,944,100000,Free,0.0,Everyone,2018-08-01,12.0,Education
R Language Reference Guide,BOOKS_AND_REFERENCE,3.9,54,10000,Free,0.0,Everyone,2017-12-24,2.8,Books & Reference
Run R Script - Online Statistical Data Analysis,FAMILY,3.9,8,1000,Free,0.0,Everyone,2018-04-04,6.2,Education
R Programming Language,FAMILY,3.8,39,1000,Free,0.0,Everyone,2017-12-21,2.9,Education
R. Physics Puzzle Game,FAMILY,4.2,5369,500000,Free,0.0,Everyone,2018-04-19,60.0,Puzzle
R Instructor,FAMILY,4.1,135,1000,Paid,4.84,Everyone,2014-02-21,4.9,Education
GT-R R35 Drift Simulator,FAMILY,4.4,1852,100000,Free,0.0,Everyone,2017-10-31,62.0,Simulation
Offroad Pickup Truck R,FAMILY,4.4,6367,1000000,Free,0.0,Everyone,2017-07-14,96.0,Simulation
R Programing Offline Tutorial,BOOKS_AND_REFERENCE,5.0,4,1000,Free,0.0,Everyone,2018-03-15,3.9,Books & Reference
Learn R Language Easy Way,FAMILY,4.1,17,10000,Free,0.0,Everyone,2017-09-24,2.2,Education
.R,TOOLS,4.5,259,10000,Free,0.0,Everyone,2014-09-16,0.1982421875,Tools
R-TYPE II,GAME,4.3,5682,50000,Paid,1.99,Everyone,2017-03-02,37.0,Arcade
R Programming Solution,FAMILY,3.9,169,10000,Free,0.0,Everyone,2016-06-20,7.7,Education
Learn R - Programming Concepts,FAMILY,3.5,6,1000,Free,0.0,Everyone,2017-04-25,2.9,Education
Car Parking Nissan GT-R R35 Simulator,FAMILY,3.2,513,100000,Free,0.0,Everyone,2017-12-05,34.0,Simulation
R-net for Android,PRODUCTIVITY,3.3,48,5000,Free,0.0,Everyone,2013-08-07,0.056640625,Productivity
R File Manager,TOOLS,4.8,17,50,Free,0.0,Everyone,2018-05-05,6.7,Tools
R-TYPE,GAME,4.5,7687,100000,Paid,1.99,Everyone,2017-02-27,23.0,Arcade
R Studio,SHOPPING,3.7,23,5000,Free,0.0,Everyone,2016-07-08,8.9,Shopping
Day R Premium,FAMILY,4.8,51068,100000,Paid,4.99,Teen,2018-06-21,57.0,Role Playing
"Join R, Community Engagement",SOCIAL,4.7,144,1000,Free,0.0,Teen,2017-01-31,12.0,Social
R Bank,FINANCE,4.3,90,5000,Free,0.0,Everyone,2018-05-30,13.0,Finance
Elemental Knights R Platinum,FAMILY,3.8,2925,50000,Paid,4.77,Teen,2018-08-01,93.0,Role Playing
Wonder5 Masters R,FAMILY,4.1,1655,100000,Free,0.0,Everyone,2018-08-02,83.0,Role Playing
Neon-R (Red),PERSONALIZATION,4.7,25,100,Paid,0.99,Everyone,2015-03-12,41.0,Personalization
R. Lee Ermey's Official Sound,FAMILY,4.2,1696,100000,Free,0.0,Mature 17+,2012-09-19,2.7,Entertainment
SHAREit - Transfer & Share,TOOLS,4.6,7775146,500000000,Free,0.0,Everyone,2018-07-30,17.0,Tools
S Launcher for Galaxy TouchWiz,PERSONALIZATION,4.2,11244,1000000,Free,0.0,Everyone,2018-06-12,2.2,Personalization
"360 Security - Free Antivirus, Booster, Cleaner",TOOLS,4.6,16771865,100000000,Free,0.0,Everyone,2018-08-04,,Tools
S Player - Lightest and Most Powerful Video Player,TOOLS,4.6,14224,1000000,Free,0.0,Everyone,2017-10-12,7.1,Tools
Offroad Pickup Truck S,FAMILY,4.2,5178,1000000,Free,0.0,Everyone,2017-10-10,20.0,Simulation
S Launcher Pro for Galaxy,PERSONALIZATION,4.1,47,1000,Paid,4.99,Everyone,2016-02-12,0.025390625,Personalization
Type S LED,LIFESTYLE,3.5,628,100000,Free,0.0,Everyone,2017-08-14,,Lifestyle
S Note,PRODUCTIVITY,4.1,12435,10000000,Free,0.0,Everyone,2017-09-26,31.0,Productivity
"S Photo Editor - Collage Maker , Photo Collage",PHOTOGRAPHY,4.4,972574,100000000,Free,0.0,Everyone,2018-08-03,45.0,Photography
Stupid Zombies,GAME,4.5,464900,10000000,Free,0.0,Teen,2018-06-27,33.0,Arcade
S’more - Earn Cash Rewards,PRODUCTIVITY,4.1,15097,1000000,Free,0.0,Everyone,2018-07-23,14.0,Productivity
PitchBlack S - Samsung Substratum Theme “For Oreo”,PERSONALIZATION,4.5,90,1000,Paid,1.99,Everyone,2018-08-04,37.0,Personalization
Samsung Smart Switch Mobile,TOOLS,4.3,146913,100000000,Free,0.0,Everyone,2018-07-18,24.0,Tools
"S S9 Launcher - Galaxy S8/S9 Launcher, theme, cool",TOOLS,4.4,22503,1000000,Free,0.0,Everyone,2018-07-06,6.5,Tools
Five Nights at Freddy's 2 Demo,FAMILY,4.3,1503544,50000000,Free,0.0,Teen,2014-11-15,40.0,Strategy
Crime Wars S. Andreas,GAME,4.3,5785,500000,Free,0.0,Teen,2017-04-12,93.0,Racing
S Pen Keeper,TOOLS,3.8,560,50000,Free,0.0,Everyone,2018-06-08,0.306640625,Tools
SH Script Runner,PRODUCTIVITY,3.9,334,50000,Free,0.0,Everyone,2018-01-02,3.7,Productivity
City Taxi Driver sim 2016: Cab simulator Game-s,FAMILY,4.1,16111,1000000,Free,0.0,Everyone,2018-06-12,57.0,Simulation
Shopping List S PRO,SHOPPING,4.8,14,100,Paid,2.49,Everyone,2018-05-16,2.7,Shopping
Tumblr,SOCIAL,4.4,2953886,100000000,Free,0.0,Mature 17+,2018-08-01,,Social
Tinder,LIFESTYLE,4.0,2789775,100000000,Free,0.0,Mature 17+,2018-08-02,68.0,Lifestyle
"Topbuzz: Breaking News, Videos & Funny GIFs",NEWS_AND_MAGAZINES,4.7,174827,10000000,Free,0.0,Mature 17+,2018-08-04,25.0,News & Magazines
Twitch: Livestream Multiplayer Games & Esports,FAMILY,4.6,2133047,50000000,Free,0.0,Teen,2018-07-31,,Entertainment
T-Mobile,TOOLS,4.3,482630,10000000,Free,0.0,Everyone,2018-08-03,,Tools
Dino T-Rex,GAME,4.0,69115,10000000,Free,0.0,Everyone,2018-06-13,2.4,Arcade
Telegram,COMMUNICATION,4.4,3128611,100000000,Free,0.0,Mature 17+,2018-07-27,,Communication
myAT&T,PRODUCTIVITY,3.7,80816,50000000,Free,0.0,Everyone,2018-07-18,,Productivity
AT&T U-verse,FAMILY,3.7,38606,1000000,Free,0.0,Everyone,2018-06-13,96.0,Entertainment
AT&T Messages for Tablet,COMMUNICATION,3.3,3044,1000000,Free,0.0,Everyone,2017-04-03,,Communication
T Uploader,FAMILY,4.1,75,10000,Free,0.0,Everyone,2017-11-24,2.2,Education
T-Mobile DIGITS,COMMUNICATION,3.0,1820,100000,Free,0.0,Everyone,2018-02-15,33.0,Communication
AT&T Digital Life,LIFESTYLE,4.1,10067,1000000,Free,0.0,Everyone,2017-12-07,,Lifestyle
DIRECTV Remote App,FAMILY,3.0,480,1000000,Free,0.0,Everyone,2017-08-31,19.0,Entertainment
AT&T Smart Limits℠,LIFESTYLE,3.8,2300,10000000,Free,0.0,Everyone,2017-03-07,,Lifestyle
T-Mobile Tuesdays,LIFESTYLE,4.0,53144,5000000,Free,0.0,Everyone,2018-07-13,21.0,Lifestyle
"Truecaller: Caller ID, SMS spam blocking & Dialer",COMMUNICATION,4.5,7820775,100000000,Free,0.0,Everyone,2018-08-01,,Communication
AT&T Mobile Transfer,PRODUCTIVITY,4.6,22775,10000000,Free,0.0,Everyone,2018-07-31,26.0,Productivity
T-Mobile Content Transfer,PRODUCTIVITY,4.1,370,500000,Free,0.0,Everyone,2018-01-25,29.0,Productivity
T-Mobile Visual Voicemail,TOOLS,3.6,41502,50000000,Free,0.0,Everyone,2018-07-31,,Tools
I Can't Wake Up!,TOOLS,4.7,963,10000,Paid,2.99,Everyone,2018-05-25,3.7,Tools
AT&T FamilyMap®,TOOLS,3.5,21592,10000000,Free,0.0,Everyone,2017-10-24,25.0,Tools
T-Mobile® FamilyMode™,PARENTING,3.1,103,10000,Free,0.0,Everyone,2018-06-29,28.0,Parenting
Portable Wi-Fi hotspot,COMMUNICATION,3.9,138129,10000000,Free,0.0,Everyone,2018-05-06,2.1,Communication
Showtime Anytime,FAMILY,3.7,18522,1000000,Free,0.0,Teen,2018-07-02,,Entertainment
AT&T Call Protect,COMMUNICATION,4.2,6454,5000000,Free,0.0,Everyone,2018-05-03,15.0,Communication
Don't Starve: Pocket Edition,GAME,4.4,17988,100000,Paid,4.99,Teen,2018-07-25,7.9,Adventure
"Please, Don't Touch Anything",FAMILY,4.4,1771,10000,Paid,4.99,Teen,2016-04-20,46.0,Puzzle
AT&T DriveMode,MAPS_AND_NAVIGATION,3.3,8465,10000000,Free,0.0,Everyone,2018-05-03,8.9,Maps & Navigation
The T Factor,EVENTS,4.8,48,1000,Free,0.0,Everyone,2017-09-26,13.0,Events
Please Don't Touch Anything 3D,FAMILY,4.2,146,5000,Paid,5.99,Teen,2016-12-07,20.0,Puzzle
Don't Panic with Andrew J.,BOOKS_AND_REFERENCE,4.5,124,5000,Paid,2.99,Everyone,2015-08-25,,Books & Reference
Don't touch my phone,TOOLS,3.8,21943,5000000,Free,0.0,Everyone,2016-10-19,2.3,Tools
Don't Starve: Shipwrecked,GAME,4.1,1468,10000,Paid,4.99,Teen,2018-07-10,4.9,Adventure
Ludo - Don't get angry,GAME,4.2,131,1000,Paid,1.61,Everyone,2016-02-24,23.0,Board
Jurassic Life: T Rex Simulator,FAMILY,4.2,1088,10000,Paid,0.99,Everyone 10+,2014-08-19,35.0,Simulation
T-Mobile SyncUP DRIVE,AUTO_AND_VEHICLES,4.0,1981,100000,Free,0.0,Everyone,2018-08-01,18.0,Auto & Vehicles
T-shirt design - Snaptee,LIFESTYLE,4.2,29756,1000000,Free,0.0,Everyone,2018-07-19,45.0,Lifestyle
MBTA GPS - Track the T,MAPS_AND_NAVIGATION,3.8,82,5000,Free,0.0,Everyone,2018-02-23,5.6,Maps & Navigation
T. Rowe Price Personal® App,FINANCE,4.5,1057,50000,Free,0.0,Everyone,2018-07-06,4.5,Finance
Můj T-Mobile Business,PRODUCTIVITY,3.7,10490,1000000,Free,0.0,Everyone,2018-07-24,5.8,Productivity
U by BB&T,FINANCE,4.3,16600,1000000,Free,0.0,Everyone,2018-06-19,24.0,Finance
U LIVE – Video Chat & Stream,SOCIAL,4.5,67611,1000000,Free,0.0,Mature 17+,2018-04-23,21.0,Social
"U - Webinars, Meetings & Messenger",COMMUNICATION,4.1,6601,500000,Free,0.0,Everyone,2018-07-02,31.0,Communication
Hollywood U: Rising Stars,FAMILY,4.2,233588,5000000,Free,0.0,Teen,2017-04-21,74.0,Simulation
U-Dictionary: Best English Learning Dictionary,FAMILY,4.5,166886,10000000,Free,0.0,Everyone 10+,2018-07-29,21.0,Education
Ustream,VIDEO_PLAYERS,4.0,93638,10000000,Free,0.0,Mature 17+,2018-07-11,7.3,Video Players & Editors
UC Browser Mini -Tiny Fast Private & Secure,COMMUNICATION,4.4,3648765,100000000,Free,0.0,Teen,2018-07-18,3.3,Communication
Uber,MAPS_AND_NAVIGATION,4.2,4921866,100000000,Free,0.0,Everyone,2018-08-02,,Maps & Navigation
ENCHANT U,FAMILY,4.3,83977,500000,Free,0.0,Everyone,2012-11-08,11.0,Casual
/u/app,COMMUNICATION,4.7,573,10000,Free,0.0,Mature 17+,2018-07-03,53.0,Communication
Kicker U,LIFESTYLE,4.1,124,5000,Paid,3.99,Everyone,2018-06-13,37.0,Lifestyle
U-Haul,TRAVEL_AND_LOCAL,3.2,852,100000,Free,0.0,Everyone,2018-07-31,37.0,Travel & Local
Vienna U-Bahn,MAPS_AND_NAVIGATION,3.9,139,10000,Free,0.0,Everyone,2018-07-25,2.0,Maps & Navigation
Kicker U Lite,LIFESTYLE,4.1,438,50000,Free,0.0,Everyone,2013-09-27,26.0,Lifestyle
U-Scan,TOOLS,3.4,784,50000,Free,0.0,Everyone,2016-09-29,42.0,Tools
Octo U: Your driving companion,TRAVEL_AND_LOCAL,3.0,331,50000,Free,0.0,Everyone,2018-03-13,7.8,Travel & Local
I Love U Theme&Emoji Keyboard,PERSONALIZATION,4.6,655,100000,Free,0.0,Everyone,2018-05-08,3.5,Personalization
Channel U,FAMILY,4.6,34,1000,Free,0.0,Everyone,2018-05-21,14.0,Entertainment
"Parallel U - App Cloner, Duals APP, tarallel",TOOLS,4.1,3315,500000,Free,0.0,Everyone,2018-05-15,5.1,Tools
U Pull It Auto Dismantler,BUSINESS,3.1,71,10000,Free,0.0,Everyone,2013-05-14,1.9,Business
Wii U Simulator,FAMILY,3.4,1178,100000,Free,0.0,Everyone 10+,2018-04-08,38.0,Simulation
U Camera : Phone 6s OS 9 style,PHOTOGRAPHY,4.2,2158,500000,Free,0.0,Everyone,2017-08-28,3.0,Photography
U get - Wireless Speed Test,TOOLS,4.2,26,5000,Free,0.0,Everyone,2018-06-04,2.2,Tools
U Guard,TOOLS,3.0,245,10000,Free,0.0,Everyone,2016-08-31,3.5,Tools
DRC Sim - Wii U Gamepad,FAMILY,2.4,210,10000,Free,0.0,Everyone,2017-06-25,4.0,Casual
"See U - Random video chat, video chat",SOCIAL,4.1,568,100000,Free,0.0,Mature 17+,2018-04-13,27.0,Social
[verify-U] VideoIdent,COMMUNICATION,2.9,83,10000,Free,0.0,Everyone,2018-04-26,13.0,Communication
What U See,SOCIAL,4.0,712,100000,Free,0.0,Teen,2018-03-05,21.0,Social
U Assist - Screen Mirroring & Sharing App,PRODUCTIVITY,4.0,198,50000,Free,0.0,Everyone,2017-01-26,3.5,Productivity
U+Box,PRODUCTIVITY,3.8,24517,10000000,Free,0.0,Everyone,2018-05-23,22.0,Productivity
Wi u Emulator,FAMILY,2.4,468,10000,Free,0.0,Everyone,2018-03-03,7.2,Entertainment
Waiting For U Launcher Theme,PERSONALIZATION,4.4,5599,500000,Free,0.0,Everyone,2016-07-23,4.8,Personalization
U of I Community Credit Union,FINANCE,3.7,52,5000,Free,0.0,Everyone,2018-05-04,13.0,Finance
U-Report,SOCIAL,4.3,241,10000,Free,0.0,Teen,2018-04-10,7.5,Social
"Meet U - Get Friends for Snapchat, Kik & Instagram",SOCIAL,4.6,4435,100000,Free,0.0,Mature 17+,2018-05-25,5.4,Social
U-Craft Mobile,FAMILY,4.2,11404,100000,Free,0.0,Everyone,2017-09-11,30.0,Strategy
Alarmy (Sleep If U Can) - Pro,LIFESTYLE,4.8,10249,10000,Paid,2.49,Everyone,2018-07-30,,Lifestyle
U-Disco,FAMILY,3.6,906,100000,Free,0.0,Everyone,2014-02-05,0.19140625,Entertainment
SAY-U,FAMILY,3.2,1011,100000,Free,0.0,Teen,2018-07-13,,Entertainment
Be U Salons Hair-Beauty Deals In Delhi & Bangalore,LIFESTYLE,4.0,889,100000,Free,0.0,Everyone,2018-08-02,16.0,Lifestyle
U-48 Submarine Commander Free,GAME,3.5,4575,500000,Free,0.0,Everyone,2017-10-07,3.8,Arcade
Berlin Subway – BVG U-Bahn & S-Bahn map and routes,MAPS_AND_NAVIGATION,4.4,509,100000,Free,0.0,Everyone,2018-06-06,17.0,Maps & Navigation
Remote For ATT U-verse TV - NOW FREE,TOOLS,2.5,20,5000,Free,0.0,Everyone,2018-07-25,26.0,Tools
Pocket U ASW,FAMILY,3.9,93,10000,Free,0.0,Everyone,2018-07-25,28.0,Education
V LIVE - Star Live App,FAMILY,4.4,397147,10000000,Free,0.0,Teen,2018-08-02,,Entertainment
Identity V,GAME,4.2,109263,1000000,Free,0.0,Teen,2018-07-10,38.0,Action
VMate,VIDEO_PLAYERS,4.2,192677,50000000,Free,0.0,Teen,2018-08-03,17.0,Video Players & Editors
V Made,BOOKS_AND_REFERENCE,4.3,241,100000,Free,0.0,Everyone,2018-02-13,20.0,Books & Reference
Grand Theft Auto V: The Manual,FAMILY,4.1,182103,5000000,Free,0.0,Teen,2018-07-31,6.9,Entertainment
Viber Messenger,COMMUNICATION,4.3,11335481,500000000,Free,0.0,Everyone,2018-07-18,,Communication
V for Voodoo,GAME,4.2,16876,1000000,Free,0.0,Teen,2018-06-28,59.0,Trivia
Sin City Crime Simulator V - Gangster,GAME,4.2,2113,100000,Free,0.0,Everyone 10+,2018-04-23,67.0,Action
The Gang Sniper V. Pocket Edition.,GAME,3.9,6121,500000,Free,0.0,Mature 17+,2018-06-20,61.0,Action
Vimeo,FAMILY,3.9,85578,10000000,Free,0.0,Teen,2018-08-01,,Entertainment
VLC for Android,VIDEO_PLAYERS,4.4,1031045,100000000,Free,0.0,Everyone,2018-07-30,,Video Players & Editors
All Video Downloader,VIDEO_PLAYERS,3.8,165723,10000000,Free,0.0,Everyone,2018-08-04,1.6,Video Players & Editors
"Vault-Hide SMS,Pics & Videos,App Lock,Cloud backup",BUSINESS,4.5,984451,50000000,Free,0.0,Everyone,2018-08-02,,Business
VidPlay,VIDEO_PLAYERS,4.2,3546,1000000,Free,0.0,Everyone,2018-05-27,3.7,Video Players & Editors
HD Video Downloader : 2018 Best video mate,VIDEO_PLAYERS,3.7,430643,50000000,Free,0.0,Everyone,2018-05-31,4.9,Video Players & Editors
Vigo Video,VIDEO_PLAYERS,4.3,1615418,50000000,Free,0.0,Teen,2018-08-03,,Video Players & Editors
V-CUBE Seminar Mobile,BUSINESS,4.3,542,100000,Free,0.0,Everyone,2018-04-17,30.0,Business
VivaVideo - Video Editor & Photo Movie,VIDEO_PLAYERS,4.6,9879473,100000000,Free,0.0,Teen,2018-08-04,40.0,Video Players & Editors
Mod GTA V for MCPE,FAMILY,3.3,4288,500000,Free,0.0,Everyone,2018-04-23,10.0,Entertainment
Vi Trainer,HEALTH_AND_FITNESS,3.6,124,5000,Free,0.0,Everyone,2018-08-02,100.0,Health & Fitness
San Andreas: Gang Crime V,GAME,4.1,2399,100000,Free,0.0,Mature 17+,2018-01-28,42.0,Action
The Grand Bike V,FAMILY,3.8,3478,1000000,Free,0.0,Everyone,2018-02-24,95.0,Simulation
V.360° Camera,PHOTOGRAPHY,3.3,582,100000,Free,0.0,Everyone,2015-09-11,28.0,Photography
FINAL FANTASY V,FAMILY,4.5,15924,100000,Paid,7.99,Teen,2017-03-15,4.2,Role Playing
BTS V LINE Launcher theme,PERSONALIZATION,4.8,3283,100000,Free,0.0,Everyone,2014-10-17,3.6,Personalization
"VideoShow-Video Editor, Video Maker, Beauty Camera",VIDEO_PLAYERS,4.6,4016834,100000000,Free,0.0,Everyone,2018-07-23,,Video Players & Editors
VMate Lite - Funny Short Videos Social Network,SOCIAL,4.3,903,1000000,Free,0.0,Teen,2018-08-03,4.6,Social
Mirk V Launcher Theme,PERSONALIZATION,4.5,292,10000,Free,0.0,Everyone,2017-03-15,7.9,Personalization
Mike V: Skateboard Party PRO,SPORTS,4.2,2506,50000,Paid,3.99,Everyone,2017-01-23,,Sports
The grand theft V Wallpaper,PERSONALIZATION,3.8,87,10000,Free,0.0,Everyone 10+,2018-06-05,4.3,Personalization
V Bucks ProTips New,SOCIAL,4.7,594,1000,Free,0.0,Everyone,2018-07-19,3.6,Social
Cheats for GTA V,FAMILY,4.2,450,100000,Free,0.0,Everyone,2018-07-29,5.9,Entertainment
V for Vampire - Free,FAMILY,4.3,2772,500000,Free,0.0,Teen,2014-09-20,35.0,Puzzle
Get Free V-bucks_fortnite Hints,FAMILY,4.7,1997,5000,Free,0.0,Everyone,2018-07-21,1.8,Entertainment
V BTS Wallpaper,PERSONALIZATION,4.7,127,5000,Free,0.0,Everyone,2018-05-04,9.5,Personalization
v-view,FAMILY,3.6,309,10000,Free,0.0,Everyone,2017-06-22,19.0,Entertainment
Mental Hospital V,GAME,4.2,2460,50000,Paid,0.99,Mature 17+,2016-11-19,25.0,Action
Grand Stickman Cover V,GAME,4.0,1744,100000,Free,0.0,Mature 17+,2018-05-19,37.0,Action
Cheat Codes for GTA V,FAMILY,4.3,589,100000,Free,0.0,Mature 17+,2017-09-03,3.6,Entertainment
DRAGON QUEST V,FAMILY,4.7,1667,10000,Paid,14.99,Teen,2018-08-01,17.0,Role Playing
WeChat,COMMUNICATION,4.2,5387631,100000000,Free,0.0,Everyone,2018-07-31,,Communication
Easy V-Bux free,FAMILY,4.6,856,5000,Free,0.0,Everyone,2018-07-17,2.9,Entertainment
BTS V Kim Taehyung Wallpapers Kpop HD New,PERSONALIZATION,4.8,51,5000,Free,0.0,Everyone,2018-06-10,3.4,Personalization
Wattpad 📖 Free Books,BOOKS_AND_REFERENCE,4.6,2915189,100000000,Free,0.0,Teen,2018-08-01,,Books & Reference
W Pro - Weather Forecast & Animated Weather Maps,WEATHER,3.8,11,500,Paid,1.99,Everyone,2018-04-23,2.9,Weather
"Waze - GPS, Maps, Traffic Alerts & Live Navigation",MAPS_AND_NAVIGATION,4.6,7231017,100000000,Free,0.0,Everyone,2018-07-29,,Maps & Navigation
"Dating App, Flirt & Chat : W-Match",SOCIAL,4.3,175523,10000000,Free,0.0,Mature 17+,2018-07-23,,Social
W - Weather Forecast & Animated Radar Maps,WEATHER,4.2,29,5000,Free,0.0,Everyone,2018-04-23,3.5,Weather
"WPS Office - Word, Docs, PDF, Note, Slide & Sheet",PRODUCTIVITY,4.5,1507205,100000000,Free,0.0,Everyone,2018-07-30,37.0,Productivity
W-History Standalone,SOCIAL,3.2,38,1000,Paid,0.99,Everyone,2018-03-09,1.5,Social
Words With Friends Classic,GAME,4.3,1704112,50000000,Free,0.0,Everyone,2018-07-11,,Word
Fantasy Squad W,FAMILY,4.3,2142,50000,Free,0.0,Everyone 10+,2018-04-16,47.0,Role Playing
LINE WEBTOON - Free Comics,COMICS,4.5,1013944,10000000,Free,0.0,Teen,2018-07-31,,Comics
Weather & Clock Widget for Android,WEATHER,4.4,2371543,50000000,Free,0.0,Everyone,2018-06-04,11.0,Weather
W Box VMS,VIDEO_PLAYERS,1.9,105,10000,Free,0.0,Everyone,2017-01-09,9.1,Video Players & Editors
WhatsApp Business,COMMUNICATION,4.4,137144,10000000,Free,0.0,Everyone,2018-07-30,32.0,Communication
W Box VMS HD,VIDEO_PLAYERS,2.5,24,5000,Free,0.0,Everyone,2017-01-04,16.0,Video Players & Editors
Ace Screen Recorder w facecam,TOOLS,4.2,2447,100000,Free,0.0,Everyone,2017-12-26,2.5,Tools
WIFI WPS WPA TESTER,TOOLS,4.3,352097,10000000,Free,0.0,Everyone,2018-06-12,6.7,Tools
Flashlight Free w/ compass,TOOLS,4.0,75,10000,Free,0.0,Everyone,2017-03-15,1.9,Tools
"App Lock: Locker w/ fingerprint, Parental Control",TOOLS,4.5,37607,1000000,Free,0.0,Everyone,2018-04-04,,Tools
IRS W-9 form,BUSINESS,4.8,492,10000,Free,0.0,Everyone,2018-07-26,27.0,Business
Open in WhatsApp (click to chat),TOOLS,4.2,12121,1000000,Free,0.0,Everyone,2018-08-01,0.0771484375,Tools
B & W Filter for Photo Editor Pro,PERSONALIZATION,4.7,65,5000,Free,0.0,Everyone,2018-05-02,7.6,Personalization
WowBox,LIFESTYLE,4.4,101957,5000000,Free,0.0,Everyone,2018-04-23,8.2,Lifestyle
Zaatar w Zeit,FOOD_AND_DRINK,4.4,205,50000,Free,0.0,Everyone,2018-07-01,33.0,Food & Drink
WPSApp,TOOLS,4.4,95080,10000000,Free,0.0,Everyone,2018-08-03,3.1,Tools
WhatsCall Free Global Phone Call App & Cheap Calls,COMMUNICATION,4.6,1130966,10000000,Free,0.0,Everyone,2018-06-06,27.0,Communication
Dictionary - WordWeb,BOOKS_AND_REFERENCE,4.6,124970,5000000,Free,0.0,Teen,2018-05-26,,Books & Reference
Profile w/o crop for Telegram,PHOTOGRAPHY,4.2,348,10000,Free,0.0,Everyone,2014-04-11,1.5,Photography
We Heart It,SOCIAL,4.5,637254,10000000,Free,0.0,Teen,2018-07-18,,Social
weather HD,PERSONALIZATION,4.0,1546,10000,Paid,1.99,Everyone,2014-02-26,4.5,Personalization
TripAdvisor Hotels Flights Restaurants Attractions,TRAVEL_AND_LOCAL,4.4,1162331,100000000,Free,0.0,Everyone,2018-08-04,,Travel & Local
Draw Something Classic,GAME,4.2,1092106,50000000,Free,0.0,Everyone,2018-07-28,43.0,Word
X-VPN - Free Unlimited VPN Proxy,TOOLS,4.5,40617,5000000,Free,0.0,Everyone,2018-07-31,21.0,Tools
Telegram X,SOCIAL,4.6,70449,5000000,Free,0.0,Teen,2018-07-27,,Social
Share Music & Transfer Files - Xender,TOOLS,4.4,1279109,100000000,Free,0.0,Everyone,2018-07-20,,Tools
X Launcher: With OS11 Style Theme & Control Center,ART_AND_DESIGN,4.7,5754,100000,Free,0.0,Everyone,2018-07-30,4.4,Art & Design
"Phone X Launcher, OS 11 iLauncher & Control Center",TOOLS,4.2,54063,5000000,Free,0.0,Everyone,2018-06-01,16.0,Tools
Lock Screen Phone X Style OS 11,TOOLS,4.4,1166,100000,Free,0.0,Everyone,2018-03-26,13.0,Tools
Nose Doctor X: Booger Mania,FAMILY,3.2,37584,5000000,Free,0.0,Everyone,2016-08-31,34.0,Casual
Control Center iOS 11 - Phone X Control Panel,TOOLS,4.1,1925,100000,Free,0.0,Everyone,2017-11-15,8.3,Tools
X Browser,COMMUNICATION,4.0,142,50000,Free,0.0,Everyone,2017-12-31,2.5,Communication
"X Launcher Pro: PhoneX Theme, OS11 Control Center",ART_AND_DESIGN,4.7,801,5000,Paid,1.99,Everyone,2018-07-30,3.5,Art & Design
X-plore File Manager,TOOLS,4.6,168487,10000000,Free,0.0,Everyone,2018-06-26,6.4,Tools
Flashlight X,TOOLS,4.6,20418,1000000,Free,0.0,Everyone,2018-04-08,4.3,Tools
iSwipe Phone X,TOOLS,4.7,58366,1000000,Free,0.0,Everyone,2017-12-07,6.3,Tools
X Launcher Pro - IOS Style Theme & Control Center,ART_AND_DESIGN,4.8,1216,10000,Paid,1.99,Everyone,2018-06-26,8.6,Art & Design
X Home Bar - Free,TOOLS,4.6,4210,100000,Free,0.0,Everyone,2018-06-18,1.9,Tools
[ROOT] X Privacy Installer,TOOLS,4.2,12147,1000000,Free,0.0,Everyone,2015-01-25,0.115234375,Tools
Extreme X Ray Robot Stunts,GAME,4.3,10806,5000000,Free,0.0,Everyone,2017-05-09,49.0,Racing
Xray Scanner Prank,FAMILY,3.3,355837,10000000,Free,0.0,Everyone,2016-12-07,3.7,Entertainment
X Launcher Prime: With OS Style Theme & No Ads,ART_AND_DESIGN,4.7,149,1000,Paid,1.99,Everyone,2018-07-30,3.5,Art & Design
The X-Files: Deep State - Hidden Object Adventure,FAMILY,4.5,22018,500000,Free,0.0,Teen,2018-07-18,53.0,Casual
Theme for Iphone X Plus,PERSONALIZATION,4.0,126,10000,Free,0.0,Everyone,2017-10-19,8.0,Personalization
Casino X - Free Online Slots,GAME,4.5,30515,1000000,Free,0.0,Teen,2018-05-22,,Casino
X-WOLF,GAME,4.2,4878,100000,Free,0.0,Everyone 10+,2018-02-02,27.0,Adventure
Light X - Icon Pack,PERSONALIZATION,4.6,252,10000,Paid,0.99,Everyone,2018-06-13,24.0,Personalization
X-Plane 10 Flight Simulator,FAMILY,4.2,63197,1000000,Free,0.0,Everyone,2018-06-27,11.0,Simulation
Anime X Wallpaper,PERSONALIZATION,4.7,32613,1000000,Free,0.0,Everyone,2018-05-31,3.2,Personalization
NEW Theme for Phone X,PERSONALIZATION,4.7,8642,500000,Free,0.0,Everyone,2018-05-22,3.7,Personalization
X-Plane to GPS,TOOLS,4.2,161,5000,Paid,0.99,Everyone,2018-03-04,1.2,Tools
Control Center iOS 11 - Phone X notifications,TOOLS,4.3,514,50000,Free,0.0,Everyone,2018-02-12,8.4,Tools
iLocker X - iOS11 Lockscreen with HD Wallpapers,PERSONALIZATION,4.3,1714,100000,Free,0.0,Everyone,2018-06-19,31.0,Personalization
Hero Fighter X,GAME,4.5,24210,500000,Free,0.0,Teen,2015-11-13,45.0,Action
Slendrina X,GAME,4.4,12736,1000000,Free,0.0,Teen,2017-12-18,56.0,Arcade
X Back - Icon Pack,PERSONALIZATION,4.5,56,10000,Paid,0.99,Everyone,2018-06-29,26.0,Personalization
Guide (for X-MEN),BOOKS_AND_REFERENCE,4.6,586,100000,Free,0.0,Everyone,2017-05-08,17.0,Books & Reference
"Decibel X PRO - Sound Meter dBA, Noise Detector",TOOLS,4.3,60,1000,Paid,3.99,Everyone,2018-07-11,6.9,Tools
Flight Simulator X 2016 Free,FAMILY,3.8,44636,1000000,Free,0.0,Everyone,2017-01-23,,Simulation
Robocar X Ray,GAME,4.5,3432,1000000,Free,0.0,Mature 17+,2017-01-23,99.0,Action
Space X: Sky Wars of Air Force,GAME,4.5,10748,1000000,Free,0.0,Everyone,2018-08-04,47.0,Arcade
OS-X EMUI 4/5/8 THEME,PERSONALIZATION,3.9,916,100000,Free,0.0,Everyone,2018-02-05,36.0,Personalization
Flexiroam X,TRAVEL_AND_LOCAL,4.0,875,100000,Free,0.0,Everyone,2018-08-03,21.0,Travel & Local
X-ray scanner simulator,FAMILY,2.7,1616,500000,Free,0.0,Everyone,2017-01-08,3.0,Casual
X Construction,FAMILY,4.5,18612,100000,Paid,1.49,Everyone,2015-07-28,8.5,Puzzle
X Home Bar - Home Bar Gesture Pro,TOOLS,4.0,88,10000,Paid,1.99,Everyone,2018-07-02,2.0,Tools
PLAYBULB X,LIFESTYLE,2.9,2160,100000,Free,0.0,Everyone,2018-06-25,15.0,Lifestyle
X-Wing Squadron Builder,FAMILY,4.6,5898,100000,Free,0.0,Everyone,2017-08-01,50.0,Entertainment
YouTube TV - Watch & Record Live TV,FAMILY,4.4,38517,1000000,Free,0.0,Teen,2018-08-02,17.0,Entertainment
Yandex Browser with Protect,PERSONALIZATION,4.5,1235841,50000000,Free,0.0,Everyone,2018-07-18,,Personalization
JW Caleb y Sofia,FAMILY,4.6,5227,500000,Free,0.0,Everyone,2015-11-20,1.9,Education
Boomerang Make and Race,FAMILY,4.4,281448,10000000,Free,0.0,Everyone,2018-06-01,70.0,Racing
YouTube Studio,VIDEO_PLAYERS,4.3,436170,10000000,Free,0.0,Teen,2018-06-28,,Video Players & Editors
Talking Tom & Ben News,FAMILY,4.4,1131937,100000000,Free,0.0,Everyone,2018-04-30,41.0,Entertainment
Vegas Crime Simulator,FAMILY,4.2,721646,50000000,Free,0.0,Teen,2018-08-02,99.0,Simulation
PewDiePie's Tuber Simulator,FAMILY,4.8,1499466,10000000,Free,0.0,Teen,2018-07-24,96.0,Casual
Yahoo Mail – Stay Organized,COMMUNICATION,4.3,4188345,100000000,Free,0.0,Everyone,2018-07-18,16.0,Communication
Real Gangster Crime,GAME,4.3,285814,10000000,Free,0.0,Teen,2018-06-26,84.0,Action
Antivirus & Mobile Security,TOOLS,4.6,351267,10000000,Free,0.0,Everyone,2018-02-09,5.0,Tools
Flashlight Ultimate,TOOLS,4.6,16936,1000000,Free,0.0,Everyone,2018-01-25,5.0,Tools
PBS KIDS Video,FAMILY,4.2,36214,5000000,Free,0.0,Everyone,2018-07-12,,Education
YouTube Gaming,FAMILY,4.2,130549,5000000,Free,0.0,Teen,2018-06-27,,Entertainment
Gangster Town,GAME,4.1,74842,5000000,Free,0.0,Teen,2016-12-22,99.0,Action
Rope Hero 3,GAME,4.4,45871,5000000,Free,0.0,Teen,2017-05-08,99.0,Action
Avast Mobile Security 2018 - Antivirus & App Lock,TOOLS,4.5,5180480,100000000,Free,0.0,Everyone,2018-08-01,26.0,Tools
"GO Keyboard - Emoticon keyboard, Free Theme, GIF",PERSONALIZATION,4.4,2591610,100000000,Free,0.0,Everyone,2018-07-20,,Personalization
NQ Mobile Security & Antivirus,PRODUCTIVITY,4.4,427185,10000000,Free,0.0,Teen,2018-06-08,,Productivity
yHomework - Math Solver,FAMILY,4.2,50771,1000000,Free,0.0,Everyone,2016-05-12,,Education
GO Launcher - 3D parallax Themes & HD Wallpapers,PERSONALIZATION,4.5,7464996,100000000,Free,0.0,Everyone,2018-08-03,,Personalization
Z Origins - (Z The Game),FAMILY,4.6,4421,50000,Paid,2.99,Teen,2014-11-05,37.0,Strategy
ZArchiver,TOOLS,4.5,337242,10000000,Free,0.0,Everyone,2018-02-16,,Tools
"Zapya - File Transfer, Sharing",TOOLS,4.6,387958,10000000,Free,0.0,Teen,2018-07-16,9.0,Tools
Experiment Z - Zombie,GAME,4.0,229329,10000000,Free,0.0,Mature 17+,2017-12-04,88.0,Action
War Z 2,FAMILY,4.5,97071,5000000,Free,0.0,Teen,2018-04-03,87.0,Strategy
Last Empire - War Z: Strategy,FAMILY,4.2,853495,50000000,Free,0.0,Teen,2018-08-02,78.0,Strategy
Z Day: Hearts of Heroes,FAMILY,3.9,5894,1000000,Free,0.0,Everyone 10+,2018-07-11,67.0,Strategy
Z Champions,GAME,4.7,96028,1000000,Free,0.0,Teen,2018-05-28,59.0,Arcade
Zello PTT Walkie Talkie,SOCIAL,4.4,695576,50000000,Free,0.0,Everyone,2018-08-02,,Social
CPU-Z,TOOLS,4.5,295430,10000000,Free,0.0,Everyone,2018-04-17,1.4,Tools
WithstandZ - Zombie Survival!,GAME,4.3,121612,1000000,Free,0.0,Teen,2017-12-28,59.0,Action
"Z Camera - Photo Editor, Beauty Selfie, Collage",PHOTOGRAPHY,4.4,1075016,100000000,Free,0.0,Mature 17+,2018-08-03,47.0,Photography
Empire Z: Endless War,FAMILY,4.2,367951,5000000,Free,0.0,Teen,2018-07-16,76.0,Strategy
Zombie War Z : Hero Survival Rules,GAME,3.9,1987,100000,Free,0.0,Mature 17+,2017-12-13,62.0,Action
DRAGON BALL Z DOKKAN BATTLE,GAME,4.1,650114,10000000,Free,0.0,Teen,2018-07-03,80.0,Action
Moto Z Market,TOOLS,2.2,605,1000000,Free,0.0,Everyone,2017-12-18,3.8,Tools
Cube Z (Pixel Zombies),GAME,4.2,41444,1000000,Free,0.0,Teen,2016-07-31,56.0,Action
Z War-Zombie Modern Combat,FAMILY,4.2,62301,5000000,Free,0.0,Teen,2018-08-01,72.0,Strategy
Z App,LIFESTYLE,2.8,405,50000,Free,0.0,Everyone,2018-06-22,25.0,Lifestyle
GALAK-Z: Variant Mobile,GAME,3.9,145,10000,Free,0.0,Everyone,2018-07-30,79.0,Action
Z City,FAMILY,4.3,3976,100000,Free,0.0,Teen,2018-01-29,98.0,Strategy
Space Z 🌏 🚀Icon Pack Theme,PERSONALIZATION,4.8,201,1000,Paid,1.49,Everyone,2018-08-04,68.0,Personalization
Reload: The Z-Team,GAME,4.3,1655,100000,Free,0.0,Everyone 10+,2018-02-28,91.0,Action
Rage Z: Multiplayer Zombie FPS Online Shooter,GAME,4.1,11258,500000,Free,0.0,Mature 17+,2016-12-08,44.0,Action
Pixel Z Gunner 3D - Battle Survival Fps,GAME,4.2,11408,1000000,Free,0.0,Teen,2018-07-06,96.0,Action
Saiyan Z: Super SSJ Ultimate Combat,GAME,4.4,306,10000,Free,0.0,Everyone,2018-04-18,61.0,Adventure
Mini DAYZ: Zombie Survival,GAME,4.1,94661,1000000,Free,0.0,Teen,2018-06-08,,Action
Z-Empire: Dead Strike,FAMILY,4.6,99,10000,Free,0.0,Teen,2018-06-08,19.0,Strategy
Free Z Glass GO Keyboard Theme,PERSONALIZATION,4.3,71829,5000000,Free,0.0,Everyone,2017-06-30,8.8,Personalization
Zombie Avengers:(Dreamsky)Stickman War Z,GAME,4.3,13604,1000000,Paid,0.99,Teen,2018-06-26,96.0,Action
Z Camera,PHOTOGRAPHY,3.8,142,10000,Free,0.0,Everyone,2016-04-08,7.7,Photography
ZArchiver Donate,TOOLS,4.8,1721,10000,Paid,2.5,Everyone,2018-02-16,,Tools
GO SMS Pro Z Glass Theme EX,PERSONALIZATION,3.8,24198,1000000,Free,0.0,Everyone,2014-07-10,2.2,Personalization
Route Z,GAME,3.9,24697,500000,Free,0.0,Teen,2015-07-10,16.0,Action
Dragon X Adventure: Warrior Z,GAME,4.3,8537,100000,Free,0.0,Everyone 10+,2015-11-03,29.0,Action
Ultimate Fighter Z,GAME,4.3,180,5000,Free,0.0,Everyone,2018-07-16,24.0,Action
Theme eXp - Black Z Light,PERSONALIZATION,4.3,29540,1000000,Free,0.0,Everyone,2016-06-15,4.3,Personalization
Toy Battle Z,FAMILY,4.1,133,10000,Free,0.0,Everyone,2018-07-23,48.0,Casual
Wave Z Live Wallpaper,PERSONALIZATION,4.2,63699,5000000,Free,0.0,Teen,2015-09-21,2.3,Personalization
Six Pack in 30 Days - Abs Workout,HEALTH_AND_FITNESS,4.9,272172,10000000,Free,0.0,Everyone,2018-06-21,13.0,Health & Fitness
30 Day Ab Challenge,HEALTH_AND_FITNESS,4.5,1886,500000,Free,0.0,Everyone,2016-06-21,7.6,Health & Fitness
Angry Birds Blast,FAMILY,4.6,253115,10000000,Free,0.0,Everyone,2018-07-27,99.0,Puzzle
ab,FAMILY,3.8,10,1000,Free,0.0,Everyone,2016-10-27,22.0,Casual
Ultimate Ab & Core Workouts,HEALTH_AND_FITNESS,4.7,55571,1000000,Free,0.0,Everyone,2018-02-21,12.0,Health & Fitness
Angry Birds Evolution,FAMILY,4.5,384602,10000000,Free,0.0,Everyone,2018-07-30,88.0,Role Playing
Angry Birds Match,FAMILY,4.7,227401,5000000,Free,0.0,Everyone,2018-07-19,91.0,Puzzle
Angry Birds POP Bubble Shooter,FAMILY,4.5,596628,10000000,Free,0.0,Everyone,2018-08-02,99.0,Casual
Abs Workout - Burn Belly Fat with No Equipment,HEALTH_AND_FITNESS,4.8,69279,10000000,Free,0.0,Everyone,2018-07-23,10.0,Health & Fitness
6 Pack Promise - Ultimate Abs,HEALTH_AND_FITNESS,4.6,18921,1000000,Free,0.0,Everyone,2018-08-04,,Health & Fitness
Angry Birds 2,FAMILY,4.6,3881752,100000000,Free,0.0,Everyone,2018-07-26,57.0,Casual
AB Repeat Player,VIDEO_PLAYERS,4.3,1628,100000,Free,0.0,Everyone,2018-03-06,18.0,Video Players & Editors
"Abs, Core & Back Workout Challenge",HEALTH_AND_FITNESS,4.8,3908,100000,Free,0.0,Everyone,2018-07-09,33.0,Health & Fitness
AB Mobile App,HEALTH_AND_FITNESS,3.4,2105,100000,Free,0.0,Everyone,2017-08-21,8.2,Health & Fitness
Daily Ab Workout,HEALTH_AND_FITNESS,4.6,2901,50000,Paid,1.99,Everyone,2018-06-14,,Health & Fitness
Angry Birds Rio,GAME,4.4,2610328,100000000,Free,0.0,Everyone,2018-07-03,46.0,Arcade
Angry Birds Epic RPG,FAMILY,4.5,2634605,10000000,Free,0.0,Everyone,2018-07-18,63.0,Role Playing
A-B repeater,VIDEO_PLAYERS,4.4,32,5000,Free,0.0,Everyone,2018-05-18,0.2333984375,Video Players & Editors
Daily Ab Workout - Core & Abs Fitness Exercises,HEALTH_AND_FITNESS,4.4,44939,10000000,Free,0.0,Everyone,2018-06-14,,Health & Fitness
Abs workout 7 minutes,HEALTH_AND_FITNESS,4.6,37224,1000000,Free,0.0,Everyone,2018-06-13,,Health & Fitness
Angry Birds Friends,GAME,4.2,829753,50000000,Free,0.0,Everyone,2018-06-19,48.0,Arcade
30 Day Ab Challenge FREE,HEALTH_AND_FITNESS,4.3,48253,1000000,Free,0.0,Everyone,2017-12-13,,Health & Fitness
AB Blast Match 3,FAMILY,4.3,111,10000,Free,0.0,Everyone,2018-06-19,48.0,Puzzle
AB Click2Shop,SHOPPING,3.8,454,100000,Free,0.0,Everyone,2018-06-26,18.0,Shopping
Math games for kids : times tables - AB Math,FAMILY,3.9,2371,500000,Free,0.0,Everyone,2018-07-27,8.3,Educational
AB Crush Match 3,FAMILY,4.3,96,10000,Free,0.0,Everyone,2017-02-23,54.0,Casual
"ABS Workout - Belly workout, 30 days AB",HEALTH_AND_FITNESS,4.8,5103,100000,Free,0.0,Everyone,2018-07-13,,Health & Fitness
AB Match,FAMILY,4.2,9,1000,Free,0.0,Everyone,2018-05-19,30.0,Casual
Math games for kids : times tables training,FAMILY,4.5,630,10000,Paid,1.59,Everyone,2018-07-27,8.3,Educational
7 minute abs workout - Daily Ab Workout,HEALTH_AND_FITNESS,4.8,527,100000,Free,0.0,Everyone,2018-03-30,23.0,Health & Fitness
5 Minute Ab Workouts,HEALTH_AND_FITNESS,4.6,2067,50000,Free,0.0,Everyone,2018-05-18,8.4,Health & Fitness
Angry Birds Go!,GAME,4.2,3846378,50000000,Free,0.0,Everyone,2018-05-30,82.0,Racing
AB Screen Recorder,TOOLS,4.2,533,10000,Free,0.0,Everyone,2017-10-02,5.0,Tools
Six Pack Abs Photo Editor,PHOTOGRAPHY,4.0,5967,1000000,Free,0.0,Everyone,2017-02-02,17.0,Photography
Angry Birds Star Wars,GAME,4.3,1218055,100000000,Free,0.0,Everyone,2018-05-25,45.0,Arcade
30 Day AB Challenge - Lumowell,HEALTH_AND_FITNESS,4.8,793,10000,Free,0.0,Everyone,2016-09-15,40.0,Health & Fitness
Ab Workouts,HEALTH_AND_FITNESS,4.1,27501,1000000,Free,0.0,Everyone,2018-01-05,7.0,Health & Fitness
Ab Workouts - Ab Generator,HEALTH_AND_FITNESS,4.7,21,1000,Free,0.0,Everyone,2016-12-31,3.8,Health & Fitness
Abs workout - 21 Day Fitness Challenge,HEALTH_AND_FITNESS,4.8,18604,1000000,Free,0.0,Everyone,2018-05-02,15.0,Health & Fitness
Ladies' Ab Workout FREE,HEALTH_AND_FITNESS,4.0,12906,1000000,Free,0.0,Everyone,2012-10-08,8.5,Health & Fitness
30-Day Ab Challenge Tracker,HEALTH_AND_FITNESS,3.5,224,10000,Free,0.0,Everyone,2014-07-09,0.3623046875,Health & Fitness
Universal AC Remote Control,TOOLS,3.8,40934,1000000,Free,0.0,Everyone,2018-07-28,5.2,Tools
AC Freedom,BUSINESS,3.5,537,100000,Free,0.0,Everyone,2018-05-25,,Business
Smart Air Conditioner,TOOLS,3.3,4786,500000,Free,0.0,Everyone,2018-05-24,13.0,Tools
Assassin's Creed Identity,GAME,3.7,42529,500000,Paid,1.99,Teen,2016-11-23,92.0,Action
AC Remote Control,TOOLS,3.3,472,100000,Free,0.0,Everyone,2017-10-17,2.0,Tools
Air conditioner remote control,TOOLS,3.4,29854,1000000,Free,0.0,Everyone,2017-07-19,5.0,Tools
Smart-AC Universal Remote Free,FAMILY,1.8,3270,500000,Free,0.0,Everyone,2015-08-18,1.8,Entertainment
AC REMOTE UNIVERSAL-PRO,FAMILY,1.6,402,100000,Free,0.0,Everyone,2015-12-11,1.7,Entertainment
Kenmore Smart AC,LIFESTYLE,1.9,71,5000,Free,0.0,Everyone,2017-05-08,24.0,Lifestyle
AC WIFI,TOOLS,3.6,41,10000,Free,0.0,Everyone,2018-06-03,23.0,Tools
A/C Air Conditioner Remote,TOOLS,3.4,7816,1000000,Free,0.0,Everyone,2016-07-30,5.1,Tools
Smart Air Conditioner(CAC),TOOLS,3.2,409,50000,Free,0.0,Everyone,2018-05-25,7.9,Tools
Carrier Air Conditioner,TOOLS,2.5,362,100000,Free,0.0,Everyone,2018-01-15,7.8,Tools
AC Troubleshooter,TOOLS,4.7,147,10000,Free,0.0,Everyone,2015-01-08,4.2,Tools
TOSHIBA Smart AC,TOOLS,2.6,60,10000,Free,0.0,Everyone,2018-08-04,18.0,Tools
Trane Interactive Smart AC,TOOLS,2.8,48,10000,Free,0.0,Everyone,2016-04-21,3.3,Tools
AC remote control mobile,TOOLS,3.9,3043,100000,Free,0.0,Everyone,2017-06-02,7.7,Tools
"AC Air condition Troubleshoot,Repair,Maintenance",BOOKS_AND_REFERENCE,4.2,27,5000,Free,0.0,Everyone,2018-02-07,3.1,Books & Reference
AC Remote for Haier - NOW FREE,TOOLS,3.9,336,50000,Free,0.0,Everyone,2018-07-30,27.0,Tools
Air Conditioner Maintenance,PRODUCTIVITY,4.0,11,5000,Free,0.0,Everyone,2015-11-27,0.21484375,Productivity
AC Remote for Daikin - NOW FREE,TOOLS,3.5,383,50000,Free,0.0,Everyone,2018-07-30,26.0,Tools
A/C Universal Remote Control,TOOLS,3.1,3263,1000000,Free,0.0,Everyone,2017-05-16,3.0,Tools
AC Remote for LG - NOW FREE,TOOLS,3.7,1041,100000,Free,0.0,Everyone,2018-07-30,28.0,Tools
Plug-in app (System AC),TOOLS,3.6,126,10000,Free,0.0,Everyone,2017-06-08,11.0,Tools
LG AC Smart Diagnosis,LIFESTYLE,3.4,377,100000,Free,0.0,Everyone,2017-03-21,6.1,Lifestyle
AC Remote for Midea - NOW FREE,TOOLS,4.0,448,100000,Free,0.0,Everyone,2018-07-30,26.0,Tools
Ac remote control,TOOLS,3.7,822,50000,Free,0.0,Everyone,2017-02-27,5.0,Tools
A/C REFRIGERANT CAPACITY,BUSINESS,1.7,84,10000,Free,0.0,Everyone,2014-10-28,2.1,Business
Remote Control For All AC - Universal Remote,PRODUCTIVITY,2.4,166,10000,Free,0.0,Everyone,2018-07-28,6.1,Productivity
All Type Ac Repair & Services,LIFESTYLE,4.3,45,10000,Free,0.0,Everyone,2017-12-26,2.2,Lifestyle
AC - Tips & News for Android™,NEWS_AND_MAGAZINES,4.2,23291,1000000,Free,0.0,Everyone 10+,2018-05-24,14.0,News & Magazines
AC Remote Control Simulator,FAMILY,3.3,353,100000,Free,0.0,Everyone,2017-12-04,2.3,Entertainment
"Mi Remote controller - for TV, STB, AC and more",TOOLS,4.1,114340,10000000,Free,0.0,Everyone,2018-08-01,28.0,Tools
AcDisplay,PERSONALIZATION,4.1,66473,1000000,Free,0.0,Everyone,2015-07-30,3.0,Personalization
AC Mobile Control,HOUSE_AND_HOME,3.4,1450,100000,Free,0.0,Everyone,2013-11-05,9.7,House & Home
AC Remote For LG,TOOLS,3.0,1298,100000,Free,0.0,Everyone,2018-02-20,3.4,Tools
Universal AC Remote Control Simulator,FAMILY,3.0,119,50000,Free,0.0,Everyone,2017-12-22,3.9,Entertainment
Hi-Smart AC,TOOLS,2.2,32,1000,Free,0.0,Everyone,2018-04-03,9.4,Tools
AC Remote for Sharp - NOW FREE,TOOLS,3.7,332,50000,Free,0.0,Everyone,2018-07-30,26.0,Tools
AC Remote for Samsung - NOW FREE,TOOLS,3.7,566,100000,Free,0.0,Everyone,2018-07-30,27.0,Tools
Pocket AC,PHOTOGRAPHY,4.8,130,1000,Paid,9.99,Everyone,2018-06-27,4.4,Photography
AC Remote for Carrier - NOW FREE,TOOLS,3.7,163,10000,Free,0.0,Everyone,2018-07-30,26.0,Tools
"AC & TV, DVD, Set Top Box - Remote control IR",TOOLS,3.6,3632,1000000,Free,0.0,Everyone,2017-11-13,3.2,Tools
ac remote control,TOOLS,3.7,9514,500000,Free,0.0,Everyone,2018-07-11,7.0,Tools
Free Adblocker Browser - Adblock & Popup Blocker,COMMUNICATION,4.4,152470,10000000,Free,0.0,Everyone,2018-07-19,,Communication
Ad Detect Plugin - Handy Tool,PRODUCTIVITY,3.8,5107,500000,Free,0.0,Everyone,2015-12-28,1.4,Productivity
AppBrain Ad Detector,TOOLS,3.7,9221,1000000,Free,0.0,Everyone,2018-04-12,1.7,Tools
"AD - Nieuws, Sport, Regio & Entertainment",NEWS_AND_MAGAZINES,3.7,10369,1000000,Free,0.0,Everyone,2018-07-28,,News & Magazines
Flud (Ad free),VIDEO_PLAYERS,4.8,5639,10000,Paid,1.49,Everyone,2017-09-07,,Video Players & Editors
AdClear Ad blocker for Samsung,TOOLS,4.2,1586,500000,Free,0.0,Everyone,2017-09-07,1.5,Tools
Adblock Browser for Android,COMMUNICATION,4.1,121113,10000000,Free,0.0,Everyone,2018-07-11,39.0,Communication
"CM Browser - Ad Blocker , Fast Download , Privacy",COMMUNICATION,4.6,2265084,50000000,Free,0.0,Everyone,2018-07-31,6.1,Communication
Adguard Content Blocker,TOOLS,4.1,14491,1000000,Free,0.0,Everyone,2018-02-26,4.3,Tools
tTorrent - ad free,VIDEO_PLAYERS,4.3,2976,10000,Paid,1.99,Everyone,2018-06-15,,Video Players & Editors
cronometer (ad free),HEALTH_AND_FITNESS,3.9,1075,50000,Paid,2.99,Everyone,2018-07-13,8.3,Health & Fitness
Ad Detector,TOOLS,3.8,208,50000,Free,0.0,Everyone,2014-07-28,0.712890625,Tools
Adblock Plus for Samsung Internet - Browse safe.,COMMUNICATION,4.0,8769,1000000,Free,0.0,Everyone,2018-04-05,2.1,Communication
MyRadar NOAA Weather Radar Ad Free,WEATHER,4.5,3005,10000,Paid,2.99,Everyone,2018-08-04,26.0,Weather
Safe Notes - Secure Ad-free notepad,PRODUCTIVITY,4.6,3362,50000,Free,0.0,Everyone,2017-11-21,0.73828125,Productivity
Adblock Fast,PRODUCTIVITY,4.1,9914,1000000,Free,0.0,Everyone,2017-05-17,3.2,Productivity
FVD Ad-Free,TOOLS,4.4,1774,10000,Paid,1.99,Everyone,2017-10-05,4.1,Tools
2000 AD Comics and Judge Dredd,COMICS,3.7,705,50000,Free,0.0,Teen,2018-07-19,20.0,Comics
Anti Adware,TOOLS,3.9,18751,1000000,Free,0.0,Everyone,2018-06-19,3.6,Tools
Ad Blocker Turbo - Adblocker Browser,COMMUNICATION,3.9,107,10000,Free,0.0,Everyone,2018-01-29,44.0,Communication
Weather & Radar Pro - Ad-Free,WEATHER,4.5,25243,100000,Paid,2.99,Everyone,2018-08-01,26.0,Weather
ONScripter Plus (Ad Free),GAME,4.5,100,1000,Paid,3.99,Everyone,2016-04-07,17.0,Adventure
Vpn Hosts (ad blocker & no root & support ipv6 ),TOOLS,4.4,319,10000,Paid,2.99,Everyone,2018-07-03,1.1,Tools
Google AdSense,PRODUCTIVITY,4.3,52677,1000000,Free,0.0,Everyone,2017-12-13,2.9,Productivity
Ad-free Triangle Solver,FAMILY,4.5,118,10000,Free,0.0,Everyone,2015-08-20,24.0,Education
Ez Screen Recorder (no ad),VIDEO_PLAYERS,4.7,8696,100000,Free,0.0,Everyone,2018-06-03,14.0,Video Players & Editors
Best Applock - Locker & No Ads,PRODUCTIVITY,4.7,10672,100000,Free,0.0,Everyone,2018-06-23,6.9,Productivity
Local Services ads by Google,BUSINESS,4.1,7,1000,Free,0.0,Everyone,2018-07-17,12.0,Business
Ad Block REMOVER - NEED ROOT,TOOLS,3.3,999,100000,Free,0.0,Everyone,2013-12-17,0.0888671875,Tools
WhatsFake Pro (Ad free),SOCIAL,4.2,204,5000,Paid,0.99,Everyone,2017-09-25,9.4,Social
Photo Compress 2.0 - Ad Free,TOOLS,4.1,6267,1000000,Free,0.0,Everyone,2016-05-07,1.7,Tools
Ad Removal: thereisonlywe,PRODUCTIVITY,3.4,16,100,Paid,6.49,Everyone,2014-05-03,0.2861328125,Productivity
Brave Browser: Fast AdBlocker,COMMUNICATION,4.3,40241,5000000,Free,0.0,Everyone,2018-06-30,,Communication
Solitaire: Decked Out Ad Free,GAME,4.9,37302,500000,Free,0.0,Everyone,2017-05-08,35.0,Card
"WeatherClear - Ad-free Weather, Minute forecast",WEATHER,4.5,3252,50000,Free,0.0,Everyone,2017-06-25,3.8,Weather
Ad Remove Plugin for App2SD,PRODUCTIVITY,4.1,66,1000,Paid,1.29,Everyone,2013-09-25,0.0166015625,Productivity
"Digital Clock : Simple, Tiny, Ad-free Desk Clock.",LIFESTYLE,4.4,317,50000,Free,0.0,Everyone,2016-12-21,0.072265625,Lifestyle
Google Ads,BUSINESS,4.3,29331,5000000,Free,0.0,Everyone,2018-07-30,20.0,Business
RAM Cleanup Ad-Free Option,TOOLS,4.4,457,10000,Paid,2.99,Everyone,2016-07-26,1.1,Tools
Emo Ads Blocker Browser,TOOLS,3.4,1555,100000,Free,0.0,Everyone,2015-09-17,4.1,Tools
Bing Ads,BUSINESS,4.1,1828,100000,Free,0.0,Everyone,2018-07-20,13.0,Business
My baby firework (Remove ad),FAMILY,4.1,30,1000,Paid,0.99,Everyone,2013-04-25,0.013671875,Entertainment
Apps Ads Detector,TOOLS,3.5,315,100000,Free,0.0,Everyone,2018-02-19,8.3,Tools
TIMBER AD FILTER - Very useful ad block app,PRODUCTIVITY,3.8,1343,100000,Free,0.0,Everyone,2018-03-12,9.0,Productivity
Alchemy Classic Ad Free,FAMILY,4.6,20178,100000,Free,0.0,Everyone,2014-05-26,9.0,Puzzle
Mobi Calculator free & AD free!,TOOLS,4.6,77302,5000000,Free,0.0,Everyone,2018-01-09,,Tools
Easy Hotspot Ad Free,TOOLS,5.0,2,10,Paid,0.99,Everyone,2018-07-26,3.3,Tools
Flipp - Weekly Shopping,SHOPPING,4.6,85782,10000000,Free,0.0,Everyone,2018-07-30,,Shopping
"AE + Aerie: Jeans, Dresses, Swimsuits & Bralettes",SHOPPING,4.2,20476,1000000,Free,0.0,Everyone,2018-07-17,28.0,Shopping
A&E - Watch Full Episodes of TV Shows,FAMILY,4.0,29708,1000000,Free,0.0,Teen,2018-07-16,19.0,Entertainment
Adobe Premiere Clip,VIDEO_PLAYERS,3.9,39495,5000000,Free,0.0,Everyone,2018-06-26,59.0,Video Players & Editors
Shortcuts for After Effects,FAMILY,3.7,464,50000,Free,0.0,Everyone,2014-08-09,1.9,Education
AE Sudoku,FAMILY,4.3,2171,100000,Free,0.0,Everyone,2015-07-29,12.0,Puzzle
ESS Mobile for AE,PRODUCTIVITY,1.9,63,5000,Free,0.0,Everyone,2016-09-27,1.8,Productivity
AE Jewels 2: Island Adventures,GAME,4.2,652,10000,Free,0.0,Everyone,2016-02-24,30.0,Action
AE Bubble:Offline Bubble Games,FAMILY,4.2,6973,100000,Free,0.0,Everyone,2017-10-20,,Casual
AE Basketball,SPORTS,4.0,8100,1000000,Free,0.0,Everyone,2013-11-20,,Sports
AE Bingo: Offline Bingo Games,GAME,4.4,61746,500000,Free,0.0,Teen,2016-09-30,,Casino
AE Jewels,GAME,4.2,960,50000,Free,0.0,Everyone,2015-08-20,18.0,Action
AE Spider Solitaire,GAME,4.5,17263,500000,Free,0.0,Everyone,2017-06-07,,Card
AE Coin Mania : Arcade Fun,GAME,4.3,30002,1000000,Free,0.0,Teen,2018-02-08,29.0,Casino
AE Roundy POP,FAMILY,4.4,5262,100000,Free,0.0,Everyone,2016-03-23,26.0,Casual
Mupen64+AE FREE (N64 Emulator),GAME,4.0,41759,1000000,Free,0.0,Everyone,2014-01-19,12.0,Arcade
Mupen64Plus AE (N64 Emulator),GAME,4.2,4569,100000,Paid,0.99,Everyone,2014-01-19,12.0,Arcade
AE Lucky Fishing,GAME,4.3,18277,1000000,Free,0.0,Teen,2016-03-14,17.0,Arcade
AE Video Poker,GAME,4.0,721,50000,Free,0.0,Teen,2015-12-31,18.0,Casino
AE Solitaire,GAME,4.3,1776,50000,Free,0.0,Everyone,2018-01-04,26.0,Card
AE Archer,SPORTS,3.9,8638,500000,Free,0.0,Everyone,2015-09-02,,Sports
AE Blackjack,GAME,4.0,1417,100000,Free,0.0,Teen,2015-11-27,17.0,Card
AE Gun Ball: arcade ball games,GAME,3.7,8581,1000000,Free,0.0,Everyone,2013-12-13,12.0,Arcade
AE Order,TOOLS,4.1,19,1000,Free,0.0,Everyone,2013-11-12,0.3095703125,Tools
TV.AE,FAMILY,3.9,109,10000,Free,0.0,Everyone,2017-09-21,7.5,Entertainment
AE 3D MOTOR :Racing Games Free,GAME,4.2,74902,5000000,Free,0.0,Everyone,2016-08-26,,Racing
AE Garage,AUTO_AND_VEHICLES,4.4,64,1000,Free,0.0,Everyone,2017-06-27,66.0,Auto & Vehicles
AE Bulletins,BOOKS_AND_REFERENCE,4.5,14,1000,Free,0.0,Everyone,2018-07-18,30.0,Books & Reference
AE GTO Racing,GAME,3.9,6988,100000,Free,0.0,Everyone 10+,2015-09-24,35.0,Racing
AE 3D Moto 3,GAME,3.9,2588,100000,Free,0.0,Everyone 10+,2014-12-31,26.0,Racing
AE FreeCell,GAME,4.2,358,10000,Free,0.0,Everyone,2014-11-06,15.0,Card
AE City Jump,GAME,4.5,804,10000,Free,0.0,Everyone,2018-07-18,27.0,Action
AE Angry Chef,GAME,4.1,533,10000,Free,0.0,Everyone 10+,2014-01-24,39.0,Action
Ae Allah na Dai (Rasa),BOOKS_AND_REFERENCE,4.7,263,10000,Free,0.0,Everyone,2015-01-01,9.1,Books & Reference
FilmoraGo - Free Video Editor,VIDEO_PLAYERS,4.4,238459,10000000,Free,0.0,Everyone,2018-06-06,35.0,Video Players & Editors
Event Manager - AllEvents.in,EVENTS,4.7,120,10000,Free,0.0,Everyone,2018-07-25,5.1,Events
Nasihat - Chalo ae Pyaara,FAMILY,4.7,557,10000,Free,0.0,Everyone,2015-10-09,6.7,Education
AE Master Moto,GAME,4.0,17876,1000000,Free,0.0,Everyone,2015-12-10,37.0,Racing
Brica BPRO5 AE,PHOTOGRAPHY,3.9,4726,500000,Free,0.0,Everyone,2015-06-17,3.9,Photography
AE Air Hockey,SPORTS,3.8,926,50000,Free,0.0,Everyone,2013-08-01,7.6,Sports
Connect.ae - Local Search UAE,TRAVEL_AND_LOCAL,3.9,194,10000,Free,0.0,Everyone,2018-04-05,,Travel & Local
AE Fishing Hunter,GAME,4.4,14,1000,Free,0.0,Everyone,2016-03-15,6.6,Adventure
ActionDirector Video Editor - Edit Videos Fast,VIDEO_PLAYERS,4.5,74531,5000000,Free,0.0,Everyone,2018-06-15,32.0,Video Players & Editors
AE Checkout Plugin,SHOPPING,3.8,208,10000,Free,0.0,Everyone,2015-02-11,0.076171875,Shopping
NewTek NDI,PHOTOGRAPHY,3.5,77,1000,Paid,19.99,Everyone,2016-10-26,1.2,Photography
AfterFocus,PHOTOGRAPHY,4.2,165224,10000000,Free,0.0,Everyone,2016-07-08,15.0,Photography
AF Link,NEWS_AND_MAGAZINES,4.7,210,10000,Free,0.0,Everyone,2018-05-31,18.0,News & Magazines
AF Hydro,HEALTH_AND_FITNESS,2.0,136,10000,Free,0.0,Everyone,2018-05-12,15.0,Health & Fitness
Gunship III Vietnam People AF,FAMILY,4.3,726,5000,Paid,4.99,Everyone,2016-12-09,19.0,Simulation
AF Comics Reader - Free,COMICS,2.8,5,100,Free,0.0,Everyone,2017-11-10,4.1,Comics
Camera FV-5 Lite,PHOTOGRAPHY,4.0,130063,10000000,Free,0.0,Everyone,2017-11-10,5.6,Photography
Flim Af Somali Hindi Fanproj,FAMILY,3.9,12,1000,Free,0.0,Everyone,2018-06-22,3.5,Entertainment
"Cardiac diagnosis (heart rate, arrhythmia)",MEDICAL,4.2,4559,100000,Free,0.0,Everyone,2018-07-27,6.4,Medical
DSLR camera - Auto Focus and Blur Professional,PHOTOGRAPHY,3.4,30,10000,Free,0.0,Everyone,2018-04-18,3.0,Photography
AF-STROKE (FREE),MEDICAL,4.5,93,10000,Free,0.0,Teen,2013-01-25,0.90234375,Medical
Hesab.af - Send money in Afghanistan,FINANCE,4.7,51,1000,Free,0.0,Everyone,2018-04-15,11.0,Finance
AppFinder by AppTap,TOOLS,2.0,2221,5000000,Free,0.0,Everyone,2017-10-03,4.9,Tools
iFunny :),FAMILY,4.4,503757,10000000,Free,0.0,Mature 17+,2018-08-02,,Entertainment
Bazar.af,SHOPPING,4.7,13,500,Free,0.0,Everyone,2017-07-07,1.3,Shopping
DSLR Blur Camera Auto Focus,TOOLS,3.3,75,10000,Free,0.0,Everyone,2018-06-07,4.7,Tools
Ariana News AF,NEWS_AND_MAGAZINES,4.1,20,5000,Free,0.0,Everyone,2017-07-10,3.1,News & Magazines
AR effect,PHOTOGRAPHY,4.2,79792,100000000,Free,0.0,Everyone,2018-08-03,,Photography
ASUS PixelMaster Camera,PHOTOGRAPHY,4.4,626366,10000000,Free,0.0,Everyone,2016-06-29,,Photography
easyFocus,PHOTOGRAPHY,3.7,3396,500000,Free,0.0,Everyone,2012-11-28,0.259765625,Photography
Open Camera,PHOTOGRAPHY,4.3,116769,10000000,Free,0.0,Everyone,2018-04-23,2.0,Photography
Blur Image - DSLR focus effect,PHOTOGRAPHY,3.9,38055,5000000,Free,0.0,Everyone,2017-06-16,4.1,Photography
Tafsiir Quraan MP3 Af Soomaali Quraanka Kariimka,LIFESTYLE,5.0,7,1000,Free,0.0,Everyone,2018-06-09,3.4,Lifestyle
Camera Pro,PHOTOGRAPHY,4.1,7479,1000000,Free,0.0,Everyone,2018-04-16,13.0,Photography
Rоhi.af,NEWS_AND_MAGAZINES,4.8,46,1000,Free,0.0,Everyone,2017-05-01,46.0,News & Magazines
HD Camera - silent shutter,PHOTOGRAPHY,4.0,26530,1000000,Free,0.0,Everyone,2018-07-23,3.9,Photography
A Better Camera,PHOTOGRAPHY,4.1,76484,5000000,Free,0.0,Everyone,2018-06-08,,Photography
Auto Dslr Photo Effect : Auto Focus Effect,PHOTOGRAPHY,3.8,6,1000,Free,0.0,Everyone,2018-02-20,3.5,Photography
"9GAG: Funny Gifs, Pics, Memes & Videos for IGTV",FAMILY,4.6,1450632,10000000,Free,0.0,Teen,2018-08-03,,Entertainment
PhotoScan by Google Photos,PHOTOGRAPHY,4.3,61990,10000000,Free,0.0,Everyone,2018-02-09,,Photography
Gun Strike Shoot,GAME,4.1,94761,10000000,Free,0.0,Teen,2017-02-21,17.0,Action
All Football - Latest News & Videos,SPORTS,4.6,152653,10000000,Free,0.0,Everyone,2018-08-03,17.0,Sports
50000 Free eBooks & Free AudioBooks,BOOKS_AND_REFERENCE,4.1,52312,5000000,Free,0.0,Teen,2018-05-19,11.0,Books & Reference
AppLock,TOOLS,4.4,4931562,100000000,Free,0.0,Everyone,2018-06-11,,Tools
King of Avalon: Dragon Warfare,FAMILY,4.2,306652,10000000,Free,0.0,Everyone 10+,2018-07-31,64.0,Strategy
What's Up,LIFESTYLE,4.1,23453,1000000,Free,0.0,Everyone,2017-10-26,10.0,Lifestyle
Afterlight,PHOTOGRAPHY,4.3,50893,1000000,Free,0.0,Everyone,2014-11-20,35.0,Photography
Blurfoto : Auto blur photo background & DSLR focus,PHOTOGRAPHY,4.3,2215,500000,Free,0.0,Everyone,2018-07-27,12.0,Photography
Blur,PHOTOGRAPHY,4.0,9013,1000000,Free,0.0,Everyone,2018-06-18,2.4,Photography
"AG Contacts, Premium edition",COMMUNICATION,4.5,88,500,Paid,4.99,Everyone,2018-05-18,3.7,Communication
Ag PhD Field Guide,BOOKS_AND_REFERENCE,4.1,114,10000,Free,0.0,Everyone,2015-05-25,6.3,Books & Reference
AG Drive 3D,GAME,3.8,164,10000,Free,0.0,Everyone,2015-03-20,22.0,Adventure
"AG Contacts, Lite edition",COMMUNICATION,4.5,185,5000,Free,0.0,Everyone,2018-05-18,3.7,Communication
Trimble Ag Mobile,PRODUCTIVITY,4.1,85,10000,Free,0.0,Everyone,2018-08-02,44.0,Productivity
Ag PhD Deficiencies,BOOKS_AND_REFERENCE,3.9,20,10000,Free,0.0,Everyone,2016-06-21,9.7,Books & Reference
AG Screen Recorder,TOOLS,3.7,7,1000,Free,0.0,Everyone,2018-04-03,2.7,Tools
AG Subway Simulator Mobile,FAMILY,4.5,623,5000,Paid,0.99,Everyone,2018-06-02,47.0,Simulation
AG Subway Simulator Lite,FAMILY,4.4,6738,100000,Free,0.0,Everyone,2018-06-08,56.0,Simulation
EZ Ag Mobile,FINANCE,3.4,19,5000,Free,0.0,Everyone,2017-08-12,24.0,Finance
Ag PhD Soils,PRODUCTIVITY,2.3,3,1000,Free,0.0,Everyone,2018-07-16,16.0,Productivity
All States Ag Parts,SHOPPING,4.7,68,10000,Free,0.0,Everyone,2018-01-25,6.5,Shopping
VR AG Racing for Cardboard,GAME,3.4,13,1000,Free,0.0,Everyone,2016-09-29,27.0,Racing
Safe Ag Systems™,BUSINESS,4.7,3,100,Free,0.0,Everyone,2018-07-22,36.0,Business
Lakeside AG Moultrie,LIFESTYLE,5.0,3,50,Free,0.0,Everyone,2017-05-23,8.6,Lifestyle
Mix Tank – Tank Mixing Ag App,PRODUCTIVITY,3.6,64,10000,Free,0.0,Everyone,2017-10-16,15.0,Productivity
Eternal Light AG,SOCIAL,5.0,30,100,Free,0.0,Teen,2018-05-19,13.0,Social
Platincoin Wallet - PLC Group AG,LIBRARIES_AND_DEMO,4.3,375,10000,Free,0.0,Everyone,2018-06-01,15.0,Libraries & Demo
Ag Valley Cooperative,BUSINESS,5.0,6,500,Free,0.0,Everyone,2017-06-26,74.0,Business
Fertilizer Removal By Crop,BOOKS_AND_REFERENCE,4.1,295,50000,Free,0.0,Everyone,2017-06-20,6.9,Books & Reference
AG Track,TOOLS,4.1,12,100,Free,0.0,Everyone,2018-03-23,8.7,Tools
Denis Brogniart - AH !,FAMILY,4.5,2931,100000,Free,0.0,Everyone,2017-08-04,0.798828125,Entertainment
AH Connect (Adventist Health),HEALTH_AND_FITNESS,3.4,5,1000,Free,0.0,Everyone,2018-01-23,59.0,Health & Fitness
WoW AH Tracker,TOOLS,2.9,33,10000,Free,0.0,Everyone,2018-07-23,,Tools
AH Kollection for KLWP,PERSONALIZATION,4.6,644,50000,Free,0.0,Everyone,2017-04-30,59.0,Personalization
Chenoweth AH,MEDICAL,5.0,1,100,Free,0.0,Everyone,2017-04-03,27.0,Medical
Ah! Cutie,FAMILY,3.9,536,10000,Free,0.0,Everyone,2017-06-27,10.0,Casual
AH Alarm Panel,TOOLS,3.9,7,100,Paid,4.99,Everyone,2011-05-12,0.0791015625,Tools
Arrowhead AH App,MEDICAL,5.0,3,100,Free,0.0,Everyone,2017-04-21,28.0,Medical
Ah! Monster,FAMILY,4.1,1998,100000,Free,0.0,Everyone,2017-06-21,9.8,Casual
Kimbrough AH,MEDICAL,5.0,5,100,Free,0.0,Everyone,2017-09-21,28.0,Medical
The Ah Yeah! Button,FAMILY,3.0,30,5000,Free,0.0,Everyone,2013-10-01,0.310546875,Entertainment
Bee'ah Employee App,COMMUNICATION,4.0,4,100,Free,0.0,Teen,2017-12-24,5.4,Communication
Clarksburg AH,MEDICAL,1.0,1,50,Free,0.0,Everyone,2017-05-01,28.0,Medical
Prestige AH,MEDICAL,4.0,2,100,Free,0.0,Everyone,2017-05-11,29.0,Medical
Ebenezer AH,MEDICAL,4.0,4,500,Free,0.0,Everyone,2017-05-05,27.0,Medical
AH-1 Viper Cobra Ops - helicopter flight simulator,GAME,3.8,1088,100000,Free,0.0,Teen,2018-02-16,86.0,Action
Ah! Bird,SPORTS,3.5,1689,100000,Free,0.0,Everyone,2017-08-29,5.7,Sports
Brandon Lakes AH,MEDICAL,2.6,5,100,Free,0.0,Everyone,2017-05-05,27.0,Medical
Ah! Coins,GAME,3.4,256,50000,Free,0.0,Everyone,2016-12-08,9.1,Action
Replika,FAMILY,4.5,45458,1000000,Free,0.0,Mature 17+,2018-08-03,35.0,Entertainment
Ai illustrator viewer,ART_AND_DESIGN,3.4,486,100000,Free,0.0,Everyone,2018-07-26,5.9,Art & Design
Real AI,FAMILY,3.8,949,50000,Free,0.0,Everyone,2018-07-22,1.2,Entertainment
The Artificial Intelligence Project (A.I. Chat),FAMILY,3.0,76,5000,Paid,1.99,Everyone,2018-03-29,39.0,Simulation
Virtual Assistant DataBot: Artificial Intelligence,FAMILY,4.4,80927,1000000,Free,0.0,Everyone,2018-07-31,27.0,Entertainment
ALPHA - Artificial Intelligence,FAMILY,4.0,51,1000,Free,0.0,Everyone,2018-06-03,3.2,Entertainment
Artificial Intelligence,FAMILY,3.9,339,50000,Free,0.0,Everyone,2018-04-05,4.2,Education
Orbita AI — Exciting mobile puzzles & riddles,FAMILY,4.6,116973,1000000,Free,0.0,Everyone,2018-03-29,31.0,Puzzle
SMS AI Bot,TOOLS,3.8,89,10000,Free,0.0,Everyone,2018-07-01,3.9,Tools
ChatBot AI Talking Girl,FAMILY,3.8,3597,100000,Free,0.0,Everyone 10+,2018-07-31,25.0,Entertainment
Ai File Viewer,TOOLS,4.0,66,10000,Free,0.0,Everyone,2018-07-07,,Tools
Youper - AI Therapy,MEDICAL,4.6,1976,50000,Free,0.0,Everyone,2018-08-03,69.0,Medical
ParaTek Ai Speech generator,TOOLS,3.6,448,50000,Free,0.0,Everyone,2017-03-23,4.3,Tools
Extreme- Personal Voice Assistant,PRODUCTIVITY,4.4,25627,1000000,Free,0.0,Everyone,2018-08-05,9.8,Productivity
AI Face Beauty Analysis - IntelliFace (Free),BEAUTY,3.1,40,10000,Free,0.0,Everyone,2018-04-11,13.0,Beauty
Robin - AI Voice Assistant,MAPS_AND_NAVIGATION,4.2,55313,1000000,Free,0.0,Everyone,2018-08-05,16.0,Maps & Navigation
Learn Artificial Intelligence,FAMILY,4.6,27,10000,Free,0.0,Everyone,2018-07-14,4.2,Education
AI Benchmark,TOOLS,4.0,97,5000,Free,0.0,Everyone,2018-06-29,99.0,Tools
AI Today : Artificial Intelligence News & AI 101,NEWS_AND_MAGAZINES,5.0,43,100,Free,0.0,Everyone,2018-06-22,2.3,News & Magazines
Tomo A.i. Pet Chat Bot,FAMILY,3.3,40,1000,Free,0.0,Everyone,2017-05-15,3.6,Entertainment
Puck AI Personal Assistant Robot,PRODUCTIVITY,4.1,22,1000,Free,0.0,Everyone,2017-11-02,26.0,Productivity
Builder (by Engineer.ai),PRODUCTIVITY,3.6,8,100,Free,0.0,Everyone,2017-11-04,3.2,Productivity
Chat With Artificial Intelligence,FAMILY,3.2,32,1000,Free,0.0,Everyone,2018-05-10,2.8,Entertainment
Friday: Smart Personal Assistant,PRODUCTIVITY,4.4,2087,100000,Free,0.0,Everyone,2018-06-24,8.3,Productivity
Picai - Smart AI Camera,PHOTOGRAPHY,4.0,529,100000,Free,0.0,Everyone,2018-07-17,,Photography
Virtual Eye AI,TOOLS,4.4,26,500,Free,0.0,Everyone,2018-05-27,3.8,Tools
Lyra Virtual Assistant,PRODUCTIVITY,4.5,41624,1000000,Free,0.0,Everyone,2018-05-24,3.4,Productivity
2048(AI),FAMILY,4.3,20,1000,Free,0.0,Everyone,2015-06-03,3.5,Casual
ai robot keyboard,PERSONALIZATION,4.7,1891,100000,Free,0.0,Everyone,2018-05-24,1.9,Personalization
AI with Python Tutorial,FAMILY,4.4,8,5000,Free,0.0,Everyone,2018-06-05,3.3,Education
Adobe Illustrator Draw,PHOTOGRAPHY,4.4,65766,5000000,Free,0.0,Everyone,2018-04-02,,Photography
FaceApp,PHOTOGRAPHY,4.4,346681,10000000,Free,0.0,Everyone,2018-02-10,7.1,Photography
Message AI - Write Better Messages (Free),SOCIAL,3.7,3,100,Free,0.0,Everyone,2018-07-04,7.9,Social
ChatBolo - AI Chatbot Online,FAMILY,3.3,1407,100000,Free,0.0,Everyone,2015-09-25,1.4,Entertainment
MiAI (Artificial Intelligence) Assistant,PRODUCTIVITY,3.7,3,100,Free,0.0,Everyone,2018-03-01,7.5,Productivity
AI Draw | Art Filter for Selfie,PHOTOGRAPHY,3.0,20,1000,Paid,2.99,Everyone,2018-06-18,4.3,Photography
Turbo AI™ - Personal assistant,PRODUCTIVITY,2.6,91,5000,Free,0.0,Everyone,2018-07-16,2.8,Productivity
AI Sight,PRODUCTIVITY,3.5,43,1000,Free,0.0,Everyone,2018-06-18,48.0,Productivity
Jarvis artificial intelligent,FAMILY,3.9,253,10000,Free,0.0,Everyone,2018-03-28,14.0,Entertainment
Age of AI: War Strategy,FAMILY,4.6,71,500,Paid,2.49,Everyone,2018-03-14,5.7,Strategy
DREAM-e: Dream Analysis A.I.,LIFESTYLE,3.8,89,10000,Free,0.0,Everyone,2013-02-18,0.9169921875,Lifestyle
Animal Jam - Play Wild!,FAMILY,4.6,361734,5000000,Free,0.0,Everyone,2018-08-02,58.0,Casual
AJ Jump: Animal Jam Kangaroos!,GAME,4.4,2975,50000,Paid,1.99,Everyone,2016-03-07,42.0,Arcade
AJ Academy: Amazing Animals,FAMILY,4.5,1564,50000,Free,0.0,Everyone,2018-05-25,35.0,Educational
Dash Tag - Fun Endless Runner!,FAMILY,4.5,6750,100000,Free,0.0,Everyone,2018-06-13,43.0,Casual
Jamaa Amino for Animal Jam,SOCIAL,4.7,3873,10000,Free,0.0,Teen,2018-07-13,63.0,Social
Tunnel Town,FAMILY,4.4,74744,1000000,Free,0.0,Everyone,2018-07-26,60.0,Strategy
AJ Cam,PHOTOGRAPHY,5.0,44,100,Free,0.0,Everyone,2018-01-23,2.8,Photography
Club Penguin Island,FAMILY,2.8,107441,1000000,Free,0.0,Everyone,2018-07-10,32.0,Casual
AJ Official,FAMILY,4.6,31,500,Free,0.0,Everyone,2017-05-03,7.3,Education
AJ Bell Youinvest,FINANCE,2.8,135,10000,Free,0.0,Everyone,2018-06-04,5.3,Finance
Hey AJ! It's Saturday!,BOOKS_AND_REFERENCE,5.0,12,100,Paid,3.99,Everyone,2016-06-13,50.0,Books & Reference
Selfie With Champion AJ Style,PHOTOGRAPHY,5.0,2,500,Free,0.0,Everyone,2018-01-08,7.5,Photography
Baby Game Animal Jam Free,GAME,2.8,9,500,Free,0.0,Everyone,2017-03-24,26.0,Board
Blackjack aj Poker,GAME,3.8,8,1000,Free,0.0,Teen,2016-10-19,4.2,Card
Bonza Poly Art - Tenkyu Animal Jam for Kids,FAMILY,4.1,22,1000,Free,0.0,Everyone,2018-08-03,31.0,Puzzle
AJ Player,VIDEO_PLAYERS,4.8,18,100,Free,0.0,Everyone,2018-04-22,1.7,Video Players & Editors
AJ RETAILS,SHOPPING,5.0,9,10,Free,0.0,Everyone,2018-06-01,0.1650390625,Shopping
Hey AJ! It's Bedtime!,FAMILY,5.0,1,10,Paid,4.99,Everyone,2018-04-04,63.0,Education
AJ Percent Off Calculator,SHOPPING,4.4,134,10000,Free,0.0,Everyone,2013-06-04,0.0439453125,Shopping
AJ Men's Grooming,LIFESTYLE,5.0,2,100,Free,0.0,Everyone,2017-08-28,22.0,Lifestyle
Watch Face Swiss AJ-6,PERSONALIZATION,4.1,21,100,Paid,0.99,Everyone,2017-09-20,3.6,Personalization
AJ Styles HD Wallpapers,ART_AND_DESIGN,4.8,48,5000,Free,0.0,Everyone,2018-08-04,25.0,Art & Design
AJ Gray Icon Pack,PERSONALIZATION,4.8,5,50,Paid,0.99,Everyone,2018-04-22,35.0,Personalization
AJ Styles Wallpaper 2018 - AJ Styles HD Wallpaper,ART_AND_DESIGN,4.0,18,1000,Free,0.0,Everyone,2018-03-22,3.6,Art & Design
AJ Gray Dark Icon Pack,PERSONALIZATION,5.0,2,10,Paid,0.99,Everyone,2018-04-29,35.0,Personalization
Little Pets Animal Guardians,FAMILY,4.6,18893,100000,Free,0.0,Everyone,2018-06-09,91.0,Casual
AJ Blue Icon Pack,PERSONALIZATION,5.0,4,50,Paid,0.99,Everyone,2018-04-27,31.0,Personalization
My Wild Pet: Online Animal Sim,FAMILY,4.5,26916,500000,Free,0.0,Everyone,2017-03-17,67.0,Casual
AJ Rafael Music Lessons,FAMILY,5.0,1,10,Free,0.0,Everyone,2017-11-29,8.2,Entertainment
How it works: AK-74N,FAMILY,4.4,1031,100000,Free,0.0,Everyone,2018-01-09,48.0,Entertainment
AK-47: Simulator and Shooting,FAMILY,4.0,345,100000,Free,0.0,Everyone 10+,2016-11-11,14.0,Simulation
AK-47 Sounds,FAMILY,3.9,656,500000,Free,0.0,Everyone 10+,2016-09-14,2.9,Entertainment
AK 47 Live Wallpaper,PERSONALIZATION,4.1,585,50000,Free,0.0,Everyone,2018-06-20,4.4,Personalization
Puppy Shooting an AK-47: Platformer Zombie Game,GAME,4.8,21,1000,Free,0.0,Everyone,2018-03-30,89.0,Arcade
AK Interactive,FAMILY,4.3,734,10000,Free,0.0,Everyone,2018-07-12,13.0,Entertainment
AK-47 sounds,FAMILY,3.9,7,1000,Free,0.0,Everyone,2018-06-18,3.8,Entertainment
Wallpapers AK 47 Guns,PERSONALIZATION,4.5,37,5000,Free,0.0,Teen,2017-02-26,15.0,Personalization
AK-47 Assault Rifle,FAMILY,3.7,165,10000,Free,0.0,Teen,2015-04-26,25.0,Entertainment
Crisis Action: 2018 NO.1 FPS,GAME,4.3,807226,10000000,Free,0.0,Teen,2018-07-11,34.0,Action
AK 47 Guns Wallpaper,PERSONALIZATION,4.2,322,50000,Free,0.0,Everyone,2017-05-29,6.8,Personalization
AK-47 3D,GAME,3.7,91,10000,Free,0.0,Everyone,2016-12-25,24.0,Action
Book of AK-47,LIFESTYLE,3.8,6,500,Free,0.0,Everyone,2016-03-01,3.4,Lifestyle
Weapon stripping 3D,FAMILY,4.6,23971,1000000,Free,0.0,Everyone,2018-08-04,24.0,Simulation
Weapon AK-74 Live Wallpaper,PERSONALIZATION,3.3,25,1000,Free,0.0,Everyone,2017-03-28,46.0,Personalization
Shoot M-16 vs AK-47 : realistic weapon simulator,FAMILY,3.0,2,100,Free,0.0,Everyone,2018-07-18,33.0,Simulation
Counter Terrorist Attack,GAME,3.9,145931,10000000,Free,0.0,Teen,2018-05-31,43.0,Action
RULES OF SURVIVAL,GAME,4.2,1343106,10000000,Free,0.0,Teen,2018-08-01,56.0,Action
AK47 Assault Rifle,TOOLS,3.9,54,10000,Free,0.0,Everyone,2015-05-02,2.8,Tools
Weapons simulator AK-47,FAMILY,4.1,21,5000,Free,0.0,Everyone,2017-05-15,26.0,Simulation
AK 47 Lock Screen,PERSONALIZATION,4.6,5,500,Free,0.0,Mature 17+,2018-02-11,8.8,Personalization
AK Phone,COMMUNICATION,4.4,9,5000,Free,0.0,Everyone,2017-05-29,4.2,Communication
AK Booster,TOOLS,3.8,71,10000,Free,0.0,Everyone,2018-05-02,7.0,Tools
GUN ZOMBIE,GAME,4.4,243121,5000000,Free,0.0,Teen,2014-10-17,38.0,Arcade
AK Lodi Films,VIDEO_PLAYERS,4.9,23,100,Free,0.0,Everyone,2015-08-11,2.1,Video Players & Editors
Gun Mod: Guns in Minecraft PE,FAMILY,3.6,33812,5000000,Free,0.0,Teen,2018-07-30,12.0,Entertainment
Kymco AK 550,AUTO_AND_VEHICLES,4.3,47,1000,Free,0.0,Everyone,2016-11-11,58.0,Auto & Vehicles
AK Math Coach,FAMILY,3.6,283,50000,Free,0.0,Everyone,2015-05-19,18.0,Education
Shoot Strike War Fire,GAME,4.1,82827,10000000,Free,0.0,Teen,2018-07-13,20.0,Arcade
AL.com,NEWS_AND_MAGAZINES,3.4,803,50000,Free,0.0,Everyone 10+,2018-07-23,8.0,News & Magazines
University of Alabama,FAMILY,4.5,302,50000,Free,0.0,Everyone,2017-11-30,3.0,Education
Alabama Gameday Live,SPORTS,4.7,19,1000,Free,0.0,Everyone,2018-05-18,12.0,Sports
AL.com: Alabama Football News,SPORTS,4.5,459,10000,Free,0.0,Everyone 10+,2018-07-23,8.0,Sports
Alabama Road Trips,TRAVEL_AND_LOCAL,4.4,71,10000,Free,0.0,Everyone,2017-10-27,28.0,Travel & Local
Alabama DMV Permit Test - AL,FAMILY,4.3,218,10000,Free,0.0,Everyone,2018-02-15,29.0,Education
Al-Quran (Free),BOOKS_AND_REFERENCE,4.6,218451,10000000,Free,0.0,Everyone,2018-05-20,4.7,Books & Reference
Official AL Fishing & Hunting,TRAVEL_AND_LOCAL,4.2,1291,50000,Free,0.0,Everyone,2017-10-18,40.0,Travel & Local
Al Quran (Tafsir & by Word),BOOKS_AND_REFERENCE,4.8,57400,500000,Free,0.0,Everyone,2018-07-30,14.0,Books & Reference
Al-Moazin Lite (Prayer Times),LIFESTYLE,4.6,284670,10000000,Free,0.0,Everyone,2018-07-24,,Lifestyle
Al Quran Indonesia,BOOKS_AND_REFERENCE,4.8,445756,10000000,Free,0.0,Everyone,2018-05-15,16.0,Books & Reference
Al'Quran Bahasa Indonesia,BOOKS_AND_REFERENCE,4.6,361780,10000000,Free,0.0,Everyone,2018-05-30,9.7,Books & Reference
Al Quran Al karim,BOOKS_AND_REFERENCE,4.6,41608,1000000,Free,0.0,Everyone,2017-11-05,49.0,Books & Reference
Al jazeera TV,FAMILY,4.6,9952,100000,Free,0.0,Teen,2016-07-05,3.7,Entertainment
Al Jazeera English,NEWS_AND_MAGAZINES,4.1,24456,1000000,Free,0.0,Everyone,2018-07-24,,News & Magazines
Al-Muhaffiz,BOOKS_AND_REFERENCE,4.7,2319,50000,Free,0.0,Everyone,2018-04-22,27.0,Books & Reference
Al Quran Audio (Full 30 Juz),FAMILY,4.7,7878,1000000,Free,0.0,Everyone,2017-05-29,3.6,Education
Quran for All (Al-Huda Int.),FAMILY,4.8,6696,100000,Free,0.0,Everyone,2018-02-07,5.3,Education
AL Voice Recorder,PRODUCTIVITY,3.6,4832,1000000,Free,0.0,Everyone,2016-11-22,2.4,Productivity
Ayat - Al Quran,FAMILY,4.7,173394,5000000,Free,0.0,Everyone,2018-03-13,8.5,Education
Quran Juz-30 - Mahad al Zahra,FAMILY,4.6,2654,100000,Free,0.0,Everyone,2016-11-02,6.7,Education
Al Quran : EAlim - Translations & MP3 Offline,BOOKS_AND_REFERENCE,4.5,96419,5000000,Free,0.0,Everyone,2018-05-05,,Books & Reference
Al Mayadeen,NEWS_AND_MAGAZINES,4.7,13620,500000,Free,0.0,Everyone,2018-04-16,9.0,News & Magazines
Al-Quran Al-Muallim,FAMILY,4.5,199,10000,Free,0.0,Everyone,2013-09-11,0.259765625,Education
We're Working Out - Al Kavadlo,HEALTH_AND_FITNESS,4.3,979,50000,Free,0.0,Everyone,2017-12-24,,Health & Fitness
Al-Quran 30 Juz free copies,BOOKS_AND_REFERENCE,4.5,12322,500000,Free,0.0,Everyone,2016-12-17,27.0,Books & Reference
Koran Read &MP3 30 Juz Offline,BOOKS_AND_REFERENCE,4.8,29551,1000000,Free,0.0,Everyone,2018-04-06,67.0,Books & Reference
Al Quran MP3 - Quran Reading®,FAMILY,4.7,47463,1000000,Free,0.0,Everyone,2018-04-24,22.0,Education
Al'Quran Bahasa Indonesia PRO,BOOKS_AND_REFERENCE,4.7,1340,10000,Paid,4.49,Everyone,2018-05-16,11.0,Books & Reference
Hafizi Quran 15 lines per page,BOOKS_AND_REFERENCE,4.7,55011,1000000,Free,0.0,Everyone,2017-11-02,68.0,Books & Reference
Al-Quran Ahmad Saud Offline,FAMILY,4.7,7116,100000,Free,0.0,Everyone,2016-08-09,40.0,Education
12 Step Meditations & Sober Prayers AA NA AL-ANON,LIFESTYLE,4.7,759,50000,Free,0.0,Everyone 10+,2018-01-22,15.0,Lifestyle
Quran for Android,BOOKS_AND_REFERENCE,4.7,497826,10000000,Free,0.0,Everyone,2018-05-30,,Books & Reference
Al Quran Free - القرآن (Islam),BOOKS_AND_REFERENCE,4.7,1777,50000,Free,0.0,Everyone,2015-02-15,23.0,Books & Reference
Taha Al Junaid Quran Mp3,LIFESTYLE,4.6,518,50000,Free,0.0,Everyone,2017-03-25,4.2,Lifestyle
Surah Al-Waqiah,BOOKS_AND_REFERENCE,4.7,1201,100000,Free,0.0,Everyone,2015-06-24,2.9,Books & Reference
"Muslim Pro - Prayer Times, Azan, Quran & Qibla",LIFESTYLE,4.7,1133393,10000000,Free,0.0,Everyone,2018-07-03,,Lifestyle
Hisnul Al Muslim - Hisn Invocations & Adhkaar,BOOKS_AND_REFERENCE,4.6,3234,100000,Free,0.0,Everyone,2017-12-26,85.0,Books & Reference
I am rich,LIFESTYLE,3.8,3547,100000,Paid,399.99,Everyone,2018-01-12,1.8,Lifestyle
I AM RICH,FAMILY,3.9,1455,10000,Free,0.0,Everyone,2017-10-11,1.1,Entertainment
Amazon for Tablets,SHOPPING,4.0,141584,10000000,Free,0.0,Teen,2018-07-31,22.0,Shopping
I am Rich Plus,FAMILY,4.0,856,10000,Paid,399.99,Everyone,2018-05-19,8.7,Entertainment
I am rich VIP,LIFESTYLE,3.8,411,10000,Paid,299.99,Everyone,2018-07-21,2.6,Lifestyle
I Am Rich Premium,FINANCE,4.1,1867,50000,Paid,399.99,Everyone,2017-11-12,4.7,Finance
I am extremely Rich,LIFESTYLE,2.9,41,1000,Paid,379.99,Everyone,2018-07-01,2.9,Lifestyle
I am Rich!,FINANCE,3.8,93,1000,Paid,399.99,Everyone,2017-12-11,22.0,Finance
I am rich(premium),FINANCE,3.5,472,5000,Paid,399.99,Everyone,2017-05-01,0.9423828125,Finance
I am Rich Person,LIFESTYLE,4.2,134,1000,Paid,37.99,Everyone,2017-07-18,1.8,Lifestyle
I am Rich Premium Plus,FINANCE,4.6,459,10000,Paid,18.99,Everyone,2018-02-17,2.0,Finance
I Am Rich Pro,FAMILY,4.4,201,5000,Paid,399.99,Everyone,2017-05-30,2.7,Entertainment
I Am Innocent,GAME,4.4,208501,1000000,Free,0.0,Teen,2018-07-23,56.0,Adventure
I am rich (Most expensive app),FINANCE,4.1,129,1000,Paid,399.99,Teen,2017-12-06,2.7,Finance
i am rich,BUSINESS,3.9,213,1000,Free,0.0,Everyone,2018-06-09,2.9,Business
I Am Rich,FAMILY,3.6,217,10000,Paid,389.99,Everyone,2018-06-22,4.9,Entertainment
I am Bread,GAME,4.0,630,10000,Paid,4.99,Everyone,2016-10-26,20.0,Adventure
Where Am I At?,TRAVEL_AND_LOCAL,3.8,39,10000,Free,0.0,Everyone,2016-10-08,12.0,Travel & Local
I am Rich,FINANCE,4.3,180,5000,Paid,399.99,Everyone,2018-03-22,3.8,Finance
Where Am I? GPS Loc,TRAVEL_AND_LOCAL,4.6,68,10000,Free,0.0,Everyone,2017-11-14,4.2,Travel & Local
I am Millionaire - Richest guy in the town,LIFESTYLE,3.6,126,5000,Paid,2.49,Everyone,2018-06-22,1.4,Lifestyle
Coast To Coast AM Insider,NEWS_AND_MAGAZINES,3.9,4581,100000,Free,0.0,Everyone,2018-01-04,21.0,News & Magazines
I AM RICH PRO PLUS,FINANCE,4.0,36,1000,Paid,399.99,Everyone,2018-06-25,41.0,Finance
Where Am I?,TOOLS,4.2,1313,100000,Free,0.0,Everyone,2014-07-28,,Tools
I Am Wizard,FAMILY,4.2,1493,100000,Free,0.0,Everyone,2018-04-01,57.0,Strategy
What Am I? - Brain Teasers,GAME,4.2,4537,100000,Free,0.0,Everyone,2017-04-05,15.0,Trivia
Who am I? (Biblical),GAME,4.5,5849,500000,Free,0.0,Everyone,2017-09-13,5.1,Trivia
DWWW 774 Ultimate AM Radio,NEWS_AND_MAGAZINES,4.7,327,10000,Free,0.0,Everyone,2018-06-26,31.0,News & Magazines
Anno: Build an Empire,FAMILY,3.5,33944,1000000,Free,0.0,Everyone 10+,2016-03-10,28.0,Strategy
Vikings: an Archer's Journey,GAME,4.5,10256,1000000,Free,0.0,Everyone,2017-12-11,39.0,Action
Final Fantasy XV: A New Empire,FAMILY,4.0,484858,10000000,Free,0.0,Everyone 10+,2018-06-15,,Strategy
Trell: An app for Explorers | Best Wanderlust App,LIFESTYLE,4.6,8004,100000,Free,0.0,Teen,2018-07-31,34.0,Lifestyle
Virtual Families 2,FAMILY,4.2,636228,10000000,Free,0.0,Everyone,2018-07-19,,Casual
The Sims™ FreePlay,FAMILY,4.3,931503,10000000,Free,0.0,Teen,2018-07-16,31.0,Simulation
My Emma :),FAMILY,4.1,245839,10000000,Free,0.0,Everyone,2017-04-03,76.0,Casual
League of Gamers - Be an E-Sports Legend!,SPORTS,4.5,68072,5000000,Free,0.0,Everyone,2018-07-26,40.0,Sports
Draw a Stickman: EPIC Free,GAME,4.2,210317,10000000,Free,0.0,Everyone 10+,2015-04-10,46.0,Adventure
My Horse,FAMILY,4.5,1333338,10000000,Free,0.0,Everyone,2018-05-23,8.7,Casual
My Boo - Your Virtual Pet Game,FAMILY,4.4,899748,10000000,Free,0.0,Everyone,2018-08-03,80.0,Casual
Create apps fast with beautiful design and no code,BUSINESS,3.7,23729,1000000,Free,0.0,Everyone,2018-05-14,24.0,Business
THE KING OF FIGHTERS-A 2012(F),GAME,4.4,406511,5000000,Free,0.0,Teen,2016-10-21,21.0,Action
Text free - Free Text + Call,SOCIAL,4.3,315390,10000000,Free,0.0,Everyone,2018-07-26,,Social
Diary with lock password,LIFESTYLE,4.3,179139,5000000,Free,0.0,Everyone,2017-11-01,9.7,Lifestyle
Fast like a Fox,GAME,4.3,104389,5000000,Free,0.0,Everyone,2018-04-17,12.0,Adventure
Google Photos,PHOTOGRAPHY,4.5,10847682,1000000000,Free,0.0,Everyone,2018-08-01,,Photography
Scoompa Video - Slideshow Maker and Video Editor,PHOTOGRAPHY,4.5,559931,10000000,Free,0.0,Everyone,2018-05-10,,Photography
Girls Craft: Exploration,FAMILY,3.8,130689,5000000,Free,0.0,Everyone 10+,2018-08-03,57.0,Simulation
The PCH App,LIFESTYLE,4.5,234971,1000000,Free,0.0,Everyone,2018-07-25,81.0,Lifestyle
Legend - Animate Text in Video,SOCIAL,4.5,228737,10000000,Free,0.0,Everyone,2016-07-12,,Social
"Resume Builder Free, 5 Minute CV Maker & Templates",BUSINESS,4.4,72202,1000000,Free,0.0,Everyone,2018-06-25,6.7,Business
AO Surgery Reference,MEDICAL,4.7,2570,100000,Free,0.0,Everyone,2017-05-10,3.8,Medical
ao,FAMILY,3.5,14145,1000000,Free,0.0,Everyone,2016-06-08,5.9,Strategy
AO/OTA Fracture Classification,MEDICAL,4.9,25,5000,Free,0.0,Everyone,2018-04-17,46.0,Medical
AO Player,EVENTS,4.0,9,1000,Free,0.0,Everyone,2017-12-20,3.3,Events
Ao Oni2,GAME,4.1,21223,1000000,Free,0.0,Teen,2018-04-20,48.0,Adventure
A. O. Smith,TOOLS,4.2,32,10000,Free,0.0,Everyone,2018-05-21,33.0,Tools
Arena of Valor: 5v5 Arena Game,GAME,4.4,438911,10000000,Free,0.0,Teen,2018-06-28,99.0,Action
PlacarTv Futebol Ao Vivo,COMMUNICATION,4.1,2063,100000,Free,0.0,Everyone,2018-06-03,4.5,Communication
Virtual lover,FAMILY,4.6,45771,1000000,Free,0.0,Mature 17+,2018-06-08,28.0,Entertainment
The Hunt for the Lost Treasure,FAMILY,4.6,7148,100000,Paid,2.99,Everyone,2017-09-13,8.1,Adventure
Attack the Light,FAMILY,4.7,19209,100000,Paid,2.99,Everyone,2016-02-23,21.0,Role Playing
Princess Closet : Otome games free dating sim,FAMILY,4.5,29495,1000000,Free,0.0,Teen,2018-05-24,56.0,Simulation
365Scores - Live Scores,SPORTS,4.6,666246,10000000,Free,0.0,Everyone,2018-07-29,25.0,Sports
PES 2018 PRO EVOLUTION SOCCER,SPORTS,4.4,1721943,10000000,Free,0.0,Everyone,2018-06-27,26.0,Sports
Mobile Legends: Bang Bang,GAME,4.4,8219586,100000000,Free,0.0,Teen,2018-07-24,99.0,Action
Heroes of Order & Chaos,FAMILY,4.2,690148,10000000,Free,0.0,Teen,2017-10-27,25.0,Strategy
Kill Shot Bravo: Sniper FPS,GAME,4.4,579519,10000000,Free,0.0,Mature 17+,2018-07-18,99.0,Action
Tennis Champion 3D - Online Sports Game,SPORTS,4.0,170973,5000000,Free,0.0,Everyone,2018-06-06,43.0,Sports
Carnivores: Dinosaur Hunter,GAME,4.2,62636,1000000,Free,0.0,Teen,2018-07-02,17.0,Action
High School Simulator 2017,FAMILY,4.2,123136,5000000,Free,0.0,Mature 17+,2018-06-25,80.0,Simulation
Hopeless Land: Fight for Survival,GAME,4.2,250197,5000000,Free,0.0,Teen,2018-07-12,44.0,Action
SofaScore Live Score,SPORTS,4.8,221722,10000000,Free,0.0,Everyone,2018-07-26,,Sports
Virtual Cigarette Smoking (prank),FAMILY,3.7,29838,5000000,Free,0.0,Mature 17+,2018-06-28,,Entertainment
Scanning body and undressing people,FAMILY,3.4,1012,100000,Free,0.0,Teen,2018-02-24,12.0,Entertainment
Ultimate Tennis,SPORTS,4.3,183004,10000000,Free,0.0,Everyone,2018-07-19,100.0,Sports
Legion of Heroes,FAMILY,4.3,143087,1000000,Free,0.0,Everyone 10+,2018-07-12,69.0,Role Playing
Soccer Star 2018 Top Leagues · MLS Soccer Games,SPORTS,4.6,652940,10000000,Free,0.0,Teen,2018-07-05,90.0,Sports
Heroes Arena,GAME,4.2,336386,10000000,Free,0.0,Everyone 10+,2018-07-24,88.0,Action
virtual lover 3D,FAMILY,4.6,5195,100000,Free,0.0,Mature 17+,2018-04-18,64.0,Entertainment
Range Master: Sniper Academy,SPORTS,4.1,91935,10000000,Free,0.0,Everyone,2018-04-26,39.0,Sports
DINO HUNTER: DEADLY SHORES,GAME,4.4,1381624,10000000,Free,0.0,Teen,2017-03-14,54.0,Action
FC Barcelona Official App,SPORTS,4.6,92522,5000000,Free,0.0,Everyone,2018-07-26,56.0,Sports
Can Your Pet? : Returns - Teen,FAMILY,4.3,45370,1000000,Free,0.0,Teen,2018-08-02,14.0,Simulation
GUYZ - Gay Chat & Gay Dating,SOCIAL,4.4,41269,1000000,Free,0.0,Mature 17+,2017-05-10,,Social
Bubbu – My Virtual Pet,FAMILY,4.7,394842,10000000,Free,0.0,Everyone,2018-08-04,75.0,Casual
3D Tennis,SPORTS,4.2,1008012,50000000,Free,0.0,Everyone,2017-12-05,13.0,Sports
Start the Hunt for the Lost Treasure,FAMILY,3.8,302,10000,Free,0.0,Everyone,2017-09-13,8.1,Puzzle
Treasure Hunt Hidden Objects Adventure Game,FAMILY,4.3,1231,100000,Free,0.0,Everyone,2018-05-24,,Puzzle
Scanning under clothes (prank),FAMILY,3.7,1443,100000,Free,0.0,Mature 17+,2018-01-18,20.0,Entertainment
WGT Golf Game by Topgolf,SPORTS,4.3,148083,10000000,Free,0.0,Everyone,2018-07-24,57.0,Sports
3D Holograms Joke,FAMILY,2.9,31596,5000000,Free,0.0,Teen,2016-12-23,31.0,Simulation
Weaphones™ Gun Sim Free Vol 1,FAMILY,4.3,598975,10000000,Free,0.0,Everyone,2018-01-17,39.0,Simulation
Hidden Objects Treasure Hunt Adventure Games,FAMILY,4.3,275,10000,Free,0.0,Everyone,2018-07-09,29.0,Puzzle
Live Camera Viewer ★ World Webcam & IP Cam Streams,TRAVEL_AND_LOCAL,4.0,64164,10000000,Free,0.0,Everyone,2018-04-07,3.6,Travel & Local
Body scanner (prank),FAMILY,3.3,16063,1000000,Free,0.0,Teen,2016-06-02,3.8,Casual
AP Mobile - Breaking News,NEWS_AND_MAGAZINES,4.5,76616,1000000,Free,0.0,Everyone 10+,2017-05-25,4.6,News & Magazines
AP ENPS Mobile,PRODUCTIVITY,4.1,22,5000,Free,0.0,Everyone,2016-03-08,0.5322265625,Productivity
AP® Guide,FAMILY,5.0,3,1000,Free,0.0,Everyone,2017-07-31,2.1,Education
WiFi Access Point (hotspot),COMMUNICATION,3.9,684,100000,Free,0.0,Everyone,2015-05-14,0.0595703125,Communication
AP Mobile,FAMILY,4.6,117,10000,Free,0.0,Everyone,2017-11-21,13.0,Education
AP Manager,TOOLS,4.0,177,10000,Free,0.0,Everyone,2015-05-04,2.8,Tools
AP App for Android™,NEWS_AND_MAGAZINES,3.6,188,10000,Free,0.0,Everyone,2016-05-12,9.9,News & Magazines
Access Point Finder,LIFESTYLE,4.0,22,10000,Free,0.0,Everyone,2016-09-06,2.5,Lifestyle
AP English Language: Practice Tests and Flashcards,FAMILY,4.5,19,5000,Free,0.0,Everyone,2018-07-03,5.4,Education
AP Planner,FAMILY,2.9,45,5000,Free,0.0,Everyone,2015-08-03,1.3,Education
Access Point Browser,TOOLS,4.2,25,1000,Free,0.0,Everyone,2017-09-22,2.5,Tools
AP Installer,TOOLS,4.5,23,5000,Free,0.0,Everyone,2018-07-20,0.2763671875,Tools
Study AP World History,FAMILY,4.6,513,10000,Free,0.0,Everyone,2016-07-18,1.6,Education
UniFi,TOOLS,4.7,11018,500000,Free,0.0,Everyone,2018-07-25,25.0,Tools
Ap Video Downloader for fb New 2018,TOOLS,4.2,676,100000,Free,0.0,Everyone,2018-07-31,5.4,Tools
AP Government Review,FAMILY,4.7,3,1000,Paid,2.99,Everyone,2017-03-14,1.5,Education
"ap,wifi testing,iperf,ping,android,Bluetooth,tcp",TOOLS,4.7,3,10,Paid,2.99,Everyone,2018-05-27,5.3,Tools
HotSpot Tethering Free/WiFi AP,TOOLS,3.9,478,100000,Free,0.0,Everyone,2016-09-12,2.0,Tools
AP Chemistry Prep: Practice Tests and Flashcards,FAMILY,4.7,55,10000,Free,0.0,Everyone,2018-07-03,5.4,Education
AP Flashcards,FAMILY,3.7,88,10000,Free,0.0,Everyone,2015-08-30,41.0,Education
AP World History: Practice Tests and Flashcards,FAMILY,4.8,21,5000,Free,0.0,Everyone,2018-07-03,5.4,Education
Access Point Names,COMMUNICATION,4.0,138,10000,Free,0.0,Everyone,2014-08-12,2.4,Communication
"AP Biology Prep: Practice Tests, Flashcards",FAMILY,4.6,87,10000,Free,0.0,Everyone,2018-07-03,5.4,Education
AP Biology Study Guide + Quiz,FAMILY,4.4,105,10000,Free,0.0,Everyone,2016-03-22,9.0,Education
Reuters News,NEWS_AND_MAGAZINES,4.3,13166,1000000,Free,0.0,Everyone 10+,2018-06-06,25.0,News & Magazines
500 AP World History Questions,FAMILY,4.7,7,100,Paid,9.99,Everyone,2013-11-01,1.2,Education
AP Themes for Kustom/KLWP,PERSONALIZATION,3.6,5,500,Paid,1.49,Everyone,2017-09-01,45.0,Personalization
AP Physics 1 Prep: Practice Tests and Flashcards,FAMILY,4.4,29,5000,Free,0.0,Everyone,2018-07-03,5.3,Education
Fate GO Ap Counter,TOOLS,4.6,70,1000,Free,0.0,Everyone,2018-01-19,3.2,Tools
iScore5 AP Psych,FAMILY,2.9,10,100,Paid,4.99,Everyone,2017-04-25,73.0,Educational
AP Psychology Prep: Practice Tests and Flashcards,FAMILY,4.5,242,50000,Free,0.0,Everyone,2018-07-03,5.4,Education
meStudying: AP English Lit,FAMILY,5.0,1,10,Paid,4.99,Everyone,2013-08-31,0.6396484375,Education
APN Settings,TOOLS,3.7,3743,1000000,Free,0.0,Everyone,2018-08-03,5.6,Tools
AP Math & Computer Science,FAMILY,3.7,37,5000,Free,0.0,Everyone,2015-07-19,9.5,Education
AP Statistics Prep: Practice Tests and Flashcards,FAMILY,4.2,19,5000,Free,0.0,Everyone,2018-07-03,5.4,Education
eChallan Andhra Pradesh (AP),SOCIAL,3.0,5,1000,Free,0.0,Teen,2018-02-15,2.6,Social
AP Art History Flashcards,FAMILY,5.0,1,10,Paid,29.99,Mature 17+,2016-01-19,96.0,Education
True Skate,SPORTS,4.4,129409,1000000,Paid,1.99,Everyone,2018-08-04,73.0,Sports
AP European History: Practice Tests and Flashcards,FAMILY,4.7,7,1000,Free,0.0,Everyone,2018-07-03,5.4,Education
AdventureQuest 3D MMO,FAMILY,4.3,22667,1000000,Free,0.0,Teen,2018-07-26,35.0,Role Playing
AdventureQuest Dragons,FAMILY,3.9,10114,100000,Free,0.0,Everyone,2018-06-13,48.0,Casual
Battle Gems (AdventureQuest),FAMILY,4.4,48427,500000,Free,0.0,Everyone 10+,2018-03-31,,Puzzle
Undead Assault,GAME,4.3,4704,100000,Free,0.0,Everyone 10+,2015-11-04,37.0,Arcade
Adventure Quest World Mobile Quiz,FAMILY,4.6,28,500,Free,0.0,Everyone,2018-01-16,26.0,Puzzle
Aqw&3d Design Notes Manager,FAMILY,4.5,11,500,Free,0.0,Everyone,2017-08-15,2.9,Entertainment
AQ Aspergers Test,MEDICAL,3.9,265,10000,Free,0.0,Everyone,2015-10-14,0.697265625,Medical
Guess the Class 🔥 AQW,GAME,4.7,57,1000,Free,0.0,Everyone,2017-11-01,12.0,Word
Puffin Web Browser,COMMUNICATION,4.3,541661,10000000,Free,0.0,Everyone,2018-07-09,,Communication
AQ Ria Retail,FAMILY,5.0,4,50,Free,0.0,Everyone,2018-04-03,52.0,Education
Accounting Quiz (AQ) Malaysia,FAMILY,5.0,25,1000,Free,0.0,Everyone,2018-01-29,,Education
Wowkwis aq Ka'qaquj,FAMILY,5.0,1,10,Free,0.0,Everyone,2018-02-16,49.0,Education
AccuWeather: Daily Forecast & Live Weather Reports,WEATHER,4.4,2052407,50000000,Free,0.0,Everyone,2018-08-02,,Weather
ClanHQ,COMMUNICATION,2.7,560,10000,Free,0.0,Everyone,2018-07-25,37.0,Communication
QuickShortcutMaker,PERSONALIZATION,4.6,41000,1000000,Free,0.0,Everyone,2014-02-23,2.0,Personalization
Moovit: Bus Time & Train Time Live Info,MAPS_AND_NAVIGATION,4.4,616742,10000000,Free,0.0,Everyone,2018-08-05,,Maps & Navigation
Iron Blade,GAME,4.4,161637,10000000,Free,0.0,Mature 17+,2018-07-18,82.0,Action
QR Droid,PRODUCTIVITY,4.1,349151,50000000,Free,0.0,Everyone,2018-08-01,,Productivity
QR BARCODE SCANNER,TOOLS,3.8,169369,10000000,Free,0.0,Everyone,2016-09-05,,Tools
Dungeon Boss – Strategy RPG,FAMILY,4.4,218881,5000000,Free,0.0,Everyone 10+,2018-03-28,37.0,Role Playing
Questland: Turn Based RPG,FAMILY,4.6,31134,1000000,Free,0.0,Everyone 10+,2018-08-02,48.0,Role Playing
Order & Chaos 2: 3D MMO RPG,FAMILY,4.1,242722,10000000,Free,0.0,Teen,2018-07-09,54.0,Role Playing
Dungeon Quest,FAMILY,4.5,244039,5000000,Free,0.0,Everyone 10+,2018-06-04,46.0,Role Playing
Dungeon Hunter 5 – Action RPG,FAMILY,4.2,720685,10000000,Free,0.0,Teen,2018-06-21,51.0,Role Playing
"Grow Stone Online : 2d pixel RPG, MMORPG game",FAMILY,4.7,84389,1000000,Free,0.0,Everyone,2018-08-05,48.0,Role Playing
Evil Apples: A Dirty Card Game,GAME,4.3,137696,5000000,Free,0.0,Mature 17+,2018-07-19,55.0,Word
Megatramp - a Story of Success!,FAMILY,4.3,322976,5000000,Free,0.0,Teen,2018-06-13,,Simulation
Knightfall™ AR,FAMILY,4.2,254,10000,Free,0.0,Teen,2018-03-17,25.0,Strategy
Ghost Snap AR Horror Survival,GAME,3.8,898,100000,Free,0.0,Teen,2016-12-21,33.0,Adventure
The Walking Dead: Our World,GAME,4.0,22435,1000000,Free,0.0,Teen,2018-08-01,100.0,Action
Jurassic World™ Alive,FAMILY,4.3,308944,5000000,Free,0.0,Everyone 10+,2018-08-02,70.0,Simulation
Snaappy – 3D fun AR core communication platform,SOCIAL,4.6,16801,1000000,Free,0.0,Everyone,2018-07-16,,Social
Sketchfab,FAMILY,4.3,906,50000,Free,0.0,Mature 17+,2018-03-09,9.2,Entertainment
Ingress,GAME,4.3,391325,10000000,Free,0.0,Everyone,2018-06-20,43.0,Adventure
My Tamagotchi Forever,FAMILY,4.3,28735,1000000,Free,0.0,Everyone,2018-08-01,91.0,Casual
"Egg, Inc.",FAMILY,4.7,580160,5000000,Free,0.0,Everyone,2018-06-13,29.0,Simulation
Houzz Interior Design Ideas,HOUSE_AND_HOME,4.6,353813,10000000,Free,0.0,Everyone,2018-08-01,,House & Home
Flat Pack,GAME,4.4,862,100000,Free,0.0,Everyone 10+,2018-03-16,44.0,Action
Crayola Color Blaster,GAME,3.8,17,1000,Free,0.0,Everyone,2018-03-13,30.0,Arcade
Guns of Boom - Online Shooter,GAME,4.6,1226514,10000000,Free,0.0,Teen,2018-07-20,99.0,Action
Guns Royale - Multiplayer Blocky Battle Royale,GAME,4.6,19070,100000,Free,0.0,Everyone 10+,2018-08-04,90.0,Action
Build.com - Shop Home Improvement & Expert Advice,HOUSE_AND_HOME,4.5,118,50000,Free,0.0,Everyone,2018-07-10,72.0,House & Home
Wayfair - Shop All Things Home,SHOPPING,4.5,20247,5000000,Free,0.0,Everyone,2018-08-03,47.0,Shopping
NYTimes - Latest News,NEWS_AND_MAGAZINES,3.9,63640,10000000,Free,0.0,Everyone 10+,2018-08-01,23.0,News & Magazines
"Overstock – Home Decor, Furniture Shopping",SHOPPING,4.4,25717,1000000,Free,0.0,Teen,2018-07-31,,Shopping
Stack It AR,GAME,3.8,1363,100000,Free,0.0,Everyone,2018-06-29,26.0,Arcade
"ARuler - AR Ruler app, Measure tools",TOOLS,4.3,1602,100000,Free,0.0,Everyone,2018-08-03,5.0,Tools
SNOW - AR Camera,PHOTOGRAPHY,4.3,1017237,50000000,Free,0.0,Everyone,2018-07-30,,Photography
Monster Park AR - Jurassic Dinosaurs in Real World,FAMILY,3.7,128,10000,Free,0.0,Everyone,2018-03-08,20.0,Entertainment
AR Remote Car,FAMILY,3.2,1354,100000,Free,0.0,Everyone,2017-08-12,30.0,Simulation
Solar System AR ( ARCore ),FAMILY,4.0,211,10000,Free,0.0,Everyone,2018-07-23,37.0,Entertainment
Super AR,FAMILY,3.8,410,10000,Free,0.0,Teen,2017-12-18,28.0,Entertainment
Spacecraft AR,FAMILY,4.4,83,10000,Free,0.0,Everyone,2018-06-28,85.0,Education
Assemblr - Create 3D Models (Sandbox AR),FAMILY,3.8,1745,1000000,Free,0.0,Everyone,2018-07-17,,Simulation
MCRAFT AR - EDITOR,FAMILY,3.4,131,5000,Free,0.0,Everyone,2018-06-24,22.0,Simulation
Jenga® AR,FAMILY,2.9,53,10000,Free,0.0,Everyone,2018-03-17,82.0,Puzzle
Nightenfell: Shared AR,GAME,4.5,20,1000,Paid,0.99,Everyone 10+,2018-03-27,65.0,Action
Portal AR - Step Into Scotland,TRAVEL_AND_LOCAL,3.7,25,5000,Free,0.0,Everyone,2018-06-04,43.0,Travel & Local
Arcraft - AR Sandbox,GAME,3.8,469,10000,Free,0.0,Everyone,2017-05-19,80.0,Adventure
Augment - 3D Augmented Reality,BUSINESS,4.1,25195,1000000,Free,0.0,Everyone,2018-02-26,21.0,Business
Satellite AR,BOOKS_AND_REFERENCE,4.1,9636,1000000,Free,0.0,Everyone,2011-09-22,0.0908203125,Books & Reference
Figment AR,FAMILY,3.7,22,5000,Free,0.0,Everyone,2018-07-10,90.0,Entertainment
AR Tank Battle,GAME,3.6,153,10000,Free,0.0,Everyone,2016-12-31,67.0,Action
Paint Space AR,FAMILY,3.0,17,1000,Free,0.0,Everyone,2018-03-07,32.0,Entertainment
"Just a Line - Draw Anywhere, with AR",FAMILY,4.1,1152,100000,Free,0.0,Everyone,2018-05-30,2.7,Entertainment
AR Toybox - Augmented Reality Demos,FAMILY,3.8,20,1000,Free,0.0,Everyone,2017-08-17,36.0,Simulation
"Mind Map AR, Augmented Reality ARCore Mind Mapping",PRODUCTIVITY,4.2,29,5000,Free,0.0,Everyone,2018-07-26,35.0,Productivity
【Miku AR Camera】Mikuture,FAMILY,4.4,36268,1000000,Free,0.0,Teen,2017-04-25,41.0,Entertainment
AR Toys: Playground Sandbox | Remote Car,FAMILY,4.5,153,10000,Free,0.0,Everyone,2018-08-03,,Simulation
Summer Camp Island AR,FAMILY,3.6,740,50000,Free,0.0,Everyone,2018-07-05,71.0,Simulation
AR Sport Cars,FAMILY,3.6,284,10000,Free,0.0,Everyone,2017-06-10,70.0,Simulation
AS - News and sports results.,SPORTS,3.7,20879,1000000,Free,0.0,Everyone,2018-06-09,22.0,Sports
MARCA - Diario Líder Deportivo,SPORTS,3.9,76340,5000000,Free,0.0,Everyone,2018-07-25,14.0,Sports
SleepCloud Backup for Sleep as Android,LIFESTYLE,4.2,2563,100000,Free,0.0,Everyone,2018-06-26,,Lifestyle
AS Guía de las Ligas 2017-2018,SPORTS,4.1,4374,100000,Free,0.0,Everyone,2017-09-14,53.0,Sports
Sleep as Android Unlock,LIFESTYLE,4.5,23966,1000000,Paid,5.99,Everyone,2018-06-27,0.8515625,Lifestyle
Sleep as Android Gear Addon,HEALTH_AND_FITNESS,2.8,961,100000,Free,0.0,Everyone,2018-02-27,1.3,Health & Fitness
Sleep as Android Garmin Addon,HEALTH_AND_FITNESS,2.6,114,10000,Free,0.0,Everyone,2018-06-20,1.6,Health & Fitness
"Sleep as Android: Sleep cycle tracker, smart alarm",LIFESTYLE,4.3,246201,10000000,Free,0.0,Everyone,2018-07-23,,Lifestyle
Sonic the Hedgehog™ Classic,GAME,4.4,125652,10000000,Free,0.0,Everyone,2018-06-18,56.0,Action
The Aether: Life as a God,FAMILY,4.1,1407,100000,Free,0.0,Everyone 10+,2018-03-12,3.4,Role Playing
CAPTCHA Pack for Sleep as Android,LIFESTYLE,4.0,448,50000,Free,0.0,Everyone,2018-06-08,3.1,Lifestyle
Pacific Navy Fighter C.E. (AS),GAME,4.3,11379,500000,Free,0.0,Everyone 10+,2018-07-29,20.0,Arcade
Lullaby Add-on for Sleep as Android,HEALTH_AND_FITNESS,3.9,2057,50000,Paid,1.99,Everyone,2017-10-18,6.2,Health & Fitness
Sleep as Microsoft Band Add-On,LIFESTYLE,3.5,28,1000,Free,0.0,Everyone,2016-01-23,0.1181640625,Lifestyle
Ear Agent: Super Hearing,COMMUNICATION,3.7,42329,5000000,Free,0.0,Everyone,2018-06-04,,Communication
Ninja Turtles: Legends,FAMILY,4.3,344283,10000000,Free,0.0,Teen,2017-12-18,95.0,Role Playing
Timely Alarm Clock,LIFESTYLE,4.3,258717,10000000,Free,0.0,Everyone,2017-09-25,9.4,Lifestyle
PDF Viewer & Book Reader,PRODUCTIVITY,4.1,40437,5000000,Free,0.0,Everyone,2018-02-06,,Productivity
My OldBoy! Free - GBC Emulator,GAME,4.2,51787,5000000,Free,0.0,Everyone,2018-01-12,,Arcade
My Boy! Free - GBA Emulator,GAME,4.3,531074,10000000,Free,0.0,Everyone,2018-01-09,2.5,Arcade
Google Voice,COMMUNICATION,4.2,171052,10000000,Free,0.0,Everyone,2018-08-03,,Communication
Choices: Stories You Play,FAMILY,4.6,807155,10000000,Free,0.0,Teen,2018-07-30,93.0,Simulation
Samsung Health,HEALTH_AND_FITNESS,4.3,480208,500000000,Free,0.0,Everyone,2018-07-31,70.0,Health & Fitness
WiFi Baby Monitor - NannyCam,VIDEO_PLAYERS,4.1,29867,5000000,Free,0.0,Everyone,2017-05-24,1.7,Video Players & Editors
Maleficent Free Fall,FAMILY,4.4,450013,10000000,Free,0.0,Everyone,2018-07-11,37.0,Puzzle
Star Wars™: Force Arena,FAMILY,4.4,228130,5000000,Free,0.0,Everyone 10+,2018-07-19,70.0,Strategy
Runtastic Sleep Better: Sleep Cycle & Smart Alarm,HEALTH_AND_FITNESS,4.1,111465,5000000,Free,0.0,Everyone,2018-07-25,,Health & Fitness
Google Pay,FINANCE,4.2,348132,100000000,Free,0.0,Everyone,2018-07-26,,Finance
Alarm Clock Plus★,LIFESTYLE,4.4,155693,5000000,Free,0.0,Everyone,2014-09-30,,Lifestyle
Image 2 Wallpaper,TOOLS,4.3,81668,5000000,Free,0.0,Everyone,2016-12-26,,Tools
PS4 Second Screen,FAMILY,2.4,11773,1000000,Free,0.0,Everyone,2018-06-13,3.3,Entertainment
Alarm Clock: Stopwatch & Timer,PRODUCTIVITY,4.5,870928,50000000,Free,0.0,Everyone,2018-06-08,16.0,Productivity
Ringtone Maker,PERSONALIZATION,4.3,495748,50000000,Free,0.0,Everyone,2018-07-29,,Personalization
SAMURAI vs ZOMBIES DEFENSE,GAME,4.5,407788,5000000,Free,0.0,Everyone,2013-07-18,19.0,Action
Seen,FAMILY,4.5,118285,1000000,Free,0.0,Teen,2018-05-24,22.0,Simulation
Google Allo,COMMUNICATION,4.3,347086,10000000,Free,0.0,Everyone,2018-01-23,,Communication
Plants vs. Zombies™ Heroes,FAMILY,4.4,379245,10000000,Free,0.0,Everyone,2018-06-26,68.0,Casual
CM FILE MANAGER HD,PRODUCTIVITY,4.3,144873,10000000,Free,0.0,Everyone,2016-01-24,,Productivity
Ringdroid,VIDEO_PLAYERS,4.4,326232,50000000,Free,0.0,Everyone,2016-12-03,,Video Players & Editors
Twilight: Blue light filter,HEALTH_AND_FITNESS,4.6,318134,5000000,Free,0.0,Everyone,2018-05-29,,Health & Fitness
AT&T THANKS®,FAMILY,3.4,2445,500000,Free,0.0,Everyone,2018-07-11,34.0,Entertainment
Galaxy at War Online,FAMILY,3.9,65119,1000000,Free,0.0,Everyone 10+,2018-05-22,46.0,Strategy
Kingdoms at War: Hardcore PVP,FAMILY,4.3,34898,1000000,Free,0.0,Teen,2018-06-28,92.0,Strategy
Five Nights at Freddy's 4 Demo,GAME,4.4,889425,10000000,Free,0.0,Teen,2015-07-26,45.0,Action
Five Nights at Freddy's 3 Demo,GAME,4.5,1041836,10000000,Free,0.0,Teen,2015-04-02,50.0,Action
Fandom: Five Nights at Freddys,FAMILY,4.4,17945,1000000,Free,0.0,Mature 17+,2018-06-06,9.5,Entertainment
MLB At Bat,SPORTS,4.2,82857,5000000,Free,0.0,Everyone,2018-07-30,,Sports
Nights at Cube Pizzeria 3D – 2,GAME,4.0,47151,5000000,Free,0.0,Everyone 10+,2017-12-26,36.0,Action
World at War: WW2 Strategy MMO,FAMILY,4.3,107765,5000000,Free,0.0,Everyone 10+,2018-05-25,78.0,Strategy
HotelTonight: Book amazing deals at great hotels,TRAVEL_AND_LOCAL,4.4,57556,5000000,Free,0.0,Everyone,2018-07-31,,Travel & Local
Five Tries At Love Dating Sim,FAMILY,4.2,37165,1000000,Free,0.0,Teen,2018-02-14,22.0,Simulation
Rivals at War: 2084,FAMILY,4.0,174127,5000000,Free,0.0,Teen,2016-10-03,48.0,Simulation
Multiple Videos at Same Time,VIDEO_PLAYERS,4.4,4706,1000000,Free,0.0,Everyone,2018-06-19,1.5,Video Players & Editors
Five Nights at Freddy's 2,FAMILY,4.6,73919,500000,Paid,2.99,Teen,2014-11-15,40.0,Strategy
Coloring Book at Five Nights,FAMILY,4.0,532,100000,Free,0.0,Everyone,2017-06-06,6.5,Educational
Rivals at War: Firefight,GAME,4.4,344819,5000000,Free,0.0,Teen,2016-10-18,51.0,Action
Five nights at Minecraft,FAMILY,3.5,9335,1000000,Free,0.0,Everyone,2017-11-26,12.0,Entertainment
Five Nights at Freddy's,GAME,4.6,100805,1000000,Paid,2.99,Teen,2014-12-02,50.0,Action
Nights at Cube Pizzeria 3D – 3,FAMILY,4.0,15875,1000000,Free,0.0,Teen,2017-03-03,40.0,Simulation
7 Nights at Pixel Pizzeria - 2,GAME,4.0,23168,1000000,Free,0.0,Teen,2018-07-09,54.0,Adventure
Nights at Slender Pizzeria 3D,GAME,4.1,2628,100000,Free,0.0,Teen,2017-05-22,45.0,Adventure
DIRECTV,FAMILY,4.1,235486,10000000,Free,0.0,Teen,2018-06-01,63.0,Entertainment
One Night at Golden Freddy's,GAME,3.3,2717,100000,Free,0.0,Teen,2017-12-07,4.0,Action
DIRECTV for Tablets,FAMILY,3.9,24123,1000000,Free,0.0,Teen,2018-06-01,69.0,Entertainment
Nights at Cube Pizzeria 3D – 4,GAME,4.1,7728,500000,Free,0.0,Teen,2018-07-17,39.0,Adventure
Five Nights at Neighbor House,GAME,4.2,2180,100000,Free,0.0,Everyone 10+,2018-01-26,55.0,Action
Asylum Night Shift - Five Nights Survival,GAME,4.0,59223,5000000,Free,0.0,Teen,2018-06-26,46.0,Action
Five Nights at Freddy's: SL,GAME,4.5,16162,100000,Paid,2.99,Teen,2017-04-06,99.0,Action
Two Nights at jumpscare,GAME,3.8,596,100000,Free,0.0,Teen,2017-08-17,91.0,Adventure
Five Nights at Pizzeria,GAME,3.5,1976,100000,Free,0.0,Teen,2018-03-03,21.0,Action
Block Battles: Heroes at War - Multiplayer PVP,GAME,4.3,6698,500000,Free,0.0,Everyone 10+,2016-05-14,46.0,Action
Five Nights at Freddy's 4,GAME,4.6,21266,100000,Paid,2.99,Teen,2015-07-26,45.0,Action
Five Nights at Flappy's,GAME,4.7,4041,10000,Free,0.0,Everyone,2017-06-27,24.0,Arcade
5 Nights at Cube Pizzeria City,GAME,3.8,2691,100000,Free,0.0,Teen,2017-02-22,52.0,Adventure
Five Nights at Freddy's 3,GAME,4.7,27856,100000,Paid,2.99,Teen,2015-04-02,50.0,Action
Undertale AU Amino,SOCIAL,4.8,5369,50000,Free,0.0,Teen,2018-07-13,63.0,Social
au,FAMILY,3.2,9126,1000000,Free,0.0,Everyone,2016-06-08,5.8,Strategy
Audiobooks from Audible,BOOKS_AND_REFERENCE,4.5,568922,100000000,Free,0.0,Teen,2018-08-01,,Books & Reference
Au Mobile: Audition Chính Hiệu,GAME,3.9,85278,1000000,Free,0.0,Mature 17+,2018-07-17,23.0,Music
AU Mobile Indonesia,GAME,3.6,16521,1000000,Free,0.0,Everyone,2018-05-09,23.0,Music
Au Bon Pain,FOOD_AND_DRINK,3.7,70,10000,Free,0.0,Everyone,2018-07-23,26.0,Food & Drink
Au Pair Legend,LIFESTYLE,4.4,28,1000,Free,0.0,Everyone,2018-07-19,8.8,Lifestyle
Super Dancer,GAME,4.1,91667,1000000,Free,0.0,Everyone,2018-07-24,27.0,Arcade
AU Results - AU COE Corner,FAMILY,4.0,664,100000,Free,0.0,Everyone,2017-12-14,2.1,Education
"view.com.au - Buy, Rent or Research Real Estate",LIFESTYLE,3.1,212,50000,Free,0.0,Everyone,2017-09-26,12.0,Lifestyle
Au Weather Free,WEATHER,4.0,1185,100000,Free,0.0,Everyone,2018-06-18,5.0,Weather
BringGo AU & NZ,MAPS_AND_NAVIGATION,2.8,440,10000,Paid,0.99,Everyone,2018-05-10,23.0,Maps & Navigation
AU Spark,FAMILY,3.7,681,10000,Free,0.0,Everyone,2018-08-01,8.2,Education
Rugby AU,SPORTS,2.7,17,1000,Free,0.0,Everyone,2017-12-21,14.0,Sports
Learners Test Free: AU Driver Knowledge Test (DKT),FAMILY,3.9,623,100000,Free,0.0,Everyone,2018-03-26,8.5,Education
"realestate.com.au - Buy, Rent & Sell Property",HOUSE_AND_HOME,3.8,14657,1000000,Free,0.0,Everyone,2018-07-16,,House & Home
Au-allstar for KR,GAME,3.6,2433,100000,Free,0.0,Everyone,2018-06-15,47.0,Music
STUCOR - AU,FAMILY,4.5,1827,100000,Free,0.0,Everyone,2018-06-05,12.0,Education
loans.com.au Smart Money,FINANCE,3.5,30,1000,Free,0.0,Everyone,2018-05-27,17.0,Finance
AU Students Zone (Result 2016),FAMILY,4.0,97,10000,Free,0.0,Everyone,2016-07-01,3.9,Education
AU Results 2017 Auzone,FAMILY,3.8,762,100000,Free,0.0,Everyone,2017-02-01,4.1,Education
Au Pair,SOCIAL,3.6,58,10000,Free,0.0,Everyone,2017-08-14,15.0,Social
AU Call Blocker - Block Unwanted Calls Texts 2018,COMMUNICATION,4.2,16,1000,Free,0.0,Everyone,2018-04-24,3.3,Communication
realcommercial.com.au,BUSINESS,4.4,128,50000,Free,0.0,Everyone,2018-06-26,6.7,Business
Powershop AU,TOOLS,4.0,498,10000,Free,0.0,Everyone,2018-07-12,11.0,Tools
Australia Newspapers - AU News Apps,NEWS_AND_MAGAZINES,4.7,48,1000,Free,0.0,Everyone,2018-07-08,4.1,News & Magazines
Dance On Mobile,FAMILY,4.1,23609,1000000,Free,0.0,Teen,2018-04-13,31.0,Casual
Super Dancer VN,GAME,4.0,24312,500000,Free,0.0,Everyone,2018-07-22,25.0,Music
Neuvaine au Saint-Esprit,LIFESTYLE,4.7,57,10000,Free,0.0,Everyone,2017-09-18,5.8,Lifestyle
allhomes.com.au,HOUSE_AND_HOME,3.8,874,100000,Free,0.0,Everyone,2018-08-01,12.0,House & Home
Jobs in Canada - Emplois au Canada,BUSINESS,5.0,2,1000,Free,0.0,Teen,2018-08-05,14.0,Business
Predator Calls for Hunting AU,SPORTS,4.4,27,10000,Free,0.0,Everyone,2016-08-03,78.0,Sports
Love Dance,GAME,4.0,29462,1000000,Free,0.0,Teen,2018-06-14,44.0,Music
Avatar Musik,GAME,3.8,159063,1000000,Free,0.0,Everyone,2018-02-09,85.0,Music
Job'Of - Emploi au Cameroun,BUSINESS,4.1,294,10000,Free,0.0,Everyone,2018-07-05,9.8,Business
Mali 7 - Actualités au Mali,NEWS_AND_MAGAZINES,4.3,697,50000,Free,0.0,Everyone,2017-04-08,5.7,News & Magazines
AVG AntiVirus 2018 for Android Security,TOOLS,4.5,6207063,100000000,Free,0.0,Everyone,2018-08-03,,Tools
AV Tools,TOOLS,4.4,631,100000,Free,0.0,Everyone,2016-09-22,,Tools
Total AV,PRODUCTIVITY,3.4,617,100000,Free,0.0,Everyone,2018-04-17,46.0,Productivity
日本AV历史,BOOKS_AND_REFERENCE,4.1,215,10000,Free,0.0,Teen,2018-03-06,30.0,Books & Reference
AV Buddy Free,FAMILY,4.1,25,5000,Free,0.0,Everyone,2017-03-08,47.0,Education
AV HD Video Player,FAMILY,3.8,6,1000,Free,0.0,Everyone,2018-01-19,23.0,Entertainment
AV Tools Pro,TOOLS,4.3,35,1000,Paid,2.49,Everyone,2016-09-22,,Tools
Avakin Life - 3D virtual world,FAMILY,4.4,1275373,10000000,Free,0.0,Teen,2018-07-03,91.0,Role Playing
AV-IPTV,VIDEO_PLAYERS,4.4,43,1000,Free,0.0,Everyone,2018-04-27,44.0,Video Players & Editors
Video Player All Format,VIDEO_PLAYERS,4.8,258277,10000000,Free,0.0,Everyone,2018-08-03,,Video Players & Editors
"HD Video Player (wmv,avi,mp4,flv,av,mpg,mkv)2017",VIDEO_PLAYERS,3.3,171,10000,Free,0.0,Everyone,2017-08-10,4.8,Video Players & Editors
Baby Monitor AV,COMMUNICATION,3.3,1434,100000,Free,0.0,Everyone,2014-03-06,9.5,Communication
HD Video Player - Video & MP3 Player | AV Player |,VIDEO_PLAYERS,4.4,22,5000,Free,0.0,Everyone,2018-03-06,19.0,Video Players & Editors
Remote for Onkyo AV Receivers & Smart TV/Blu-Ray,TOOLS,3.7,701,100000,Free,0.0,Everyone,2018-07-31,7.3,Tools
LG AV REMOTE,TOOLS,3.4,2420,1000000,Free,0.0,Everyone,2016-06-03,1.8,Tools
App Seguridad AV Villas,FINANCE,2.3,251,50000,Free,0.0,Everyone,2017-10-12,5.7,Finance
Gogo Vision (Biz Av),FAMILY,3.3,11,1000,Free,0.0,Teen,2017-08-23,7.3,Entertainment
Ai-Ball AV Recorder,PHOTOGRAPHY,2.7,90,5000,Paid,2.99,Everyone,2017-10-19,4.0,Photography
Norton Security and Antivirus,TOOLS,4.6,1170641,10000000,Free,0.0,Everyone,2018-07-26,26.0,Tools
AV Pro Voice Changer,FAMILY,3.5,174,50000,Free,0.0,Everyone,2016-06-29,5.6,Entertainment
Remote For Pioneer AV Receivers and Blu-Ray,TOOLS,3.4,150,50000,Free,0.0,Everyone,2018-06-01,7.3,Tools
AV Phonetics,FAMILY,4.3,259,10000,Free,0.0,Everyone,2017-02-22,49.0,Education
AV MAX,LIFESTYLE,4.1,9,1000,Free,0.0,Everyone,2018-07-18,8.7,Lifestyle
Kaspersky Mobile Antivirus: AppLock & Web Security,TOOLS,4.7,2598579,50000000,Free,0.0,Everyone,2018-07-24,49.0,Tools
"Mobile Security: Antivirus, Web Scan & App Lock",PRODUCTIVITY,4.4,574719,10000000,Free,0.0,Everyone,2018-07-16,20.0,Productivity
MyAV Remote for Denon & Marantz AV Receivers,LIFESTYLE,3.8,250,50000,Free,0.0,Everyone,2018-07-31,7.3,Lifestyle
EML UPnP-AV Control Point,VIDEO_PLAYERS,3.0,78,10000,Free,0.0,Everyone,2013-09-19,0.314453125,Video Players & Editors
Kinot & Eichah for Tisha B'Av,BOOKS_AND_REFERENCE,4.4,98,10000,Free,0.0,Everyone,2014-08-04,6.3,Books & Reference
Samsung TV AV Guide 2016,TOOLS,4.2,27,5000,Free,0.0,Everyone,2016-05-17,3.4,Tools
Professional AV Solution & Products information,PRODUCTIVITY,4.5,24,1000,Free,0.0,Everyone,2017-07-12,22.0,Productivity
AV High School District,FAMILY,3.5,91,10000,Free,0.0,Everyone,2018-04-05,25.0,Education
Bitdefender Antivirus Free,TOOLS,4.5,78629,1000000,Free,0.0,Everyone,2018-07-20,6.3,Tools
DEER HUNTER 2018,GAME,4.3,955614,10000000,Free,0.0,Teen,2018-06-26,82.0,Action
Kinot Tisha'a Be'av - Ashkenaz,LIFESTYLE,4.5,82,5000,Free,0.0,Everyone,2015-07-26,8.7,Lifestyle
"Avast Cleanup & Boost, Phone Cleaner, Optimizer",TOOLS,4.5,648380,10000000,Free,0.0,Everyone,2018-08-01,24.0,Tools
AW - free video calls and chat,COMMUNICATION,4.0,7317,1000000,Free,0.0,Teen,2018-07-04,,Communication
Aw Restaurant,FAMILY,4.8,4,100,Free,0.0,Everyone,2018-02-06,43.0,Casual
AW Screen Recorder No Root,VIDEO_PLAYERS,4.3,1659,100000,Free,0.0,Everyone,2017-07-06,3.7,Video Players & Editors
A&W Restaurants,FOOD_AND_DRINK,1.7,14,1000,Free,0.0,Everyone,2018-06-06,13.0,Food & Drink
Add Watermark Free,PHOTOGRAPHY,4.3,18325,1000000,Free,0.0,Everyone,2017-09-03,,Photography
AW Tozer Devotionals - Daily,BOOKS_AND_REFERENCE,4.2,8,5000,Free,0.0,Everyone,2016-10-07,3.9,Books & Reference
Analog Clock AW Plus-7,TOOLS,4.2,725,100000,Free,0.0,Everyone,2018-03-14,3.0,Tools
Analog Clock AW-7,TOOLS,4.3,2158,100000,Free,0.0,Everyone,2018-03-07,3.0,Tools
Armored Warfare: Assault,GAME,4.0,7718,100000,Free,0.0,Everyone,2018-08-02,46.0,Action
Watch AW-7,TOOLS,4.2,249,50000,Free,0.0,Everyone,2018-03-17,3.0,Tools
AW TeamUp,NEWS_AND_MAGAZINES,4.6,9,500,Free,0.0,Everyone,2018-06-04,17.0,News & Magazines
Auction Wars : Storage King,GAME,4.1,29062,1000000,Free,0.0,Everyone,2017-09-15,63.0,Casino
AW Training,FAMILY,4.6,11,1000,Free,0.0,Everyone,2018-07-05,17.0,Education
Digital Clock AW-7,TOOLS,4.1,484,100000,Free,0.0,Everyone,2018-03-06,2.9,Tools
Analog and Digital Clock AW-7,TOOLS,4.0,202,50000,Free,0.0,Everyone,2018-03-15,2.9,Tools
Analog Clock AW-7 PRO,TOOLS,3.3,40,1000,Paid,1.99,Everyone,2018-03-07,2.7,Tools
AW Reader: news & apps [Dutch],NEWS_AND_MAGAZINES,4.1,1948,100000,Free,0.0,Everyone,2018-02-22,,News & Magazines
AW Browser with Chrome Custom Tabs,TOOLS,4.0,9,500,Free,0.0,Everyone,2018-05-17,4.7,Tools
Roman Clock AW-7,TOOLS,4.4,52,5000,Free,0.0,Everyone,2018-03-17,3.0,Tools
Square Analog Clock AW-7,TOOLS,4.2,294,50000,Free,0.0,Everyone,2018-03-10,3.0,Tools
iSniper 3D Arctic Warfare,GAME,3.8,35572,1000000,Free,0.0,Teen,2013-09-04,,Arcade
AirWatch Agent,BUSINESS,3.1,20973,5000000,Free,0.0,Everyone,2018-08-01,31.0,Business
Tozer Devotional -Series 1,BOOKS_AND_REFERENCE,5.0,5,1000,Free,0.0,Everyone,2016-10-08,4.3,Books & Reference
Modern Action Commando 3D,GAME,4.2,492,100000,Free,0.0,Teen,2017-04-06,63.0,Action
HCP Anywhere,BUSINESS,4.7,114,5000,Free,0.0,Everyone,2018-03-30,8.6,Business
Call of Duty®: Heroes,GAME,4.4,1604146,10000000,Free,0.0,Teen,2018-06-27,57.0,Action
Ultimate Watch 2 watch face,PERSONALIZATION,4.6,285,10000,Paid,0.99,Everyone,2018-06-04,,Personalization
Amber Weather,WEATHER,4.4,260137,10000000,Free,0.0,Everyone 10+,2018-07-16,13.0,Weather
Advanced Warfare Guns,FAMILY,2.9,2079,100000,Free,0.0,Everyone,2015-06-06,5.6,Entertainment
AirWatch Inbox,BUSINESS,2.7,8346,1000000,Free,0.0,Everyone,2017-09-20,,Business
Pujie Black Watch Face for Android Wear OS,PERSONALIZATION,4.6,7264,100000,Paid,1.99,Everyone,2017-11-16,,Personalization
Bits Watch Face,PRODUCTIVITY,4.0,6205,100000,Free,0.0,Everyone,2018-02-05,,Productivity
Video Editor,VIDEO_PLAYERS,3.8,1156,100000,Free,0.0,Everyone,2015-10-20,23.0,Video Players & Editors
The Pursuit of God,BOOKS_AND_REFERENCE,4.8,6,1000,Free,0.0,Everyone,2017-02-14,1.6,Books & Reference
Food-Aw - Order Food Online in Aruba,FOOD_AND_DRINK,5.0,1,100,Free,0.0,Everyone,2018-04-05,24.0,Food & Drink
F05WatchFace for Android Wear,PRODUCTIVITY,3.9,127,1000,Paid,0.99,Everyone,2017-12-24,5.9,Productivity
ByssWeather for Wear OS,WEATHER,4.2,19666,1000000,Free,0.0,Everyone,2018-04-11,,Weather
AW - Le News di AndroidWorld,NEWS_AND_MAGAZINES,4.1,2808,100000,Free,0.0,Everyone,2016-02-08,,News & Magazines
Anime Expo 2018,FAMILY,4.7,54,10000,Free,0.0,Everyone,2018-06-08,44.0,Entertainment
Adventure Xpress,FAMILY,4.2,24775,100000,Free,0.0,Everyone 10+,2015-10-12,30.0,Puzzle
AXE.IO - Brutal Survival Battleground,GAME,4.2,3845,500000,Free,0.0,Everyone 10+,2018-08-03,76.0,Arcade
Dynamics AX,BUSINESS,3.7,244,10000,Free,0.0,Everyone,2015-10-26,0.953125,Business
AX Player -Nougat Video Player,VIDEO_PLAYERS,4.1,15765,1000000,Free,0.0,Everyone,2014-09-12,10.0,Video Players & Editors
Armani Exchange Connected,LIFESTYLE,4.1,305,10000,Free,0.0,Everyone,2017-07-04,44.0,Lifestyle
Axe Champ,GAME,3.8,141,10000,Free,0.0,Everyone,2018-05-26,19.0,Arcade
AX Battery Saver,FINANCE,4.6,4546,100000,Free,0.0,Everyone,2018-02-08,3.0,Finance
Axe Champion,GAME,4.4,21,5000,Free,0.0,Everyone,2018-05-28,15.0,Arcade
Vikings Stickman Axe Fighting,GAME,4.2,924,100000,Free,0.0,Everyone,2017-10-21,43.0,Arcade
AX Video Player,VIDEO_PLAYERS,4.4,569,50000,Free,0.0,Everyone,2015-11-11,2.6,Video Players & Editors
Axetatic - Axe Throwing Game,GAME,4.6,29,1000,Free,0.0,Everyone 10+,2017-10-22,31.0,Arcade
Axe Champs! Wars,GAME,5.0,8,50,Free,0.0,Everyone,2018-06-26,25.0,Arcade
Axe Knight,GAME,4.5,52,5000,Free,0.0,Everyone,2018-06-26,33.0,Action
Axxess AX-DSP,TOOLS,3.5,17,5000,Free,0.0,Everyone,2018-06-04,7.4,Tools
Axxess Updater,TOOLS,3.9,56,10000,Free,0.0,Everyone,2016-12-19,2.3,Tools
The Vikings,GAME,4.4,15806,1000000,Free,0.0,Teen,2018-06-06,42.0,Arcade
Axe Spinner,FAMILY,3.0,2,10,Free,0.0,Everyone,2018-01-04,,Casual
Knife&Axe Throwing,GAME,3.1,440,50000,Free,0.0,Everyone,2012-11-26,9.1,Arcade
Stickman and Axe,GAME,4.4,69,50000,Free,0.0,Teen,2017-11-25,2.8,Action
Q7 SmartWatch,HEALTH_AND_FITNESS,3.0,94,10000,Free,0.0,Everyone,2018-07-09,30.0,Health & Fitness
Axe Man,GAME,3.7,53,1000,Free,0.0,Everyone,2015-02-23,14.0,Adventure
Throw Knife,FAMILY,3.7,291,100000,Free,0.0,Everyone,2017-09-14,37.0,Simulation
Dead Zombie Evil Killer:Axe,GAME,3.9,71,10000,Free,0.0,Teen,2016-12-01,52.0,Action
INTERACTIVE CALCULUS FOR MATHS AND PHYSICS,FAMILY,4.8,53,1000,Free,0.0,Everyone,2018-02-28,4.4,Education
Zlax.io Zombs Luv Ax,GAME,4.6,6344,500000,Free,0.0,Everyone,2018-04-04,32.0,Action
AX Selfie,LIFESTYLE,4.6,10,500,Free,0.0,Everyone,2015-08-31,3.4,Lifestyle
Ax 3 Domaines,SPORTS,4.5,12,1000,Free,0.0,Everyone,2018-01-26,23.0,Sports
Clash of Axe: Flippy Lumberjack Action X,GAME,4.3,6,1000,Free,0.0,Everyone,2017-09-14,61.0,Action
Flippy Axe : Flip The Knife & Axe Simulator,GAME,5.0,7,100,Free,0.0,Everyone,2017-09-27,15.0,Arcade
Axe Clicker,FAMILY,4.3,10446,500000,Free,0.0,Everyone,2018-07-13,64.0,Casual
Axe Wallpaper,PERSONALIZATION,4.7,9,100,Free,0.0,Teen,2017-02-03,12.0,Personalization
Woodman Deluxe,GAME,4.0,82,5000,Free,0.0,Everyone,2015-07-06,4.4,Action
Ay,VIDEO_PLAYERS,3.8,11,5000,Free,0.0,Teen,2018-05-04,3.6,Video Players & Editors
A-Y Collection,SHOPPING,5.0,2,100,Free,0.0,Teen,2018-02-16,2.9,Shopping
AY Sing,BOOKS_AND_REFERENCE,4.8,111,5000,Free,0.0,Everyone,2018-05-21,10.0,Books & Reference
Ay Up,FAMILY,4.5,11,100,Free,0.0,Everyone,2015-10-27,7.2,Entertainment
"AY Recorder - Screen Recorder, Live, Video Editor",TOOLS,4.3,12,500,Free,0.0,Everyone,2017-05-15,3.8,Tools
camera zoom moon,PHOTOGRAPHY,3.7,1213,500000,Free,0.0,Everyone,2018-01-23,1.1,Photography
Ay Hasnain k Nana Milad Naat,BOOKS_AND_REFERENCE,4.3,72,10000,Free,0.0,Everyone,2015-12-21,1.9,Books & Reference
¡Ay Metro!,GAME,3.8,489,10000,Free,0.0,Everyone 10+,2015-03-17,36.0,Arcade
Lunar Calendar,LIFESTYLE,4.5,484,1000,Paid,4.99,Mature 17+,2018-07-17,,Lifestyle
Pinoy Kid Song Ako ay may Lobo,FAMILY,4.6,23,10000,Free,0.0,Everyone,2016-09-12,17.0,Education
Lunar Calendar Lite,LIFESTYLE,4.1,2954,100000,Free,0.0,Mature 17+,2018-07-17,,Lifestyle
Ay Mohabbat Teri Khatir Novel,BOOKS_AND_REFERENCE,4.2,27,10000,Free,0.0,Everyone,2018-01-30,4.3,Books & Reference
Quran Khmer Offline AY,FAMILY,5.0,41,1000,Free,0.0,Everyone,2017-12-13,4.0,Education
Google Play Games,FAMILY,4.3,7168735,1000000000,Free,0.0,Teen,2018-07-16,,Entertainment
Sun & Moon AR Locator,WEATHER,3.3,115,10000,Free,0.0,Everyone,2017-02-23,5.1,Weather
Display Phone Screen On TV,TOOLS,3.6,9895,1000000,Free,0.0,Everyone,2017-02-03,2.7,Tools
San Andreas Crime Stories,GAME,4.0,162530,10000000,Free,0.0,Mature 17+,2018-07-02,97.0,Racing
Masha and The Bear,FAMILY,4.0,39779,5000000,Free,0.0,Everyone,2016-08-05,19.0,Video Players & Editors
Miami crime simulator,GAME,4.0,254518,10000000,Free,0.0,Mature 17+,2018-07-09,100.0,Action
ai.type Free Emoji Keyboard,PERSONALIZATION,4.3,647721,10000000,Free,0.0,Everyone,2018-07-24,,Personalization
Strange Hero: Future Battle,GAME,4.2,88901,10000000,Free,0.0,Teen,2018-05-24,73.0,Action
Gangster Town: Vice District,FAMILY,4.3,65146,10000000,Free,0.0,Mature 17+,2018-05-31,100.0,Simulation
iMediaShare – Photos & Music,VIDEO_PLAYERS,4.2,104551,10000000,Free,0.0,Everyone,2017-12-19,18.0,Video Players & Editors
Earth & Moon in HD Gyro 3D Parallax Live Wallpaper,PERSONALIZATION,4.5,66321,5000000,Free,0.0,Everyone,2018-06-11,18.0,Personalization
Mad Day - Truck Distance Game,GAME,4.3,29270,5000000,Free,0.0,Everyone,2018-07-25,44.0,Action
AZ Screen Recorder - No Root,VIDEO_PLAYERS,4.6,751911,10000000,Free,0.0,Everyone,2018-08-02,,Video Players & Editors
AZ Browser. Private & Download,COMMUNICATION,4.4,1520,100000,Free,0.0,Everyone,2016-12-31,5.2,Communication
AZ Lottery Players Club,FAMILY,4.2,97,10000,Free,0.0,Everyone,2018-07-09,8.9,Entertainment
AZ Plugin 2 (newest),LIBRARIES_AND_DEMO,4.2,11087,1000000,Free,0.0,Everyone,2017-03-16,34.0,Libraries & Demo
Kids A-Z,FAMILY,4.2,26426,1000000,Free,0.0,Everyone,2018-08-02,30.0,Education
AZ Camera - Manual Pro Cam,PHOTOGRAPHY,3.4,2332,100000,Free,0.0,Everyone,2015-08-28,1.6,Photography
A-Z App Store,PRODUCTIVITY,3.2,2728,500000,Free,0.0,Everyone,2016-10-05,4.4,Productivity
AZ Screen Recorder pro,TOOLS,4.0,60,5000,Free,0.0,Everyone,2018-03-19,3.7,Tools
Permit Test AZ Arizona MVD DOT,FAMILY,4.6,227,10000,Free,0.0,Everyone,2017-10-12,11.0,Education
AZ PLAYER HD,TOOLS,3.2,24,10000,Free,0.0,Everyone,2016-04-11,4.7,Tools
Long Realty AZ Home Search,LIFESTYLE,4.4,132,10000,Free,0.0,Everyone,2018-03-06,33.0,Lifestyle
NB|AZ Mobile Banking,FINANCE,4.0,463,10000,Free,0.0,Everyone,2018-04-05,13.0,Finance
Movie Downloader Torrent : Az Torrent,VIDEO_PLAYERS,4.7,70,1000,Free,0.0,Everyone,2018-07-07,14.0,Video Players & Editors
AZ Immune Related AEManagement,MEDICAL,3.7,3,500,Free,0.0,Everyone,2018-05-24,7.3,Medical
Alphabet A-Z,FAMILY,3.9,306,100000,Free,0.0,Everyone,2014-04-17,,Casual
AZ Rockets,GAME,4.2,162,10000,Free,0.0,Everyone,2018-05-25,37.0,Arcade
NB|AZ Business Mobile Banking,FINANCE,4.1,44,1000,Free,0.0,Everyone,2018-04-05,13.0,Finance
Az Content,FAMILY,3.5,24,10000,Free,0.0,Everyone,2018-06-05,13.0,Entertainment
Catalyst AZ,FAMILY,4.8,12,500,Free,0.0,Teen,2018-06-27,8.4,Education
Casino AZ/Talking Stick Resort,TRAVEL_AND_LOCAL,4.3,201,10000,Free,0.0,Everyone,2018-07-16,45.0,Travel & Local
Graffiti Letters (A-Z),LIFESTYLE,3.9,386,50000,Free,0.0,Everyone,2017-02-18,7.9,Lifestyle
First Credit Union (AZ) Mobile,FINANCE,3.5,100,10000,Free,0.0,Everyone,2017-06-13,11.0,Finance
Arizona Mobile,FAMILY,4.3,285,10000,Free,0.0,Everyone,2017-11-07,6.2,Education
AZ Mobile Gizmo,BUSINESS,4.4,16,1000,Free,0.0,Everyone,2018-04-02,3.7,Business
Az Video Status,FAMILY,4.8,13,100,Free,0.0,Everyone,2018-08-02,6.0,Entertainment
"Arizona Statutes, ARS (AZ Law)",BOOKS_AND_REFERENCE,3.9,9,1000,Free,0.0,Everyone,2017-10-18,8.8,Books & Reference
Explore Sedona & Northern AZ,TRAVEL_AND_LOCAL,3.8,43,10000,Free,0.0,Everyone,2017-03-07,22.0,Travel & Local
Arizona DMV Permit Test - AZ,FAMILY,4.2,109,10000,Free,0.0,Everyone,2018-02-15,30.0,Education
Oxford A-Z of English Usage,BOOKS_AND_REFERENCE,4.0,5300,1000000,Free,0.0,Everyone,2017-11-28,11.0,Books & Reference
Cures A-Z,HEALTH_AND_FITNESS,4.0,265,100000,Free,0.0,Everyone,2015-08-13,4.1,Health & Fitness
AZ Practice Test & Questions,FAMILY,4.4,13,1000,Free,0.0,Everyone,2017-03-23,3.4,Education
Arizona Trail,TRAVEL_AND_LOCAL,4.7,65,5000,Free,0.0,Everyone,2017-04-06,13.0,Travel & Local
Ultrasound A-Z,FAMILY,4.5,112,10000,Free,0.0,Everyone,2018-06-05,39.0,Education
A-Z Punjabi Songs & Music Videos 2018,FAMILY,4.3,367,100000,Free,0.0,Everyone,2018-05-17,5.1,Entertainment
Manga AZ - Manga Comic Reader,COMICS,3.3,126,5000,Free,0.0,Teen,2018-07-24,4.7,Comics
Barista Coffee Dictionary A-Z,LIFESTYLE,4.3,127,10000,Free,0.0,Everyone,2016-06-03,5.5,Lifestyle
Phoenix and Arizona Cameras,TRAVEL_AND_LOCAL,4.1,134,10000,Free,0.0,Everyone,2018-06-20,5.3,Travel & Local
AZ REMOTE CONTROL,TOOLS,2.1,149,50000,Free,0.0,Everyone,2016-03-28,2.8,Tools
Greater London A-Z 2016,TRAVEL_AND_LOCAL,3.7,40,1000,Paid,8.49,Everyone,2016-08-18,9.0,Travel & Local
British Airways,TRAVEL_AND_LOCAL,4.2,25726,1000000,Free,0.0,Everyone,2018-07-24,51.0,Travel & Local
Ba Financial Calculator plus,FINANCE,4.4,31,1000,Paid,3.99,Everyone,2018-07-15,0.201171875,Finance
Financial Calculator BA Chien.,FINANCE,4.2,23,500,Paid,3.99,Everyone,2016-12-14,0.931640625,Finance
BA4You,BUSINESS,2.1,87,5000,Free,0.0,Everyone,2018-04-26,26.0,Business
BA Pro Financial Calculator,FINANCE,2.4,36,1000,Paid,1.99,Everyone,2015-11-16,9.4,Finance
BA Calculator,PRODUCTIVITY,4.1,22,5000,Free,0.0,Everyone,2018-07-22,2.4,Productivity
ba,FAMILY,3.1,1734,500000,Free,0.0,Everyone,2016-06-08,5.8,Strategy
Ra Ga Ba,GAME,5.0,2,1,Paid,1.49,Everyone,2017-02-08,20.0,Arcade
Ba Cristi,GAME,3.5,196,10000,Free,0.0,Everyone,2016-03-22,35.0,Adventure
Ba ba black sheep offline Video,PARENTING,4.2,20,10000,Free,0.0,Everyone,2017-07-02,17.0,Parenting
Goody.ba,FAMILY,4.7,303,10000,Free,0.0,Everyone,2018-07-22,42.0,Entertainment
Learn alif ba ta,FAMILY,4.8,23,10000,Free,0.0,Everyone,2017-11-28,35.0,Educational
Arabic Alif Ba Ta For Kids,FAMILY,4.5,226,100000,Free,0.0,Everyone,2017-05-30,26.0,Education
Arabic Alphabet Alif Ba Ta Wooden Blocks,FAMILY,4.6,66,10000,Free,0.0,Everyone,2018-02-25,17.0,Educational
Let's Learn Alif Ba Ta,FAMILY,4.6,32,10000,Free,0.0,Everyone,2017-11-29,60.0,Education
Sufara.ba,FAMILY,4.9,285,10000,Free,0.0,Everyone,2018-01-05,25.0,Education
Elif Ba - Learn The Holy Quran,FAMILY,4.8,1491,50000,Free,0.0,Everyone,2017-10-31,38.0,Education
Instant Ba-dum-tss,FAMILY,4.0,13,1000,Free,0.0,Everyone,2015-09-23,2.0,Entertainment
Ba Zi Fortune,LIFESTYLE,3.9,592,100000,Free,0.0,Everyone,2018-01-02,2.5,Lifestyle
BA VPN - Free Unlimited VPN,FAMILY,4.1,181,10000,Free,0.0,Everyone,2018-06-14,9.2,Entertainment
Ba dum tss - Rimshot widget,COMICS,4.1,690,50000,Free,0.0,Everyone,2015-09-29,0.43359375,Comics
Alif Ba Ta Song - Arabic Kids,FAMILY,4.5,227,50000,Free,0.0,Everyone,2018-02-24,15.0,Educational
Fitness Dance for Zum.ba Workout Exercise,HEALTH_AND_FITNESS,4.2,287,50000,Free,0.0,Everyone,2018-07-30,12.0,Health & Fitness
Cafe.ba,NEWS_AND_MAGAZINES,4.0,677,10000,Free,0.0,Everyone,2017-06-07,4.4,News & Magazines
058.ba,NEWS_AND_MAGAZINES,4.4,27,100,Free,0.0,Everyone,2018-07-06,14.0,News & Magazines
Loreal - BA Makeup,TOOLS,1.9,8,1000,Free,0.0,Everyone,2018-04-18,6.7,Tools
Elif Ba Oyunu,TOOLS,3.7,26,5000,Free,0.0,Everyone,2015-11-02,2.2,Tools
Bedouin Rivals,FAMILY,4.2,79826,1000000,Free,0.0,Everyone 10+,2018-07-26,,Strategy
Klix.ba,NEWS_AND_MAGAZINES,4.0,3647,100000,Free,0.0,Everyone,2017-02-25,5.7,News & Magazines
PBA® Bowling Challenge,SPORTS,4.3,242096,10000000,Free,0.0,Everyone,2018-08-02,87.0,Sports
Avios for Android,TRAVEL_AND_LOCAL,2.5,862,100000,Free,0.0,Everyone,2018-04-10,30.0,Travel & Local
Banana Kong,GAME,4.4,3452530,100000000,Free,0.0,Everyone,2018-02-07,68.0,Action
American Airlines,TRAVEL_AND_LOCAL,3.7,16973,5000000,Free,0.0,Everyone,2018-07-18,,Travel & Local
Elifba Quran Learning Game,FAMILY,4.7,1424,100000,Free,0.0,Everyone,2018-06-07,19.0,Educational
Space Shooter : Galaxy Attack,GAME,4.6,169661,10000000,Free,0.0,Everyone,2018-08-01,40.0,Arcade
Hunt Buddy BC,SPORTS,4.4,172,5000,Paid,2.99,Everyone,2018-07-10,49.0,Sports
"Survival Mobile:10,000 BC",FAMILY,4.3,7441,500000,Free,0.0,Everyone 10+,2018-08-02,52.0,Strategy
iHunter BC,SPORTS,4.4,55,1000,Paid,4.49,Everyone,2018-08-03,63.0,Sports
Anthem BC Anywhere,MEDICAL,2.6,496,100000,Free,0.0,Everyone,2018-07-27,24.0,Medical
iFish BC,SPORTS,3.6,25,1000,Paid,3.99,Everyone,2015-02-18,6.0,Sports
BC Connect,FAMILY,3.8,11,1000,Free,0.0,Everyone,2018-03-14,17.0,Education
Ice Crush 10.000 B.C.,FAMILY,4.4,31,100,Paid,0.99,Everyone,2013-08-15,4.2,Casual
BC Navigator,FAMILY,4.4,21,1000,Free,0.0,Everyone,2018-05-10,32.0,Education
BC Lotto Check,FAMILY,3.0,10,5000,Free,0.0,Everyone,2016-06-22,0.7001953125,Entertainment
Transit: Real-Time Transit App,MAPS_AND_NAVIGATION,4.2,43252,5000000,Free,0.0,Everyone,2018-07-18,,Maps & Navigation
BC Liquor Stores,LIFESTYLE,3.7,492,50000,Free,0.0,Everyone,2015-10-05,4.3,Lifestyle
BC MVA Fines,BOOKS_AND_REFERENCE,5.0,5,50,Paid,1.75,Everyone,2015-10-08,7.2,Books & Reference
BC Hospital Wait Times,MEDICAL,4.2,8,500,Free,0.0,Everyone,2016-01-19,1.2,Medical
"Town of Princeton, BC",PRODUCTIVITY,4.8,4,100,Free,0.0,Everyone,2018-06-25,31.0,Productivity
Explore British Columbia - BC Travel Guide,TRAVEL_AND_LOCAL,4.4,7,500,Free,0.0,Everyone,2017-10-09,17.0,Travel & Local
Bridge Constructor Stunts FREE,FAMILY,4.1,36151,1000000,Free,0.0,Everyone,2017-04-22,46.0,Simulation
BC's Pizza,LIFESTYLE,4.7,113,1000,Free,0.0,Everyone,2016-09-30,20.0,Lifestyle
Baby Connect (activity log),PARENTING,4.7,8343,50000,Paid,4.99,Everyone,2018-07-10,8.3,Parenting
BC Wildfire,TOOLS,3.3,27,5000,Free,0.0,Everyone,2018-05-31,5.0,Tools
BC Slots - The Lost Reels FREE,GAME,4.0,209,10000,Free,0.0,Teen,2018-07-13,22.0,Casino
Truck Driving Test Class 3 BC,FAMILY,1.0,1,50,Paid,1.49,Everyone,2012-04-09,2.0,Education
BC Highways - Road Conditions,TRAVEL_AND_LOCAL,4.4,382,10000,Free,0.0,Everyone,2018-02-01,12.0,Travel & Local
BC Camera,PHOTOGRAPHY,4.2,5,500,Free,0.0,Everyone,2018-01-10,5.5,Photography
BC iptv player,VIDEO_PLAYERS,4.4,8,1000,Free,0.0,Everyone,2017-10-12,14.0,Video Players & Editors
Business Calendar Pro,PRODUCTIVITY,4.6,27135,100000,Paid,4.99,Everyone,2018-05-24,,Productivity
"Victoria, BC | Tour City",TRAVEL_AND_LOCAL,4.3,20,1000,Free,0.0,Everyone,2016-08-02,15.0,Travel & Local
BC Wildflowers,FAMILY,4.4,7,1000,Free,0.0,Everyone,2017-07-10,81.0,Education
BC Hockey,SPORTS,3.7,20,1000,Free,0.0,Everyone,2017-12-08,8.9,Sports
Outdoor Movies BC,EVENTS,2.9,7,500,Free,0.0,Everyone,2018-06-22,,Events
British Columbia Tourist Places (Guide),TRAVEL_AND_LOCAL,4.0,1,100,Free,0.0,Everyone,2017-11-08,3.0,Travel & Local
PMHNP-BC Pocket Prep,MEDICAL,4.4,112,1000,Free,0.0,Everyone,2018-07-12,13.0,Medical
British Columbia License,FAMILY,3.3,14,1000,Free,0.0,Everyone,2015-01-19,11.0,Education
AP Calculus BC Practice Test,FAMILY,4.2,4,500,Free,0.0,Everyone,2018-01-25,29.0,Education
BackCountry Navigator TOPO GPS PRO,MAPS_AND_NAVIGATION,4.5,6230,100000,Paid,11.99,Everyone,2018-08-03,,Maps & Navigation
BC Pizza,LIFESTYLE,2.3,3,500,Free,0.0,Everyone,2016-01-12,2.6,Lifestyle
Railroad Radio Vancouver BC,FAMILY,5.0,4,100,Free,0.0,Teen,2015-06-28,1.7,Entertainment
AP Calculus BC: Practice Tests and Flashcards,FAMILY,3.6,5,1000,Free,0.0,Everyone,2018-07-03,5.4,Education
Bridge Constructor Playground FREE,FAMILY,3.9,137377,5000000,Free,0.0,Everyone,2017-04-12,30.0,Simulation
"BDCast - Bangla Live TV,Radio",FAMILY,4.4,7461,1000000,Free,0.0,Everyone,2018-05-20,31.0,Entertainment
bd's Mongolian Grill,LIFESTYLE,4.2,120,10000,Free,0.0,Everyone,2018-02-23,14.0,Lifestyle
BD Briight: Your Diabetes Personal Assistant,MEDICAL,4.8,17,5000,Free,0.0,Everyone,2018-07-19,37.0,Medical
Jagobd - Bangla TV(Official),FAMILY,4.3,39109,1000000,Free,0.0,Everyone,2017-12-20,4.0,Entertainment
Business Dictionary,BUSINESS,4.2,5988,500000,Free,0.0,Everyone,2016-05-16,,Business
BD Data Plan (3G & 4G),COMMUNICATION,4.4,10341,500000,Free,0.0,Everyone,2018-07-05,6.9,Communication
বাংলা টিভি প্রো BD Bangla TV,FAMILY,4.3,193,10000,Free,0.0,Everyone,2017-04-29,14.0,Entertainment
BD tools,TOOLS,4.0,21,10000,Free,0.0,Everyone,2015-12-18,0.205078125,Tools
BD Provider App,HEALTH_AND_FITNESS,1.4,45,5000,Free,0.0,Everyone,2016-09-12,13.0,Health & Fitness
"Izneo, Read Manga, Comics & BD",COMICS,3.3,1476,500000,Free,0.0,Teen,2018-06-11,18.0,Comics
BD Radio TV Free List,FAMILY,4.3,539,50000,Free,0.0,Everyone,2018-08-01,13.0,Entertainment
BD Online News,NEWS_AND_MAGAZINES,4.6,30,1000,Free,0.0,Everyone,2018-03-20,3.8,News & Magazines
BD Bank Interest,FINANCE,4.7,289,5000,Free,0.0,Everyone,2018-05-04,3.2,Finance
BD Earn Pro,FAMILY,4.2,540,10000,Free,0.0,Everyone,2018-08-01,3.2,Entertainment
Comics Reader,COMICS,3.9,4496,100000,Free,0.0,Everyone,2017-10-29,0.5947265625,Comics
Upohar BD,BUSINESS,3.4,9,1000,Free,0.0,Everyone,2016-10-08,1.7,Business
Electricity Bill Calculator BD,PRODUCTIVITY,4.3,247,10000,Free,0.0,Everyone,2016-06-22,4.0,Productivity
BD Fishpedia,BOOKS_AND_REFERENCE,4.8,123,1000,Free,0.0,Everyone,2017-03-15,6.5,Books & Reference
BD Attendance,PRODUCTIVITY,4.8,93,1000,Free,0.0,Everyone,2018-07-17,14.0,Productivity
BD All Sim Offer,BOOKS_AND_REFERENCE,4.5,197,10000,Free,0.0,Everyone,2017-01-03,2.8,Books & Reference
BD TYCOON,FAMILY,3.3,16,500,Free,0.0,Everyone,2017-07-06,33.0,Simulation
BD Sports Box & TV,FAMILY,4.2,5,500,Free,0.0,Everyone,2018-04-13,3.3,Entertainment
Tour BD (Bahir Dar Map),MAPS_AND_NAVIGATION,4.9,49,100,Free,0.0,Everyone,2017-10-16,3.9,Maps & Navigation
BD Field Force,PRODUCTIVITY,4.2,41,1000,Free,0.0,Everyone,2018-08-01,15.0,Productivity
BD CRICKET LIVE,SPORTS,4.6,1238,100000,Free,0.0,Everyone,2018-01-15,9.5,Sports
BD All Results,FAMILY,4.1,205,50000,Free,0.0,Everyone,2017-11-29,7.3,Education
BD Online Passport Application,FAMILY,4.6,12,5000,Free,0.0,Everyone,2017-10-07,2.4,Education
BD Internet Packages (Updated),COMMUNICATION,4.0,474,50000,Free,0.0,Everyone,2016-08-05,3.0,Communication
Live Radio BD,FAMILY,4.2,69,10000,Free,0.0,Everyone,2015-05-04,3.5,Entertainment
iCard BD Plus,SOCIAL,5.0,2,500,Free,0.0,Everyone,2016-07-15,2.4,Social
BD Dialer,COMMUNICATION,4.1,29,10000,Free,0.0,Everyone,2018-07-09,13.0,Communication
"Youboox - Livres, BD et magazines",BOOKS_AND_REFERENCE,3.7,4071,500000,Free,0.0,Teen,2018-04-03,,Books & Reference
BANGLA TV 3G/4G,SPORTS,4.1,142,100000,Free,0.0,Everyone,2018-06-07,5.3,Sports
Earn Money BD,FINANCE,3.8,103,5000,Free,0.0,Everyone,2018-07-11,6.9,Finance
BD Hospital's,FAMILY,4.7,12,100,Free,0.0,Everyone,2015-10-07,2.3,Education
Rabbithole,FAMILY,3.5,3347,100000,Free,0.0,Everyone,2018-07-18,15.0,Entertainment
Educationboard Results BD,FAMILY,4.0,983,100000,Free,0.0,Everyone,2018-06-12,7.2,Education
BD Online Shop,BUSINESS,4.2,63,5000,Free,0.0,Everyone,2015-09-13,13.0,Business
Remote for Samsung TV & BluRay Players (Read Desc),TOOLS,3.3,1988,500000,Free,0.0,Everyone,2018-08-03,7.3,Tools
Vehicle Case Checker BD,TOOLS,3.7,29,10000,Free,0.0,Everyone,2017-07-13,3.3,Tools
Remote for Sony TV & Sony Blu-Ray Players MyAV,TOOLS,3.4,3491,1000000,Free,0.0,Everyone,2018-07-31,7.3,Tools
Remote for Panasonic TV+BD+AVR,TOOLS,3.7,533,100000,Free,0.0,Everyone,2018-07-31,7.3,Tools
Exam Result BD,FAMILY,5.0,2,500,Free,0.0,Everyone,2017-07-22,2.6,Education
BD Live Call,COMMUNICATION,4.4,7,5000,Free,0.0,Everyone,2016-09-06,0.30078125,Communication
Helping BD,LIFESTYLE,5.0,15,100,Free,0.0,Everyone,2018-06-19,4.5,Lifestyle
Best Browser BD social networking,COMMUNICATION,4.8,6,10,Free,0.0,Everyone,2018-07-04,21.0,Communication
Traffic signs BD,COMMUNICATION,4.4,7,500,Free,0.0,Everyone,2015-10-08,5.3,Communication
BD Internet Package Activator,NEWS_AND_MAGAZINES,4.9,13,100,Free,0.0,Everyone,2018-03-09,2.3,News & Magazines
be Produbanco,FINANCE,4.0,967,100000,Free,0.0,Everyone,2018-08-02,22.0,Finance
Millionaire : Who want to be?,GAME,4.4,4396,100000,Free,0.0,Everyone,2017-04-12,40.0,Trivia
Photo Editor by BeFunky,PHOTOGRAPHY,4.5,192851,10000000,Free,0.0,Everyone,2017-09-12,,Photography
Be My Eyes - Helping the blind,LIFESTYLE,4.9,8418,500000,Free,0.0,Everyone,2018-07-11,21.0,Lifestyle
Be My Princess: PARTY,FAMILY,4.4,9443,100000,Free,0.0,Teen,2016-12-12,21.0,Simulation
BeautyPlus - Easy Photo Editor & Selfie Camera,PHOTOGRAPHY,4.4,3156484,100000000,Free,0.0,Everyone,2018-07-31,53.0,Photography
Movement BE,SOCIAL,5.0,20,100,Free,0.0,Teen,2016-11-10,1.2,Social
Be Stronger,HEALTH_AND_FITNESS,4.8,787,1000,Paid,1.99,Everyone,2018-07-31,53.0,Health & Fitness
Be My Love Animated Keyboard,PERSONALIZATION,4.6,838,50000,Free,0.0,Teen,2018-03-30,11.0,Personalization
Be My Princess 2,FAMILY,4.3,2806,100000,Free,0.0,Teen,2018-03-20,27.0,Entertainment
Millionaire Quiz Free: Be Rich,FAMILY,3.8,66033,10000000,Free,0.0,Everyone,2018-01-01,6.8,Casual
Be the Manager 2018 - Football Strategy,SPORTS,4.3,7557,100000,Free,0.0,Everyone,2018-03-12,7.4,Sports
Be like Me - Hay Nhu Toi,PERSONALIZATION,4.3,44,1000,Free,0.0,Teen,2016-05-26,3.5,Personalization
Be Fabulous PHOTO BOOTH,PHOTOGRAPHY,4.1,560,10000,Free,0.0,Everyone,2017-02-01,1.7,Photography
RadarNow!,WEATHER,4.5,54090,5000000,Free,0.0,Everyone,2018-02-28,4.0,Weather
Be My Princess,FAMILY,4.2,3103,100000,Free,0.0,Teen,2017-09-19,8.8,Entertainment
Fat No More - Be the Biggest Loser in the Gym!,FAMILY,3.8,48545,1000000,Free,0.0,Everyone,2018-08-03,38.0,Casual
Be Like Bill - Maker,FAMILY,4.3,18,1000,Free,0.0,Everyone,2016-01-27,1.7,Entertainment
Top Eleven 2018 - Be a Soccer Manager,SPORTS,4.4,3451011,50000000,Free,0.0,Everyone,2018-07-26,,Sports
Free GPS Navigation,MAPS_AND_NAVIGATION,4.2,618562,50000000,Free,0.0,Everyone,2018-06-04,,Maps & Navigation
Be the Manager 2016 (football),SPORTS,4.2,4330,100000,Free,0.0,Everyone,2017-10-19,6.1,Sports
Hair Salon - Fun Games,FAMILY,3.8,484226,50000000,Free,0.0,Teen,2018-06-15,27.0,Casual
Adobe Photoshop Fix,PHOTOGRAPHY,4.2,28390,5000000,Free,0.0,Everyone,2017-07-19,38.0,Photography
Make your Be Like Bill,COMICS,4.0,78,5000,Free,0.0,Everyone,2016-01-16,2.8,Comics
Be like Bill Generator,FAMILY,4.2,67,5000,Free,0.0,Teen,2016-01-29,6.5,Entertainment
Be you GO Launcher Theme,PERSONALIZATION,4.3,1580,100000,Free,0.0,Everyone,2014-11-12,3.6,Personalization
"Star Girl - Fashion, Makeup & Dress Up",FAMILY,4.3,556929,10000000,Free,0.0,Teen,2018-04-19,53.0,Casual
Be Like Bro - Compilation,FAMILY,4.4,146,10000,Free,0.0,Teen,2018-03-30,3.9,Entertainment
Bowmasters,GAME,4.7,1535581,50000000,Free,0.0,Teen,2018-07-23,,Action
YAY - TBH,SOCIAL,4.1,2520,100000,Free,0.0,Teen,2017-11-17,12.0,Social
The Sims™ Mobile,FAMILY,4.5,559597,10000000,Free,0.0,Teen,2018-07-26,89.0,Simulation
Find My Friends,SOCIAL,4.2,305367,10000000,Free,0.0,Everyone,2018-08-01,46.0,Social
Beauty Idol: Fashion Queen,GAME,4.3,128367,1000000,Free,0.0,Everyone,2017-10-27,54.0,Arcade
Unseen - No Last Seen,TOOLS,4.4,103909,5000000,Free,0.0,Everyone,2018-05-11,9.2,Tools
OK K.O.! Lakewood Plaza Turbo,FAMILY,4.5,76608,1000000,Free,0.0,Everyone 10+,2017-01-05,24.0,Action
Hard Time (Prison Sim),GAME,4.3,275843,10000000,Free,0.0,Teen,2018-07-19,41.0,Adventure
Nick,FAMILY,4.2,123309,10000000,Free,0.0,Everyone 10+,2018-01-24,25.0,Entertainment
Battlefield™ Companion,GAME,4.0,263907,10000000,Free,0.0,Everyone 10+,2016-11-01,62.0,Action
Wolf of the BF:Commando MOBILE,GAME,3.4,32,1000,Paid,0.99,Everyone 10+,2017-03-23,27.0,Arcade
BF at Sea Refueled,GAME,4.4,1849,10000,Free,0.0,Everyone,2015-10-20,37.0,Board
BF Movies Fun,FAMILY,3.8,63,10000,Free,0.0,Teen,2018-04-07,3.7,Entertainment
BF Browser by Betfilter - Stop Gambling Today!,COMMUNICATION,3.0,39,10000,Free,0.0,Everyone,2017-09-04,4.6,Communication
My BF App,COMMUNICATION,4.1,141,50000,Free,0.0,Everyone,2017-12-19,9.9,Communication
Funny videos for whatsapp,VIDEO_PLAYERS,4.4,3066,1000000,Free,0.0,Everyone,2017-12-17,9.0,Video Players & Editors
BF games,FAMILY,4.1,262,50000,Free,0.0,Everyone,2017-11-01,29.0,Puzzle
BF 3d Wallpapers,FAMILY,4.1,256,100000,Free,0.0,Teen,2015-06-18,2.5,Entertainment
Hot Bhojpuri Video songs,FAMILY,4.1,28892,5000000,Free,0.0,Teen,2018-07-11,6.3,Entertainment
Bullet Force,GAME,4.5,634159,10000000,Free,0.0,Teen,2018-06-21,58.0,Action
GF - BF Chat Stories - Hindi English Convesation,FAMILY,4.1,32,10000,Free,0.0,Everyone,2018-06-18,4.1,Education
BF Scale Health Fitness Tool,HEALTH_AND_FITNESS,2.2,19,1000,Free,0.0,Everyone,2017-11-29,9.6,Health & Fitness
BF-Calc,TOOLS,3.9,428,100000,Free,0.0,Everyone,2015-03-31,3.8,Tools
BF 4 Guns,FAMILY,4.0,1542,50000,Free,0.0,Everyone,2015-06-09,13.0,Entertainment
My Virtual Boyfriend,FAMILY,4.3,105,1000,Paid,0.99,Teen,2017-02-17,51.0,Casual
Sexy Hot Detector Prank,FAMILY,3.9,17067,5000000,Free,0.0,Everyone,2018-02-13,2.7,Casual
BF Combat: Genesis,GAME,4.0,3322,100000,Free,0.0,Mature 17+,2017-03-02,82.0,Action
Combat BF: Black Ops 3,GAME,4.2,7699,500000,Free,0.0,Mature 17+,2017-03-02,83.0,Action
BF Beautiful Nature,FAMILY,3.6,5,1000,Free,0.0,Mature 17+,2015-06-11,2.5,Entertainment
BF 3d Images,FAMILY,4.3,19,1000,Free,0.0,Teen,2015-06-17,2.5,Entertainment
Hot Bhojpuri Video Song 2018 - Free Movies,FAMILY,4.4,447,100000,Free,0.0,Mature 17+,2018-04-04,3.7,Entertainment
Body Scanner xray Real Camera Prank Entertaintment,FAMILY,2.6,17,5000,Free,0.0,Everyone,2018-05-05,4.6,Entertainment
BF Frontline City,GAME,4.1,29798,1000000,Free,0.0,Mature 17+,2017-03-06,80.0,Action
Droid PRoCon BF3,TOOLS,3.5,412,5000,Paid,0.99,Everyone,2015-03-12,2.6,Tools
BF Abstract 3d Pictures,FAMILY,4.2,72,10000,Free,0.0,Teen,2015-06-18,2.5,Entertainment
Random Love (BF),FAMILY,3.7,3,50,Free,0.0,Everyone,2015-10-04,10.0,Entertainment
BeFunky Photo Editor Pro,PHOTOGRAPHY,4.5,4724,50000,Paid,1.99,Everyone,2017-08-14,,Photography
Virtual Boyfriend Chat,FAMILY,2.4,407,50000,Free,0.0,Mature 17+,2017-04-11,0.298828125,Entertainment
Talking Boyfriend,FAMILY,2.9,1073,100000,Free,0.0,Everyone,2016-08-28,2.8,Entertainment
Faketalk - Chatbot,GAME,4.2,63056,1000000,Free,0.0,Teen,2018-07-03,8.1,Word
XXX DISTILLERY,BUSINESS,4.2,509,100000,Free,0.0,Everyone,2017-08-02,3.2,Business
Cute Questions BF,LIFESTYLE,4.0,3,1000,Free,0.0,Everyone,2018-06-02,3.3,Lifestyle
BG Score,SPORTS,2.6,64,10000,Free,0.0,Everyone,2017-07-26,1.6,Sports
BG Advisor™,TOOLS,4.4,7,1000,Free,0.0,Everyone,2017-01-10,5.6,Tools
BG Products,AUTO_AND_VEHICLES,4.8,4,500,Free,0.0,Everyone,2017-11-28,4.5,Auto & Vehicles
BG LINKED (BGLINKED),SOCIAL,4.7,22,1000,Free,0.0,Everyone,2018-01-19,11.0,Social
BG Monitor Diabetes,MEDICAL,4.4,643,10000,Free,0.0,Everyone,2017-04-23,2.8,Medical
BG Monitor Diabetes Pro,MEDICAL,4.6,87,500,Paid,5.99,Everyone,2017-04-23,2.8,Medical
HTC Sense Input-BG,TOOLS,2.7,198,100000,Free,0.0,Everyone,2014-04-22,2.8,Tools
Photo BG Changer,PHOTOGRAPHY,3.8,11,1000,Free,0.0,Everyone,2018-02-21,17.0,Photography
BG TV App,FAMILY,1.7,6,100,Free,0.0,Everyone,2017-12-21,2.9,Entertainment
BG BRIDAL GALLERY,LIFESTYLE,4.6,17,1000,Free,0.0,Everyone,2018-06-27,19.0,Lifestyle
HTC Sense Input - BG,TOOLS,3.3,218,10000,Free,0.0,Everyone,2015-11-09,4.1,Tools
Board Game Stats: Play tracking for tabletop games,LIFESTYLE,4.6,275,5000,Paid,2.99,Everyone,2018-07-17,3.9,Lifestyle
Bg TV Online,FAMILY,2.3,50,10000,Free,0.0,Everyone,2017-10-21,2.8,Entertainment
"PhotoLayers〜Superimpose,Eraser",PHOTOGRAPHY,4.5,81219,10000000,Free,0.0,Everyone,2015-06-14,2.6,Photography
BG+Phone Backup,PRODUCTIVITY,4.8,16,1000,Free,0.0,Everyone,2017-02-17,2.6,Productivity
ReactNative BG Geolocation,TOOLS,5.0,5,1000,Free,0.0,Everyone,2018-05-25,9.1,Tools
BG video - floating video - background video,VIDEO_PLAYERS,4.1,64,5000,Free,0.0,Everyone,2018-05-21,2.0,Video Players & Editors
BG Future School,FAMILY,4.9,16,100,Free,0.0,Everyone,2017-07-22,10.0,Education
Cordova BG Geolocation,MAPS_AND_NAVIGATION,3.0,4,1000,Free,0.0,Everyone,2018-05-25,,Maps & Navigation
BGKontakti Vienna BG Kontakti,SOCIAL,4.8,111,1000,Free,0.0,Everyone,2018-07-18,5.9,Social
CARS.bg,AUTO_AND_VEHICLES,4.5,276,100000,Free,0.0,Everyone,2017-07-05,1.7,Auto & Vehicles
bgtime.tv,VIDEO_PLAYERS,3.4,694,50000,Free,0.0,Everyone,2018-07-27,,Video Players & Editors
Auto Background Changer,PHOTOGRAPHY,4.0,35188,1000000,Free,0.0,Everyone,2018-02-22,6.2,Photography
Block Gun 3D: Call of Destiny,GAME,3.7,31883,1000000,Free,0.0,Teen,2017-03-23,20.0,Action
BG Remover & Eraser Pro,TOOLS,2.2,4,500,Free,0.0,Everyone,2018-04-03,4.8,Tools
BG Metro - Red voznje,TRAVEL_AND_LOCAL,4.8,89,1000,Free,0.0,Everyone,2017-02-21,,Travel & Local
BG Guide,TRAVEL_AND_LOCAL,5.0,3,100,Free,0.0,Everyone,2016-11-28,2.4,Travel & Local
trip.bg,TRAVEL_AND_LOCAL,4.5,103,1000,Free,0.0,Everyone,2018-07-30,9.8,Travel & Local
BLOOD & GLORY: IMMORTALS,GAME,4.3,101762,1000000,Free,0.0,Teen,2015-06-11,11.0,Action
Change photo background,PHOTOGRAPHY,3.8,28660,5000000,Free,0.0,Everyone,2018-03-21,6.4,Photography
Baldur's Gate: Enhanced Edition,FAMILY,4.5,20101,100000,Paid,9.99,Teen,2015-10-02,7.8,Role Playing
Shadow Fight 2 Special Edition,GAME,4.5,10440,50000,Paid,4.99,Teen,2018-05-30,86.0,Action
Revita.bg,HEALTH_AND_FITNESS,4.8,10,10,Free,0.0,Everyone,2018-06-13,4.0,Health & Fitness
Background Eraser,PHOTOGRAPHY,4.5,267378,10000000,Free,0.0,Everyone,2015-07-11,1.9,Photography
ePay.bg,FINANCE,4.4,2017,100000,Free,0.0,Everyone,2018-07-26,2.4,Finance
Block Gun 3D: Ghost Ops,GAME,3.9,142693,5000000,Free,0.0,Teen,2018-06-07,21.0,Action
"Music for Youtube - Tube Music BG, Red+",VIDEO_PLAYERS,4.3,47,1000,Free,0.0,Teen,2017-09-23,8.7,Video Players & Editors
Bg+ Call Blocker,TOOLS,4.3,80,10000,Free,0.0,Everyone,2018-03-20,1.7,Tools
Background Changer & Eraser,PHOTOGRAPHY,4.0,2076,500000,Free,0.0,Teen,2018-05-21,11.0,Photography
Cut Out : Background Eraser and background changer,PHOTOGRAPHY,4.1,7118,1000000,Free,0.0,Everyone,2018-06-29,9.2,Photography
mySugr: the blood sugar tracker made just for you,MEDICAL,4.6,21187,1000000,Free,0.0,Everyone,2018-07-23,35.0,Medical
Photo Background Changer 2018 - Blur Background,LIFESTYLE,3.7,34079,5000000,Free,0.0,Everyone,2018-05-21,9.2,Lifestyle
BGCN TV,VIDEO_PLAYERS,3.4,4334,100000,Free,0.0,Everyone,2015-11-04,4.9,Video Players & Editors
ScorePal,TOOLS,4.5,1439,10000,Free,0.0,Everyone,2018-07-09,15.0,Tools
Backgammon NJ for Android,GAME,4.4,1644,10000,Paid,7.99,Everyone,2017-04-05,15.0,Board
JOBS.bg,BUSINESS,4.4,1630,100000,Free,0.0,Everyone,2017-08-22,2.2,Business
CSCS BG (в български),FAMILY,2.4,7,100,Paid,3.99,Everyone,2017-03-23,2.1,Education
LEGO ® Batman: Beyond Gotham,FAMILY,4.1,10758,100000,Paid,4.99,Everyone 10+,2015-12-15,8.0,Adventure
Backgrounds HD (Wallpapers),PERSONALIZATION,4.6,2390099,100000000,Free,0.0,Teen,2018-08-04,,Personalization
Blood Glucose Tracker,HEALTH_AND_FITNESS,4.6,9612,100000,Free,0.0,Everyone,2018-05-18,3.5,Health & Fitness
Baldur's Gate II,FAMILY,4.3,5442,50000,Paid,9.99,Teen,2018-06-28,16.0,Role Playing
Rento - Dice Board Game Online,GAME,4.3,205830,10000000,Free,0.0,Everyone,2018-06-20,63.0,Board
Learn Bulgarian Free,FAMILY,4.7,3049,50000,Free,0.0,Everyone,2018-05-04,,Education
Remix Second Hand,SHOPPING,4.2,867,100000,Free,0.0,Everyone,2018-08-02,7.5,Shopping
Ultimate Background Eraser,PHOTOGRAPHY,4.3,14453,1000000,Free,0.0,Everyone,2018-03-13,21.0,Photography
OnTrack Diabetes,MEDICAL,4.3,6079,500000,Free,0.0,Everyone,2018-01-17,1.8,Medical
Blur Image Background,PHOTOGRAPHY,3.9,129268,10000000,Free,0.0,Everyone,2018-07-30,11.0,Photography
ALL-IN-ONE PACKAGE TRACKING,PRODUCTIVITY,4.7,167406,1000000,Free,0.0,Everyone,2018-07-23,18.0,Productivity
Survival Run with Bear Grylls,GAME,4.2,128579,5000000,Free,0.0,Everyone,2018-05-06,,Action
VIP Backgammon Free : Play Backgammon Online,GAME,4.1,389,10000,Free,0.0,Teen,2018-07-03,,Board
Grabo.bg,SHOPPING,4.6,8175,100000,Free,0.0,Everyone,2018-04-05,3.2,Shopping
BusyBox Pro,TOOLS,4.7,8114,100000,Paid,2.49,Everyone,2018-06-09,,Tools
GEM™,TOOLS,4.3,6,500,Free,0.0,Everyone,2018-07-23,33.0,Tools
Diabetes Connect,MEDICAL,4.5,4027,100000,Free,0.0,Everyone,2017-10-10,8.4,Medical
B&H Photo Video Pro Audio,SHOPPING,4.6,17180,1000000,Free,0.0,Everyone,2018-08-03,31.0,Shopping
BH by Kinomap,HEALTH_AND_FITNESS,2.9,141,10000,Free,0.0,Everyone,2018-07-30,22.0,Health & Fitness
BH Cosmetics,BEAUTY,4.0,2,1000,Free,0.0,Everyone,2018-05-29,3.6,Beauty
BH Bikes Premium,SPORTS,3.0,26,1000,Free,0.0,Everyone,2017-05-09,15.0,Sports
B&H Kids AR,BOOKS_AND_REFERENCE,3.9,286,10000,Free,0.0,Everyone,2017-09-29,18.0,Books & Reference
BH Patrole,AUTO_AND_VEHICLES,4.8,27,500,Free,0.0,Everyone,2018-02-15,2.5,Auto & Vehicles
CINEMA.BH,FAMILY,3.9,11,1000,Free,0.0,Everyone,2018-01-30,16.0,Entertainment
DSLR Photography Training apps,PHOTOGRAPHY,4.0,675,100000,Free,0.0,Everyone,2017-07-29,15.0,Photography
Bh Public School,FAMILY,5.0,2,10,Free,0.0,Everyone,2018-03-21,8.7,Education
VIVA BH,TOOLS,4.0,2055,100000,Free,0.0,Everyone,2018-04-09,2.6,Tools
Barbers.BH,LIFESTYLE,5.0,2,10,Free,0.0,Everyone,2018-05-24,6.0,Lifestyle
Photo Editor - BPhoto,PHOTOGRAPHY,4.5,42,1000,Free,0.0,Everyone,2016-09-17,20.0,Photography
BH Challenge - Museum of the Jewish People,FAMILY,4.8,12,1000,Free,0.0,Everyone,2018-03-26,28.0,Education
B y H Niños ES,BOOKS_AND_REFERENCE,4.6,53,5000,Free,0.0,Everyone,2015-09-22,16.0,Books & Reference
ZUL - Rotativo Digital BH,AUTO_AND_VEHICLES,4.2,29,10000,Free,0.0,Everyone,2018-08-01,,Auto & Vehicles
BH Mail,COMMUNICATION,3.4,7,1000,Free,0.0,Everyone,2018-04-03,6.0,Communication
FitConsole,HEALTH_AND_FITNESS,2.6,219,50000,Free,0.0,Everyone,2015-10-30,1.8,Health & Fitness
Run on Earth,HEALTH_AND_FITNESS,2.4,577,50000,Free,0.0,Everyone,2018-04-25,3.7,Health & Fitness
Newegg Mobile,SHOPPING,4.5,35479,1000000,Free,0.0,Everyone,2018-07-11,16.0,Shopping
Battleheart Legacy,FAMILY,4.6,7420,50000,Paid,4.99,Teen,2014-11-10,7.4,Role Playing
Treadmill Workouts Free (P),HEALTH_AND_FITNESS,3.3,10,1000,Free,0.0,Everyone,2018-04-05,3.3,Health & Fitness
ZiraatBank BH,FINANCE,4.1,58,10000,Free,0.0,Everyone,2017-07-04,3.5,Finance
Digital Tourist BH Itinerary,TRAVEL_AND_LOCAL,4.6,19,500,Free,0.0,Everyone,2015-10-13,14.0,Travel & Local
BH Táxi,BUSINESS,3.9,91,5000,Free,0.0,Everyone,2018-06-07,8.9,Business
Bi en Línea,FINANCE,4.0,5055,100000,Free,0.0,Everyone,2018-03-05,17.0,Finance
Gayvox - Gay Lesbian Bi Dating,SOCIAL,3.4,3640,500000,Free,0.0,Mature 17+,2016-06-13,9.1,Social
Microsoft Power BI–Business data analytics,BUSINESS,4.5,1819,100000,Free,0.0,Everyone,2018-07-16,10.0,Business
BI Mobile Banking,FINANCE,4.0,180,10000,Free,0.0,Everyone,2018-06-27,27.0,Finance
BI News,NEWS_AND_MAGAZINES,5.0,22,1000,Free,0.0,Everyone,2018-06-10,25.0,News & Magazines
BI SmartLINK,BUSINESS,3.6,16,5000,Free,0.0,Everyone,2018-07-25,33.0,Business
BI-LO,LIFESTYLE,3.5,43,10000,Free,0.0,Everyone,2018-07-11,30.0,Lifestyle
Bitmoji – Your Personal Emoji,FAMILY,4.6,2312084,100000000,Free,0.0,Teen,2018-07-25,,Entertainment
Sisense Mobile BI,BUSINESS,4.9,23,1000,Free,0.0,Everyone,2018-04-30,28.0,Business
"Starg - Gay, Same Sex, Bi",DATING,3.7,66,10000,Free,0.0,Mature 17+,2016-11-29,7.3,Dating
Propel BI APP,BUSINESS,5.0,3,100,Free,0.0,Everyone,2018-07-24,23.0,Business
BI Office,BUSINESS,4.0,76,10000,Free,0.0,Everyone,2017-06-07,0.1962890625,Business
BI-LO Rx,LIFESTYLE,3.9,77,10000,Free,0.0,Everyone,2018-03-26,,Lifestyle
BI APP,FINANCE,5.0,2,100,Free,0.0,Everyone,2016-02-19,2.7,Finance
Oracle BI Mobile,BUSINESS,4.0,282,10000,Free,0.0,Everyone,2018-08-01,7.7,Business
Business Intelligence & Data,FAMILY,4.9,7,1000,Free,0.0,Everyone,2016-07-26,3.5,Education
BI Mobile,FINANCE,4.4,337,10000,Free,0.0,Everyone,2018-03-15,3.3,Finance
Grindr - Gay chat,SOCIAL,3.6,284795,10000000,Free,0.0,Mature 17+,2018-08-03,31.0,Social
Zoho Reports - Mobile BI,BUSINESS,4.7,45,5000,Free,0.0,Everyone,2018-05-23,12.0,Business
Power BI Ultimate Orientation,FAMILY,4.3,12,5000,Free,0.0,Everyone,2017-02-06,8.1,Education
Pool Billiards Classic - bi a,SPORTS,3.9,5644,1000000,Free,0.0,Everyone,2017-11-01,14.0,Sports
Lesbian Chat & Dating - SPICY,SOCIAL,4.5,63765,1000000,Free,0.0,Mature 17+,2018-07-31,11.0,Social
"Moco - Chat, Meet People",DATING,4.2,313769,10000000,Free,0.0,Mature 17+,2018-08-04,,Dating
Bi-Tank,GAME,4.6,12,50,Free,0.0,Everyone,2017-07-31,18.0,Arcade
Hot or Not - Find someone right now,DATING,4.1,305737,10000000,Free,0.0,Mature 17+,2018-08-02,,Dating
happn – Local dating app,LIFESTYLE,4.3,1118201,10000000,Free,0.0,Mature 17+,2018-07-24,,Lifestyle
Dictionary.com: Find Definitions for English Words,BOOKS_AND_REFERENCE,4.6,899010,10000000,Free,0.0,Everyone,2018-07-30,,Books & Reference
MeetMe: Chat & Meet New People,SOCIAL,4.2,1259723,50000000,Free,0.0,Mature 17+,2018-08-03,76.0,Social
TED,FAMILY,4.6,181961,10000000,Free,0.0,Everyone 10+,2018-07-27,18.0,Education
"Learn English Vocabulary - 6,000 Words",FAMILY,4.5,205914,10000000,Free,0.0,Everyone,2018-08-03,54.0,Education
English Dictionary - Offline,BOOKS_AND_REFERENCE,4.4,341234,10000000,Free,0.0,Everyone 10+,2018-03-20,30.0,Books & Reference
Zalo – Video Call,COMMUNICATION,4.2,1042170,50000000,Free,0.0,Everyone,2018-07-27,,Communication
Bible KJV,BOOKS_AND_REFERENCE,4.5,42729,5000000,Free,0.0,Everyone,2014-11-26,,Books & Reference
All Language Translator,TOOLS,4.0,29944,5000000,Free,0.0,Everyone,2015-10-03,2.1,Tools
Bike Rivals,GAME,4.2,212067,10000000,Free,0.0,Everyone,2015-07-15,48.0,Racing
Bingo Party - Free Bingo Games,GAME,4.7,155694,1000000,Free,0.0,Teen,2018-07-13,92.0,Board
OkCupid Dating,DATING,4.1,285838,10000000,Free,0.0,Mature 17+,2018-07-30,15.0,Dating
Little Big City 2,FAMILY,4.4,344383,10000000,Free,0.0,Everyone,2018-03-20,30.0,Casual
"Mint: Budget, Bills, Finance",FINANCE,4.3,129305,5000000,Free,0.0,Everyone,2018-08-02,,Finance
English Grammar Test,FAMILY,4.6,104676,5000000,Free,0.0,Everyone,2018-07-18,2.6,Education
BJ's Wholesale Club,SHOPPING,4.2,4099,100000,Free,0.0,Everyone,2018-07-27,17.0,Shopping
BJ’s Mobile App,SHOPPING,4.0,4722,500000,Free,0.0,Everyone,2018-07-09,35.0,Shopping
BJ's Express Scan,SHOPPING,2.3,69,10000,Free,0.0,Everyone,2018-03-19,11.0,Shopping
BJ's Bingo & Gaming Casino,GAME,4.5,501,10000,Free,0.0,Teen,2018-07-26,65.0,Casino
BJ-UFO,FAMILY,3.6,226,50000,Free,0.0,Everyone,2018-05-10,25.0,Casual
BJ Bridge Pro 2018,GAME,4.4,17,500,Paid,4.49,Everyone,2018-05-21,4.8,Card
BJ Bridge Free (2018),GAME,3.9,20,10000,Free,0.0,Everyone,2018-05-21,4.8,Card
BJ & Jamie,FAMILY,3.9,13,100,Free,0.0,Everyone,2015-07-06,17.0,Entertainment
The Daily BJ,HEALTH_AND_FITNESS,4.8,38,500,Free,0.0,Everyone,2018-07-10,24.0,Health & Fitness
BJ-FPV,FAMILY,4.2,16,1000,Free,0.0,Everyone,2018-07-31,26.0,Casual
BJ Bridge Acol Beginner 2018,GAME,3.7,11,5000,Free,0.0,Everyone,2018-05-21,4.8,Card
BJ Memo Widget,PRODUCTIVITY,4.0,616,50000,Free,0.0,Everyone,2014-09-22,0.1708984375,Productivity
BJ Bridge Standard American 2018,GAME,1.0,1,1000,Free,0.0,Everyone,2018-05-21,4.9,Card
Eating Show - Food BJ,FAMILY,4.4,103,10000,Free,0.0,Everyone,2017-10-30,36.0,Simulation
Virtual DJ Sound Mixer,TOOLS,4.2,4010,500000,Free,0.0,Everyone,2017-05-10,8.7,Tools
Cards Casino:Video Poker & BJ,GAME,4.7,325,10000,Free,0.0,Teen,2015-05-08,23.0,Casino
DJ Music Pad,FAMILY,3.6,35121,5000000,Free,0.0,Everyone,2018-05-22,5.1,Entertainment
"Real Casino:Slot,Keno,BJ,Poker",GAME,4.1,341,50000,Free,0.0,Teen,2016-08-12,26.0,Casino
AfreecaTV,VIDEO_PLAYERS,3.3,381023,10000000,Free,0.0,Everyone,2018-07-26,53.0,Video Players & Editors
HON. B.J. ACS COLLEGE ALE,FAMILY,5.0,3,100,Free,0.0,Mature 17+,2016-12-26,1.8,Education
One Launcher,PERSONALIZATION,4.3,26601,1000000,Free,0.0,Everyone,2018-07-16,5.4,Personalization
BJ Toys,SHOPPING,4.7,55,500,Free,0.0,Everyone,2018-04-11,8.0,Shopping
Real DJ Simulator,FAMILY,4.0,68664,10000000,Free,0.0,Everyone,2018-04-20,55.0,Simulation
BLACKJACK!,GAME,4.4,524467,10000000,Free,0.0,Teen,2016-07-07,33.0,Casino
Blackjack Verite Drills,GAME,4.6,17,100,Paid,14.0,Teen,2017-07-09,4.7,Casino
BJ Foods,BUSINESS,5.0,3,10,Free,0.0,Everyone,2018-02-07,1.5,Business
Blackjack,GAME,4.3,52199,1000000,Free,0.0,Teen,2017-05-18,,Casino
3D DJ – DJ Mixer 2018,FAMILY,4.3,6333,1000000,Free,0.0,Everyone,2018-05-25,30.0,Entertainment
Phonics Puzzles,FAMILY,3.8,4,100,Paid,2.99,Everyone,2016-08-27,54.0,Educational
Spider grinder in screen funny,FAMILY,4.1,956,100000,Free,0.0,Teen,2016-05-17,10.0,Entertainment
BJJ Roadmap by Stephan Kesting,SPORTS,4.6,969,10000,Free,0.0,Everyone,2014-08-21,3.6,Sports
KISW 99.9 FM SEATTLE,FAMILY,4.0,1469,100000,Free,0.0,Everyone,2018-01-29,5.2,Entertainment
BlackJack -21 Casino Card Game,GAME,4.7,2066,100000,Free,0.0,Teen,2018-03-14,25.0,Casino
Metal Detector Pro 2015,TOOLS,3.6,1166,100000,Free,0.0,Everyone,2015-03-30,0.341796875,Tools
BlackJack 21 Pro,GAME,4.5,26744,500000,Free,0.0,Teen,2018-07-27,51.0,Casino
24 megapixel hd camera,PHOTOGRAPHY,4.0,802,100000,Free,0.0,Everyone,2017-05-03,5.1,Photography
Ultimate BlackJack 3D FREE,GAME,4.1,1686,100000,Free,0.0,Teen,2015-04-20,4.6,Casino
BURGER KING® App,LIFESTYLE,4.0,41747,5000000,Free,0.0,Everyone,2017-01-12,39.0,Lifestyle
BURGER KING® MOBILE APP,LIFESTYLE,3.8,19221,5000000,Free,0.0,Everyone,2018-05-24,13.0,Lifestyle
BURGER KING® Puerto Rico,FOOD_AND_DRINK,4.5,2448,100000,Free,0.0,Everyone,2017-09-01,19.0,Food & Drink
Free Coupons for Burger King,LIFESTYLE,2.8,17,5000,Free,0.0,Everyone,2018-07-29,3.1,Lifestyle
Power Widget,TOOLS,4.2,928,10000,Paid,1.99,Everyone,2014-03-20,0.3740234375,Tools
BK Murli Offline April 2017,LIFESTYLE,4.8,33,5000,Free,0.0,Everyone,2017-05-03,2.4,Lifestyle
Read it easy for BK,LIFESTYLE,5.0,1,50,Free,0.0,Everyone,2018-07-15,3.2,Lifestyle
BK Video Status,FAMILY,5.0,13,100,Free,0.0,Everyone,2018-07-07,2.1,Entertainment
Service Disabler,TOOLS,4.3,534,100000,Free,0.0,Everyone,2018-06-23,3.0,Tools
BK Photography,PHOTOGRAPHY,4.3,20,1000,Free,0.0,Everyone,2017-01-06,4.8,Photography
Keyboard Theme Dusk BK Purple,PERSONALIZATION,4.5,248,10000,Free,0.0,Mature 17+,2016-05-23,2.8,Personalization
Coupons for Burger King,FOOD_AND_DRINK,4.5,41,500,Free,0.0,Teen,2018-07-17,4.0,Food & Drink
BK Formula Calculator,TOOLS,5.0,6,100,Free,0.0,Everyone,2015-08-08,11.0,Tools
VK,SOCIAL,3.8,5793284,100000000,Free,0.0,Mature 17+,2018-08-03,,Social
Korean English Translator,FAMILY,4.4,634,100000,Free,0.0,Everyone,2017-09-05,1.8,Education
Dr Bk Sachin bhai,LIFESTYLE,5.0,19,1000,Free,0.0,Everyone,2017-12-07,3.1,Lifestyle
Audio Murli Glossary For BK,FAMILY,4.7,39,1000,Free,0.0,Everyone,2016-01-25,20.0,Education
BK Traffic Control cum Chart,SOCIAL,4.7,549,10000,Free,0.0,Teen,2016-06-29,17.0,Social
Hungry Girl Diet Bk. Companion,HEALTH_AND_FITNESS,2.2,4,1000,Free,0.0,Everyone,2018-02-01,28.0,Health & Fitness
Daily Murli Saar Widget,SOCIAL,4.6,308,10000,Free,0.0,Everyone,2015-06-10,0.443359375,Social
BK Suraj bhai,LIFESTYLE,4.6,9,1000,Free,0.0,Everyone,2017-12-08,3.1,Lifestyle
BK Shivani Videos,LIFESTYLE,4.7,29,1000,Free,0.0,Everyone,2018-07-25,3.2,Lifestyle
BK News Channel,VIDEO_PLAYERS,4.6,277,10000,Free,0.0,Everyone,2016-07-16,6.8,Video Players & Editors
BK Dinos,FAMILY,4.4,30,5000,Free,0.0,Everyone,2018-03-31,99.0,Entertainment
Make a burger king,FAMILY,3.8,125,10000,Free,0.0,Everyone,2017-02-21,17.0,Casual
King Burger Dash,FAMILY,3.6,445,50000,Free,0.0,Everyone,2015-03-22,12.0,Casual
Official Madhuban Murli,LIFESTYLE,4.9,301,10000,Free,0.0,Everyone,2018-07-21,25.0,Lifestyle
Baba Yaad Hai?(BK's),FAMILY,4.8,160,10000,Free,0.0,Everyone,2017-03-05,13.0,Entertainment
Burger King Foot Lettuce,FAMILY,4.4,150,10000,Free,0.0,Everyone,2018-06-11,5.9,Entertainment
BK Arogyam Task Track,BUSINESS,5.0,8,100,Free,0.0,Everyone,2018-06-05,3.7,Business
BK murli today (Mobile Murli) - Gyan,FAMILY,4.8,100,5000,Free,0.0,Everyone,2018-08-05,4.5,Education
BK Murli Dictionary (H to E),FAMILY,4.6,106,10000,Free,0.0,Everyone,2016-11-19,3.9,Education
Bk Usha behn,LIFESTYLE,5.0,10,1000,Free,0.0,Everyone,2018-01-14,3.0,Lifestyle
BkEmu - BK-0010/11M emulator,FAMILY,4.6,222,10000,Free,0.0,Everyone,2016-02-07,1.4,Entertainment
BK Gold App,FINANCE,5.0,4,50,Free,0.0,Everyone,2018-05-25,11.0,Finance
Burger King Italia,LIFESTYLE,4.0,4160,500000,Free,0.0,Everyone,2018-07-06,30.0,Lifestyle
Red Embrace (BL/Yaoi Game),FAMILY,4.3,616,10000,Free,0.0,Teen,2018-06-12,25.0,Casual
Blood Domination - BL Game,GAME,4.5,415,10000,Free,0.0,Mature 17+,2018-07-06,52.0,Adventure
Yaoi Ooku: Distorted Love,FAMILY,4.0,2614,100000,Free,0.0,Mature 17+,2015-04-14,6.3,Simulation
Yaoi Novels - Shounen ai Book&fiction,FAMILY,3.2,304,10000,Free,0.0,Teen,2018-02-14,4.7,Entertainment
Cerulean Heart,FAMILY,4.6,2683,10000,Free,0.0,Mature 17+,2018-06-15,25.0,Simulation
BL 女性向け恋愛ゲーム◆俺プリクロス,FAMILY,4.2,3379,100000,Free,0.0,Mature 17+,2017-03-23,62.0,Simulation
WebComics,COMICS,4.8,33783,1000000,Free,0.0,Teen,2018-07-28,6.4,Comics
Lezhin Comics - Daily Releases,COMICS,3.0,28447,1000000,Free,0.0,Teen,2018-07-31,15.0,Comics
Heirs & Graces,GAME,4.3,125,5000,Free,0.0,Teen,2016-07-01,70.0,Adventure
BL Driver,MAPS_AND_NAVIGATION,3.9,230,10000,Free,0.0,Everyone,2018-07-13,12.0,Maps & Navigation
Daily Manga - Comic & Webtoon,COMICS,3.2,1462,100000,Free,0.0,Mature 17+,2018-05-18,7.1,Comics
Gaydorado,FAMILY,3.9,8419,100000,Free,0.0,Teen,2018-08-01,47.0,Role Playing
Chess of Blades (BL/Yaoi Game) (No VA),FAMILY,4.8,4,10,Paid,14.99,Teen,2018-01-24,23.0,Casual
TappyToon Comics & Webtoons,COMICS,3.5,4205,100000,Free,0.0,Teen,2018-07-13,10.0,Comics
SecondSecret ‐「恋を読む」BLノベルゲーム‐,GAME,4.4,1563,50000,Free,0.0,Teen,2017-06-29,40.0,Adventure
Lust in Terror Manor - The Truth Unveiled | Otome,GAME,4.1,355,10000,Free,0.0,Teen,2018-07-10,53.0,Adventure
BL 女性向け恋愛ゲーム◆ごくメン,FAMILY,4.2,1901,100000,Free,0.0,Mature 17+,2016-07-07,8.2,Simulation
あなカレ【BL】無料ゲーム,FAMILY,4.7,6073,100000,Free,0.0,Mature 17+,2018-02-25,8.5,Simulation
K-Rain BL,TOOLS,4.0,9,1000,Free,0.0,Everyone,2018-05-28,33.0,Tools
감성학원 BL 첫사랑,COMICS,4.4,190,10000,Free,0.0,Everyone,2017-11-17,34.0,Comics
Chess of Blades (Demo),FAMILY,4.2,45,1000,Free,0.0,Teen,2018-01-25,23.0,Casual
BL Flowers Digital,SHOPPING,5.0,21,100,Free,0.0,Everyone,2017-10-31,2.5,Shopping
BL 1-Click Camera - Free,PHOTOGRAPHY,3.5,52,10000,Free,0.0,Everyone,2016-08-18,1.8,Photography
Manga Books,COMICS,3.8,7326,500000,Free,0.0,Adults only 18+,2018-08-03,,Comics
OTOME of Ikemen cafe,FAMILY,4.5,1318,50000,Free,0.0,Teen,2018-03-05,24.0,Simulation
BL info,TRAVEL_AND_LOCAL,4.1,98,5000,Free,0.0,Everyone,2018-07-17,2.0,Travel & Local
BL IP-Camera,TOOLS,4.3,15,100,Paid,3.99,Everyone,2014-06-05,1.2,Tools
Skill Tree - BL Pre Sequel,FAMILY,4.3,855,10000,Free,0.0,Teen,2016-02-22,7.0,Entertainment
BL Holo Theme,PERSONALIZATION,4.4,18,500,Paid,2.0,Everyone,2013-07-01,2.1,Personalization
BL Community Icon Pack,PERSONALIZATION,4.0,289,10000,Free,0.0,Everyone,2013-05-06,2.7,Personalization
BL Mobile Banking,FINANCE,4.3,23,1000,Free,0.0,Everyone,2018-08-01,93.0,Finance
MEGA MAN MOBILE,GAME,4.0,267,10000,Paid,1.99,Everyone,2017-02-17,40.0,Action
BL Taxi,MAPS_AND_NAVIGATION,4.9,124,1000,Free,0.0,Everyone,2018-03-26,3.4,Maps & Navigation
BL!TZ - Endless,GAME,4.7,21,100,Free,0.0,Everyone,2017-06-30,9.0,Arcade
BL PowerPoint Remote,TOOLS,4.3,33,500,Paid,3.99,Everyone,2015-02-25,1.0,Tools
BL Kennedy Theme,PERSONALIZATION,4.2,279,10000,Free,0.0,Everyone,2013-05-06,1.1,Personalization
Teen Patti by BL Games,GAME,4.1,496,100000,Free,0.0,Teen,2017-01-31,39.0,Card
BBM - Free Calls & Messages,COMMUNICATION,4.3,12843436,100000000,Free,0.0,Everyone,2018-08-02,,Communication
BeyondMenu Food Delivery,FOOD_AND_DRINK,4.7,51543,1000000,Free,0.0,Everyone,2018-08-01,,Food & Drink
bm offers,LIFESTYLE,3.2,320,50000,Free,0.0,Everyone,2017-12-13,31.0,Lifestyle
B.M.Snowboard Free,SPORTS,3.9,9765,1000000,Free,0.0,Everyone,2017-05-01,14.0,Sports
BM Wallet,FINANCE,4.2,798,50000,Free,0.0,Everyone,2018-01-03,29.0,Finance
BM Online OEC Verification,TOOLS,4.1,783,100000,Free,0.0,Everyone,2016-08-05,4.2,Tools
Business Mitra (BM),BUSINESS,4.9,13,100,Free,0.0,Everyone,2018-07-12,5.3,Business
Basket Manager 2018 Pro,SPORTS,3.7,84,1000,Paid,2.99,Everyone,2018-04-17,6.3,Sports
bm Wallet,FINANCE,3.5,196,10000,Free,0.0,Everyone,2017-08-20,27.0,Finance
BatControl Pro,TOOLS,4.9,83,500,Paid,3.99,Everyone,2018-06-01,3.1,Tools
DMR BrandMeister Tool,COMMUNICATION,3.3,78,10000,Free,0.0,Everyone,2018-03-31,2.5,Communication
"Borneo Bible, BM Bible",BOOKS_AND_REFERENCE,4.9,659,10000,Free,0.0,Everyone,2017-08-28,5.0,Books & Reference
Basket Manager 2018 Free,SPORTS,3.4,1520,50000,Free,0.0,Everyone,2018-04-17,6.3,Sports
Basket Manager 2017 Free,SPORTS,4.5,2710,100000,Free,0.0,Everyone,2017-11-27,4.8,Sports
BM Box,BOOKS_AND_REFERENCE,4.3,28,1000,Free,0.0,Everyone,2016-10-20,,Books & Reference
BM SPM Practice,FAMILY,5.0,6,1000,Free,0.0,Everyone,2018-01-24,9.2,Education
BM FlexCheck,AUTO_AND_VEHICLES,3.5,2,100,Free,0.0,Everyone,2018-06-08,34.0,Auto & Vehicles
Poop Tracker - Toilet Log,HEALTH_AND_FITNESS,4.4,622,10000,Free,0.0,Everyone,2018-05-09,2.5,Health & Fitness
B&M Stores,SHOPPING,3.7,192,100000,Free,0.0,Everyone,2018-08-03,36.0,Shopping
Mobilight-BM,FINANCE,4.8,6,500,Free,0.0,Everyone,2018-08-03,6.2,Finance
Basket Manager 2016 Free,SPORTS,4.3,1879,100000,Free,0.0,Everyone,2017-02-09,4.4,Sports
BM Pharmacy,HEALTH_AND_FITNESS,4.9,42,1000,Free,0.0,Everyone,2018-06-11,18.0,Health & Fitness
BM Physiotherapy Clinic,HEALTH_AND_FITNESS,5.0,3,100,Free,0.0,Everyone,2017-10-09,9.3,Health & Fitness
BBMoji - Your personalized BBM Stickers,COMMUNICATION,4.3,8827,1000000,Free,0.0,Everyone,2018-05-22,,Communication
Dormi - Baby Monitor,PARENTING,4.3,11760,1000000,Free,0.0,Everyone,2018-06-22,,Parenting
Bet Master Pro Soccer Predictions,SPORTS,4.4,328,10000,Free,0.0,Everyone,2018-07-31,11.0,Sports
MbH BM,MEDICAL,1.0,1,100,Free,0.0,Everyone,2016-12-14,2.3,Medical
Basket Manager 2016 Pro,SPORTS,4.5,117,1000,Paid,0.99,Everyone,2017-02-09,4.4,Sports
BAMMS for BM SQ,PRODUCTIVITY,4.0,2,10,Free,0.0,Everyone,2018-07-24,10.0,Productivity
BM speed test,TOOLS,5.0,1,10,Free,0.0,Everyone,2018-07-13,3.7,Tools
Word Hunt,GAME,4.9,59,500,Free,0.0,Everyone,2018-06-22,21.0,Word
Basket Manager 2017 Pro,SPORTS,4.7,163,1000,Paid,0.99,Everyone,2017-10-06,4.6,Sports
NOOK: Read eBooks & Magazines,BOOKS_AND_REFERENCE,4.5,155466,10000000,Free,0.0,Teen,2018-04-25,,Books & Reference
BN Más Cerca de Usted,FINANCE,3.9,8185,500000,Free,0.0,Everyone,2018-07-06,45.0,Finance
My College Bookstore,SHOPPING,3.2,661,100000,Free,0.0,Everyone,2018-03-19,7.6,Shopping
NOOK Audiobooks,BOOKS_AND_REFERENCE,3.5,2539,500000,Free,0.0,Everyone,2018-07-26,8.6,Books & Reference
BNCR Token Celular,FINANCE,3.7,913,100000,Free,0.0,Everyone,2012-07-20,0.068359375,Finance
BN Mi Banco,BUSINESS,3.0,597,100000,Free,0.0,Everyone,2018-07-12,17.0,Business
BN Pro BlueICS-b HD Text,LIBRARIES_AND_DEMO,4.2,78,10000,Free,0.0,Everyone,2017-02-05,0.79296875,Libraries & Demo
BN Whitening Shoppe Ph,BEAUTY,4.0,2,100,Free,0.0,Everyone,2018-03-06,13.0,Beauty
BN Pro ArialXL Legacy Text,LIBRARIES_AND_DEMO,4.1,142,10000,Free,0.0,Everyone,2017-02-05,0.431640625,Libraries & Demo
NOOK App for NOOK Devices,BOOKS_AND_REFERENCE,4.7,19090,500000,Free,0.0,Everyone,2018-04-25,,Books & Reference
BN Pro PercentXL-b Neon HD Txt,LIBRARIES_AND_DEMO,4.0,45,5000,Free,0.0,Everyone,2017-02-05,0.822265625,Libraries & Demo
BN Bank Mobilbank,FINANCE,3.1,72,10000,Free,0.0,Everyone,2018-02-13,2.4,Finance
BN Pro Play-b HD Text,LIBRARIES_AND_DEMO,4.4,34,1000,Free,0.0,Everyone,2017-02-05,0.4072265625,Libraries & Demo
[BN] Blitz,SPORTS,3.2,4,100,Free,0.0,Everyone,2018-05-17,5.6,Sports
BN Pro LcdD Legacy Text,LIBRARIES_AND_DEMO,3.9,71,10000,Free,0.0,Everyone,2017-02-05,0.40234375,Libraries & Demo
BN Pro RobotoXL-b HD Text,LIBRARIES_AND_DEMO,4.2,86,10000,Free,0.0,Everyone,2017-02-05,0.4482421875,Libraries & Demo
Browsery by Barnes & Noble,BOOKS_AND_REFERENCE,4.7,146,5000,Free,0.0,Everyone,2018-04-30,34.0,Books & Reference
BN Pro ArialXL-b HD Text,LIBRARIES_AND_DEMO,4.0,24,1000,Free,0.0,Everyone,2017-02-05,0.466796875,Libraries & Demo
BN Pro Percent White HD Text,LIBRARIES_AND_DEMO,4.0,45,5000,Free,0.0,Everyone,2017-02-05,0.3271484375,Libraries & Demo
RTVBN,NEWS_AND_MAGAZINES,3.7,533,50000,Free,0.0,Everyone,2018-08-05,3.8,News & Magazines
BN Pro White HD Text,LIBRARIES_AND_DEMO,4.1,120,10000,Free,0.0,Everyone,2017-02-05,0.763671875,Libraries & Demo
BN Pro Roboto-b Neon HD Text,LIBRARIES_AND_DEMO,4.4,30,5000,Free,0.0,Everyone,2017-02-05,0.7041015625,Libraries & Demo
BN Pro LcdD HD Text,LIBRARIES_AND_DEMO,4.0,50,5000,Free,0.0,Everyone,2017-02-05,0.419921875,Libraries & Demo
BN Pro LcdD-b HD Text,LIBRARIES_AND_DEMO,3.9,131,10000,Free,0.0,Everyone,2017-02-05,0.4189453125,Libraries & Demo
BN Pro Solid Battery-White,LIBRARIES_AND_DEMO,3.6,7,1000,Free,0.0,Everyone,2017-02-05,0.1875,Libraries & Demo
"Calendars (En, Bn, Ar)",PRODUCTIVITY,4.6,27,1000,Free,0.0,Everyone,2017-06-05,2.5,Productivity
BN Pro Play HD Text,LIBRARIES_AND_DEMO,4.4,63,5000,Free,0.0,Everyone,2017-02-05,0.4072265625,Libraries & Demo
Yuzu eReader,FAMILY,1.9,250,50000,Free,0.0,Everyone,2018-07-18,,Education
BN Pro RobotoXL HD Text,LIBRARIES_AND_DEMO,4.3,15,1000,Free,0.0,Everyone,2017-02-05,0.44921875,Libraries & Demo
New York Mysteries (Full),GAME,4.5,514,5000,Paid,6.99,Teen,2018-06-04,5.9,Adventure
BN Pro ArialXL-b Neon HD Text,LIBRARIES_AND_DEMO,4.1,66,10000,Free,0.0,Everyone,2017-02-05,0.7109375,Libraries & Demo
BN Pro Black Text,LIBRARIES_AND_DEMO,3.8,18,1000,Free,0.0,Everyone,2017-02-05,0.484375,Libraries & Demo
BN Pro BlueICS HD Text,LIBRARIES_AND_DEMO,4.1,174,10000,Free,0.0,Everyone,2017-02-05,0.796875,Libraries & Demo
The Legacy (Full),GAME,4.6,144,1000,Paid,6.99,Everyone,2018-05-15,6.3,Adventure
BN Pro Arial Legacy Text,LIBRARIES_AND_DEMO,3.7,83,10000,Free,0.0,Everyone,2017-02-05,0.404296875,Libraries & Demo
BN Pro Black Text on White,LIBRARIES_AND_DEMO,3.9,53,10000,Free,0.0,Everyone,2017-02-05,0.326171875,Libraries & Demo
BN Pro White Text,LIBRARIES_AND_DEMO,4.4,50,5000,Free,0.0,Everyone,2017-02-05,0.494140625,Libraries & Demo
Bangla Calendar 1425: (EN-BN-AR) Holiday,LIFESTYLE,4.5,31,1000,Free,0.0,Everyone,2018-04-21,2.3,Lifestyle
Badoo - Free Chat & Dating App,SOCIAL,4.3,3781467,100000000,Free,0.0,Mature 17+,2018-08-02,,Social
Skip-Bo™,GAME,4.4,33661,100000,Paid,2.99,Everyone,2018-08-03,60.0,Card
Skip-Bo™ Free,GAME,3.5,46801,1000000,Free,0.0,Everyone,2018-08-03,60.0,Card
Beck & Bo: Toddler First Words,FAMILY,4.3,41,1000,Paid,2.99,Everyone,2018-05-31,7.9,Education
Bubble Bo-Bo,FAMILY,4.5,65,10000,Free,0.0,Everyone,2018-07-05,24.0,Casual
Boom Beach,FAMILY,4.5,5591653,50000000,Free,0.0,Everyone 10+,2018-07-18,95.0,Strategy
Red Ball 4,GAME,4.4,1432447,50000000,Free,0.0,Everyone,2017-11-09,59.0,Arcade
Bo's Bedtime Story,FAMILY,4.2,13,1000,Paid,2.49,Everyone,2017-12-25,23.0,Education
Skater Boy,GAME,4.3,1167143,100000000,Free,0.0,Everyone,2017-09-20,12.0,Arcade
FX LITE BO,FINANCE,3.6,73,10000,Free,0.0,Everyone,2016-10-18,14.0,Finance
Casual Sic Bo (骰寶),FAMILY,4.0,3,500,Free,0.0,Teen,2018-07-22,2.2,Casual
Sic Bo Online! Free Casino,GAME,3.8,488,100000,Free,0.0,Teen,2016-06-10,30.0,Casino
Hambo,GAME,4.4,125578,5000000,Free,0.0,Everyone,2015-07-06,17.0,Action
HBO GO: Stream with TV Package,FAMILY,3.8,87734,10000000,Free,0.0,Teen,2018-07-19,32.0,Entertainment
Sic Bo Rave,GAME,3.9,164,10000,Free,0.0,Teen,2013-09-23,33.0,Card
Thai Sic Bo,GAME,4.1,14283,1000000,Free,0.0,Teen,2017-10-01,4.2,Casino
Bo's Dinnertime Story,FAMILY,4.3,6,1000,Paid,2.49,Everyone,2017-12-25,33.0,Education
BOO! - Next Generation Messenger,SOCIAL,3.5,20675,1000000,Free,0.0,Teen,2018-08-02,96.0,Social
Wishbone - Compare Anything,SOCIAL,4.3,51569,1000000,Free,0.0,Teen,2018-07-30,26.0,Social
Bo's School Day,FAMILY,4.7,10,1000,Paid,2.99,Everyone,2017-12-18,30.0,Education
Bounce Classic,GAME,4.5,38297,10000000,Free,0.0,Everyone,2018-07-05,6.4,Arcade
Habbo - Virtual World,FAMILY,3.8,159398,5000000,Free,0.0,Teen,2018-05-30,28.0,Role Playing
Bomber Friends,GAME,4.5,776730,10000000,Free,0.0,Everyone 10+,2018-07-26,49.0,Action
Sic Bo (Tai Xiu) - Multiplayer Casino,GAME,4.2,152,10000,Free,0.0,Teen,2018-07-08,16.0,Casino
Power Spheres by BoBoiBoy,FAMILY,4.3,70903,5000000,Free,0.0,Everyone,2018-05-03,51.0,Puzzle
Bo Aung Din,EVENTS,4.1,110,5000,Free,0.0,Teen,2018-06-05,2.6,Events
No Crop & Square for Instagram,PHOTOGRAPHY,4.6,819694,10000000,Free,0.0,Everyone,2018-06-26,25.0,Photography
Township,FAMILY,4.6,4451317,50000000,Free,0.0,Everyone,2018-07-19,,Casual
Hungry Shark World,GAME,4.5,1243017,50000000,Free,0.0,Teen,2018-07-18,27.0,Action
Go-Go-Goat! Free Game,FAMILY,4.5,66740,1000000,Free,0.0,Everyone,2016-07-08,23.0,Arcade
BPme - Mobile Fuel Payment & BP Driver Rewards app,TRAVEL_AND_LOCAL,3.0,69,10000,Free,0.0,Everyone,2018-06-11,31.0,Travel & Local
My BP Lab,HEALTH_AND_FITNESS,2.6,186,10000,Free,0.0,Everyone,2018-05-19,25.0,Health & Fitness
BP World Energy,BUSINESS,3.4,25,10000,Free,0.0,Everyone,2018-07-27,16.0,Business
iBP Blood Pressure,MEDICAL,4.4,578,10000,Paid,0.99,Everyone,2014-11-30,0.6875,Medical
Blood Pressure,MEDICAL,4.2,33033,5000000,Free,0.0,Everyone,2018-07-24,7.4,Medical
BP and Sugar Test Prank,LIFESTYLE,4.0,7808,1000000,Free,0.0,Everyone,2015-11-05,5.0,Lifestyle
Blood Pressure Log - MyDiary,MEDICAL,4.7,8347,500000,Free,0.0,Everyone,2018-04-13,2.6,Medical
iFORA BP,MEDICAL,3.4,18,1000,Free,0.0,Everyone,2018-06-05,45.0,Medical
MbH BP,MEDICAL,3.7,9,1000,Free,0.0,Everyone,2017-10-03,23.0,Medical
Blood Pressure(BP) Diary,MEDICAL,3.7,3596,1000000,Free,0.0,Everyone,2018-07-18,8.4,Medical
Cardio Journal — Blood Pressure Log,MEDICAL,4.5,3320,100000,Free,0.0,Everyone,2018-02-12,8.3,Medical
Blood Pressure Info,FAMILY,3.9,174423,10000000,Free,0.0,Everyone,2018-08-02,7.9,Entertainment
BP Journal - Blood Pressure Diary,MEDICAL,5.0,6,1000,Free,0.0,Everyone,2018-05-25,26.0,Medical
Blood Pressure Monitor,MEDICAL,4.3,17,10000,Free,0.0,Everyone,2017-02-25,6.0,Medical
Blood Pressure Companion,MEDICAL,4.2,178,1000,Paid,0.99,Everyone,2018-07-22,4.8,Medical
MedM Blood Pressure,MEDICAL,4.0,255,10000,Free,0.0,Everyone,2018-05-25,16.0,Medical
"Diabetes, Blood Pressure, Health Tracker App",MEDICAL,4.5,309,10000,Free,0.0,Everyone,2017-03-15,5.9,Medical
Blood Pressure(BP) Report Lite,MEDICAL,4.0,91,10000,Free,0.0,Everyone,2012-02-08,0.3271484375,Medical
bp e-store,BOOKS_AND_REFERENCE,4.4,52,1000,Free,0.0,Everyone,2016-01-15,2.2,Books & Reference
Wireless BP,MEDICAL,1.8,30,500,Free,0.0,Everyone,2016-05-27,0.8662109375,Medical
BP Tracker,HEALTH_AND_FITNESS,4.3,12,1000,Free,0.0,Everyone,2016-02-20,0.5986328125,Health & Fitness
BP Log lite,LIFESTYLE,5.0,3,100,Free,0.0,Everyone,2014-11-15,1.5,Lifestyle
MI-BP,HEALTH_AND_FITNESS,5.0,1,50,Free,0.0,Everyone,2018-04-09,12.0,Health & Fitness
BP-Tech,FAMILY,3.2,12,1000,Free,0.0,Everyone,2018-02-03,13.0,Casual
Blood Pressure Log - bpresso.com,MEDICAL,4.2,5661,500000,Free,0.0,Everyone,2017-04-19,,Medical
Blood Pressure Diary,FAMILY,4.6,47,5000,Free,0.0,Everyone,2018-08-01,3.3,Simulation
High Blood Pressure,MEDICAL,3.8,4,1000,Free,0.0,Everyone,2016-06-01,2.9,Medical
Simple Blood Pressure log,MEDICAL,3.9,31,1000,Free,0.0,Everyone,2016-01-15,10.0,Medical
BP Tracker-Symptoms & Solution,MEDICAL,4.2,34,1000,Free,0.0,Everyone,2016-10-12,3.2,Medical
Blood Pressure Tracker,MEDICAL,4.0,11,1000,Free,0.0,Everyone,2017-11-08,1.8,Medical
Hypertension Hi blood pressure,MEDICAL,3.8,292,100000,Free,0.0,Everyone,2018-04-16,2.7,Medical
BP Scanner Prank,FAMILY,4.1,157,50000,Free,0.0,Everyone,2016-09-20,7.0,Entertainment
Deep Breathe BP,HEALTH_AND_FITNESS,3.9,26,1000,Free,0.0,Everyone,2018-06-09,12.0,Health & Fitness
bpresso PRO,MEDICAL,4.4,515,1000,Paid,5.49,Everyone,2017-04-19,,Medical
BP Toolbox,HEALTH_AND_FITNESS,2.1,32,1000,Free,0.0,Everyone,2018-05-22,9.6,Health & Fitness
bp Magazine for Bipolar,LIFESTYLE,1.8,5,1000,Free,0.0,Everyone 10+,2018-02-12,18.0,Lifestyle
Blood Pressure - Heartcare,MEDICAL,4.2,70,10000,Free,0.0,Everyone,2016-05-27,1.9,Medical
UM BP Track,MEDICAL,2.0,1,50,Free,0.0,Everyone,2017-06-27,29.0,Medical
Blood pressure,HEALTH_AND_FITNESS,3.4,2256,500000,Free,0.0,Everyone,2014-07-31,1.6,Health & Fitness
High Blood Pressure Symptoms,MEDICAL,4.3,46,10000,Free,0.0,Everyone,2017-04-05,2.0,Medical
BQ Camera,PHOTOGRAPHY,3.6,2526,1000000,Free,0.0,Everyone,2018-07-02,,Photography
BQ Services,TOOLS,3.7,5004,1000000,Free,0.0,Everyone,2018-07-09,2.5,Tools
BQ-መጽሐፍ ቅዱሳዊ ጥያቄዎች,GAME,4.7,191,5000,Free,0.0,Everyone,2018-07-31,7.2,Trivia
"Brilliant Quotes: Life, Love, Family & Motivation",BOOKS_AND_REFERENCE,4.5,67186,1000000,Free,0.0,Everyone 10+,2018-05-18,6.3,Books & Reference
BQ Scan,TOOLS,4.6,18,100,Free,0.0,Everyone,2018-04-01,4.0,Tools
Add-On: bq (a),PRODUCTIVITY,3.6,26,5000,Free,0.0,Everyone,2015-05-19,1.2,Productivity
Software Update,TOOLS,4.4,8259,1000000,Free,0.0,Everyone,2018-07-18,3.5,Tools
RoboPad,FAMILY,4.6,41,1000,Free,0.0,Everyone,2017-07-07,9.2,Education
Bono’s Pit Bar-B-Q,FAMILY,2.3,3,1000,Free,0.0,Everyone 10+,2018-01-23,36.0,Entertainment
QR Scanner & Barcode Scanner 2018,PRODUCTIVITY,3.8,8211,5000000,Free,0.0,Everyone,2018-07-20,4.1,Productivity
BQ Scanner,TOOLS,3.0,2,100,Free,0.0,Everyone,2017-10-10,2.7,Tools
Bar-B-Q Rib House,FOOD_AND_DRINK,5.0,2,50,Free,0.0,Everyone,2018-03-08,33.0,Food & Drink
Gold Wallpapers,PERSONALIZATION,4.5,43,10000,Free,0.0,Everyone,2018-03-26,28.0,Personalization
[Substratum] M5 Theme,PERSONALIZATION,4.4,16,5000,Free,0.0,Everyone,2018-03-10,6.7,Personalization
Zowi App,FAMILY,4.5,516,50000,Free,0.0,Everyone,2016-12-21,21.0,Education
Bar-B-Q Recipes,FOOD_AND_DRINK,4.8,18,5000,Free,0.0,Everyone,2016-08-15,3.5,Food & Drink
System Update Free,TOOLS,4.3,3068,100000,Free,0.0,Everyone,2018-07-20,6.0,Tools
Camera FV-5,PHOTOGRAPHY,3.8,16317,100000,Paid,3.95,Everyone,2017-11-10,,Photography
Camera MX - Free Photo & Video Camera,PHOTOGRAPHY,4.3,244302,10000000,Free,0.0,Everyone,2018-07-05,,Photography
Woody's Bar-B-Q,FOOD_AND_DRINK,3.7,3,1000,Free,0.0,Everyone,2018-03-05,27.0,Food & Drink
Launcher Oreo 8.1,PERSONALIZATION,4.5,13466,500000,Free,0.0,Everyone,2018-06-19,3.4,Personalization
Free antivirus and VPN,TOOLS,4.3,27749,1000000,Free,0.0,Everyone,2018-07-19,16.0,Tools
RoboPad++,FAMILY,4.4,77,10000,Free,0.0,Everyone,2017-07-07,10.0,Education
IKEA Store,SHOPPING,3.4,25515,10000000,Free,0.0,Everyone,2018-07-16,,Shopping
Simple Gallery,TOOLS,4.5,28030,1000000,Free,0.0,Everyone,2018-08-02,9.0,Tools
Pick-a-Paint,LIFESTYLE,1.6,242,50000,Free,0.0,Everyone,2018-05-14,36.0,Lifestyle
Left vs Right: Brain Training,FAMILY,4.5,75719,5000000,Free,0.0,Everyone,2017-11-24,30.0,Educational
"Bleacher Report: sports news, scores, & highlights",SPORTS,4.4,122280,5000000,Free,0.0,Everyone 10+,2018-07-20,,Sports
Baskin-Robbins,FOOD_AND_DRINK,3.8,1103,100000,Free,0.0,Everyone,2018-06-08,6.6,Food & Drink
Infinity Dungeon VIP,FAMILY,4.3,21804,1000000,Paid,0.99,Everyone 10+,2018-07-03,44.0,Role Playing
Carros Rebaixados BR,GAME,4.3,20691,1000000,Free,0.0,Everyone,2018-07-31,89.0,Racing
BR,LIFESTYLE,3.0,859,100000,Free,0.0,Everyone,2018-07-19,3.5,Lifestyle
Bleacher Report Live,SPORTS,4.0,232,50000,Free,0.0,Everyone,2018-08-01,32.0,Sports
Cardboard,LIBRARIES_AND_DEMO,4.2,130287,10000000,Free,0.0,Everyone,2016-03-14,50.0,Libraries & Demo
QR Code Pro,PRODUCTIVITY,4.8,5865,100000,Paid,4.49,Everyone,2018-07-18,15.0,Productivity
BR Video Player,VIDEO_PLAYERS,4.0,46,5000,Free,0.0,Everyone,2015-04-20,3.1,Video Players & Editors
Br. Parking - Busy road Parking 3D 2018,FAMILY,4.5,41,5000,Free,0.0,Everyone,2018-01-13,30.0,Simulation
B R Telco FCU Mobile Banking,FINANCE,4.7,413,10000,Free,0.0,Everyone,2018-05-30,13.0,Finance
BR Chat Bot,SOCIAL,1.9,16,1000,Free,0.0,Everyone,2016-06-30,2.6,Social
Br Browser,SOCIAL,4.9,29,500,Free,0.0,Everyone,2018-03-20,2.5,Social
TV Guide BR Gold,FAMILY,4.4,544,5000,Paid,1.49,Everyone,2017-08-20,,Entertainment
Dr B R Ambedkar (Jai Bhim),SOCIAL,4.7,2068,100000,Free,0.0,Everyone,2014-04-13,7.5,Social
Br Shafi,FAMILY,4.9,1288,10000,Free,0.0,Everyone,2018-07-11,26.0,Education
Dr. B.R.Ambedkar,SOCIAL,4.8,1902,100000,Free,0.0,Everyone,2014-06-05,5.2,Social
Texas HoldEm Poker Deluxe (BR),GAME,4.5,1418,10000,Free,0.0,Teen,2018-05-30,26.0,Casino
Companion for Fortnite & Fortnite Battle Royale,FAMILY,4.6,2736,100000,Free,0.0,Everyone,2018-08-03,,Entertainment
Mu Mobile BR,BUSINESS,4.5,43,100,Free,0.0,Everyone,2018-07-20,92.0,Business
Brick Breaker BR,GAME,5.0,7,5,Free,0.0,Everyone,2018-07-23,19.0,Arcade
BR Series,VIDEO_PLAYERS,3.9,1016,50000,Free,0.0,Teen,2018-05-28,13.0,Video Players & Editors
CJ - BR MEMES,COMICS,4.3,109,10000,Free,0.0,Everyone,2018-01-18,3.5,Comics
Vlogger Go Viral - Tuber Game,FAMILY,4.8,1304467,10000000,Free,0.0,Everyone,2018-07-27,68.0,Strategy
Next Portuguese(BR) Langpack,TOOLS,4.3,1320,100000,Free,0.0,Everyone,2013-09-13,0.759765625,Tools
BR Ambedkar Biography & Quotes,BOOKS_AND_REFERENCE,4.6,156,10000,Free,0.0,Everyone,2018-06-11,2.1,Books & Reference
Black Commando | Special Ops | FPS Shooting,GAME,4.1,1167,100000,Free,0.0,Teen,2018-05-03,72.0,Action
GearBest Online Shopping,SHOPPING,4.5,245104,5000000,Free,0.0,Everyone,2018-08-01,35.0,Shopping
iPlayIT for YouTube VR Player,VIDEO_PLAYERS,4.3,5879,1000000,Free,0.0,Teen,2018-06-12,,Video Players & Editors
True Skateboarding Ride Skateboard Game Freestyle,GAME,3.8,8175,1000000,Free,0.0,Everyone 10+,2018-01-03,31.0,Arcade
Bullshit! (Free),GAME,2.4,45,10000,Free,0.0,Teen,2016-08-26,4.1,Card
BSPlayer FREE,VIDEO_PLAYERS,4.3,138337,10000000,Free,0.0,Everyone,2018-04-03,,Video Players & Editors
Bullshite!,GAME,2.8,48,10000,Free,0.0,Teen,2016-04-10,13.0,Card
Block Strike,GAME,4.5,947515,10000000,Free,0.0,Teen,2018-07-25,60.0,Action
Loved by King Bs,FAMILY,4.6,5546,100000,Free,0.0,Everyone,2018-06-15,85.0,Simulation
BombSquad Remote,GAME,4.1,13304,1000000,Free,0.0,Everyone,2016-11-30,1.3,Arcade
BSPlayer,VIDEO_PLAYERS,4.2,4585,50000,Paid,5.99,Everyone,2018-03-30,,Video Players & Editors
BS CS IT & SE,FAMILY,4.6,9,1000,Free,0.0,Everyone,2018-05-16,6.9,Education
BSPlayer ARMv7 VFP CPU support,VIDEO_PLAYERS,4.3,9966,1000000,Free,0.0,Everyone,2017-03-31,5.5,Video Players & Editors
Marked by King Bs,FAMILY,4.6,70335,500000,Free,0.0,Teen,2017-10-17,58.0,Simulation
COMSATS BOOK STORE FOR BS(CS),FAMILY,5.0,15,50,Free,0.0,Everyone,2018-07-11,94.0,Education
BS-Mobile,COMMUNICATION,5.0,1,50,Free,0.0,Everyone,2015-09-03,0.6669921875,Communication
BS Meter (Ad Supported),FAMILY,3.9,14,1000,Free,0.0,Teen,2013-08-14,0.578125,Entertainment
BS Calendar / Patro / पात्रो,PRODUCTIVITY,4.2,218,50000,Free,0.0,Everyone,2018-07-15,,Productivity
Simulator Brawl Box for BS,FAMILY,3.9,168,5000,Free,0.0,Everyone,2017-06-27,6.4,Simulation
BS Generator,FAMILY,4.2,5,100,Free,0.0,Everyone,2016-07-23,3.3,Entertainment
BS player remote,VIDEO_PLAYERS,3.5,54,10000,Free,0.0,Everyone,2013-04-22,0.181640625,Video Players & Editors
King of B.S.,FAMILY,4.0,4,100,Free,0.0,Everyone,2014-06-09,0.8203125,Education
BS Play,FAMILY,3.7,56,5000,Free,0.0,Everyone,2015-03-04,1.5,Education
B@dL!bs Lite,GAME,3.8,10,1000,Free,0.0,Mature 17+,2016-04-05,36.0,Word
BS Battery+,TOOLS,4.3,269,50000,Free,0.0,Everyone,2012-08-18,0.6318359375,Tools
BS MAPS,MAPS_AND_NAVIGATION,4.5,6,50,Free,0.0,Everyone,2018-07-28,2.5,Maps & Navigation
Beauty Rental Shop,FAMILY,4.6,11480,100000,Free,0.0,Everyone,2018-05-25,93.0,Simulation
Bsc Agri Notes,FAMILY,4.5,301,10000,Free,0.0,Everyone,2018-07-01,5.6,Education
Love Signal: D-Mate,FAMILY,4.3,1895,50000,Free,0.0,Everyone,2018-02-27,72.0,Simulation
BSC IT,FAMILY,4.4,847,10000,Free,0.0,Everyone,2018-07-16,21.0,Education
Sleeping Delivery,FAMILY,4.6,19640,100000,Free,0.0,Teen,2018-05-18,67.0,Simulation
CABLE SIZE CALCULATOR BS 7671,TOOLS,3.9,333,100000,Free,0.0,Everyone,2016-02-03,1.1,Tools
Banco Sabadell App. Your mobile bank,FINANCE,3.9,25205,1000000,Free,0.0,Everyone,2018-07-27,,Finance
Strætó.is,MAPS_AND_NAVIGATION,3.1,742,100000,Free,0.0,Everyone,2018-07-09,15.0,Maps & Navigation
VOLT DROP CALCULATOR BS 7671,TOOLS,3.9,71,10000,Free,0.0,Everyone,2016-01-26,1.1,Tools
BSc Ag Entrance Preparation,FAMILY,4.4,138,10000,Free,0.0,Everyone,2018-05-31,6.2,Education
17th Edition Cable Sizer,BOOKS_AND_REFERENCE,4.4,47,1000,Paid,3.08,Everyone,2016-05-27,1.4,Books & Reference
Black Survival,FAMILY,4.4,48451,1000000,Free,0.0,Teen,2018-08-01,52.0,Strategy
Black Social,SOCIAL,4.6,22,1000,Free,0.0,Teen,2018-08-05,8.7,Social
BTNotification,TOOLS,3.9,15665,5000000,Free,0.0,Everyone,2016-07-08,0.3642578125,Tools
Little Magnet BT,TOOLS,4.6,3703,100000,Free,0.0,Everyone,2018-08-05,3.8,Tools
BT Notifier,TOOLS,2.5,2794,1000000,Free,0.0,Everyone,2018-05-28,3.8,Tools
Little Magnet BT Pro,TOOLS,4.6,251,1000,Paid,0.99,Everyone,2018-08-05,3.8,Tools
Bt Notifier -Smartwatch notice,TOOLS,2.8,632,500000,Free,0.0,Everyone,2017-05-23,8.2,Tools
BT One Voice mobile access,COMMUNICATION,4.0,32,5000,Free,0.0,Everyone,2015-07-30,0.4267578125,Communication
BT One Mobile secure access,BUSINESS,3.4,54,10000,Free,0.0,Everyone,2016-07-28,5.7,Business
BT Communicator,SOCIAL,3.8,32,10000,Free,0.0,Teen,2016-12-16,1.6,Social
BT One Voice anywhere,BUSINESS,4.5,80,10000,Free,0.0,Everyone,2016-12-23,16.0,Business
BT Find Address for Bluetooth,BUSINESS,4.8,8,5000,Free,0.0,Everyone,2017-10-31,2.6,Business
BT Camera,PHOTOGRAPHY,3.3,1307,500000,Free,0.0,Everyone,2017-02-24,6.6,Photography
BT Messenger,COMMUNICATION,3.9,97,50000,Free,0.0,Everyone,2015-05-15,0.583984375,Communication
BT One Phone Mobile App,COMMUNICATION,3.5,33,10000,Free,0.0,Everyone,2017-09-18,2.7,Communication
BitTorrent®- Torrent Downloads,VIDEO_PLAYERS,4.5,641219,10000000,Free,0.0,Everyone,2018-07-26,,Video Players & Editors
SW-100.tch by Callstel,COMMUNICATION,4.0,1926,1000000,Free,0.0,Everyone,2015-12-16,0.69921875,Communication
BT MeetMe with Dolby Voice,COMMUNICATION,3.6,437,100000,Free,0.0,Everyone,2018-07-13,12.0,Communication
BT Share It,BUSINESS,4.7,12,500,Free,0.0,Everyone,2018-05-16,13.0,Business
Bluetooth Auto Connect,COMMUNICATION,3.9,20829,5000000,Free,0.0,Everyone,2017-11-17,1.9,Communication
Wifi BT Scanner,FAMILY,5.0,2,500,Free,0.0,Everyone,2016-11-03,1.2,Education
Ultimate Control BT,BUSINESS,4.6,14,500,Free,0.0,Everyone,2018-06-06,4.3,Business
BT Controller,TOOLS,3.9,4374,1000000,Free,0.0,Everyone,2018-06-25,13.0,Tools
BT Church,LIFESTYLE,4.9,26,1000,Free,0.0,Teen,2018-06-25,8.4,Lifestyle
Mediatek SmartDevice,TOOLS,3.6,11187,1000000,Free,0.0,Everyone,2017-03-17,7.3,Tools
LG BT Reader Plus,TOOLS,3.7,2992,500000,Free,0.0,Everyone,2016-02-25,0.5712890625,Tools
BT Mobile,MAPS_AND_NAVIGATION,3.9,22,1000,Free,0.0,Everyone,2018-07-04,3.2,Maps & Navigation
MagicLight BT,LIFESTYLE,2.7,135,10000,Free,0.0,Everyone,2018-07-11,6.5,Lifestyle
Bluetooth Control BT->uC FREE,TOOLS,3.8,67,10000,Free,0.0,Everyone,2016-06-06,2.7,Tools
B.T.,NEWS_AND_MAGAZINES,2.8,636,100000,Free,0.0,Everyone,2018-06-08,1.4,News & Magazines
Autool BT-BOX,TOOLS,3.5,4,500,Free,0.0,Everyone,2018-05-12,17.0,Tools
BT Remote (SPP) for Bluetooth,TOOLS,4.1,36,10000,Free,0.0,Everyone,2016-10-24,3.1,Tools
Battery Notifier Pro BT,TOOLS,4.7,1363,10000,Paid,2.59,Everyone,2017-06-07,1.6,Tools
BT Panorama,FINANCE,4.3,34,5000,Free,0.0,Everyone,2017-06-14,,Finance
Battery Notifier BT Free,TOOLS,4.5,21979,1000000,Free,0.0,Everyone,2017-06-07,0.958984375,Tools
"BT Dating -Find your match, help cupid, be social",SOCIAL,4.1,158,50000,Free,0.0,Mature 17+,2018-07-19,26.0,Social
Aegis BT,BUSINESS,4.8,16,500,Free,0.0,Everyone,2017-09-06,4.5,Business
AudioBT: BT audio GPS/SMS/Text,COMMUNICATION,3.4,198,50000,Free,0.0,Everyone,2017-02-21,0.2138671875,Communication
Jabbla BT,TOOLS,5.0,3,100,Free,0.0,Everyone,2014-10-06,0.0537109375,Tools
SenseView BT Zephyr Sensor,TOOLS,4.3,37,5000,Free,0.0,Everyone,2015-05-15,0.3154296875,Tools
Bu the Baby Bunny - Cute pet care game,FAMILY,4.4,37122,1000000,Free,0.0,Everyone,2018-06-14,89.0,Educational
Boston University Alumni,FAMILY,1.8,5,1000,Free,0.0,Everyone,2017-12-02,5.2,Education
BU Bus Tracker,MAPS_AND_NAVIGATION,4.2,57,10000,Free,0.0,Everyone,2017-09-05,15.0,Maps & Navigation
kick the buddy,GAME,3.3,294,10000,Free,0.0,Everyone,2018-07-19,19.0,Arcade
BU Study,FAMILY,5.0,7,10,Free,0.0,Everyone,2017-12-07,5.6,Education
sustainability@BU,LIFESTYLE,4.8,10,1000,Free,0.0,Everyone,2018-01-18,11.0,Lifestyle
BU Mobile,FAMILY,4.5,472,10000,Free,0.0,Everyone,2018-07-06,4.3,Education
Barisal University App-BU Face,FAMILY,5.0,100,1000,Free,0.0,Everyone,2018-05-06,10.0,Education
"Pu - Cute giant panda bear, baby pet care game",FAMILY,4.5,22167,1000000,Free,0.0,Everyone,2018-06-12,88.0,Educational
BU Students' Rep. Council,FAMILY,4.7,38,500,Free,0.0,Everyone,2018-07-05,5.3,Education
BU Calculator,FAMILY,4.6,69,1000,Free,0.0,Everyone,2017-07-24,3.1,Education
BU Syllabus,FAMILY,4.5,38,1000,Free,0.0,Everyone,2017-09-21,6.5,Education
BU Bison Nation,SPORTS,3.5,4,100,Free,0.0,Everyone,2017-09-21,40.0,Sports
BU Library,FAMILY,3.5,4,1000,Free,0.0,Everyone,2017-09-22,21.0,Education
SkyTest BU/GU Lite,BUSINESS,2.9,28,500,Paid,17.99,Everyone,2017-10-24,20.0,Business
Catholic La Bu Zo Kam,BOOKS_AND_REFERENCE,5.0,23,500,Free,0.0,Everyone,2016-03-20,,Books & Reference
Kick the Buddy,GAME,4.3,1004709,50000000,Free,0.0,Teen,2018-07-05,,Action
Kristian Hla Bu,BOOKS_AND_REFERENCE,4.8,238,10000,Free,0.0,Everyone,2018-05-25,27.0,Books & Reference
SA HLA BU,BOOKS_AND_REFERENCE,4.7,119,1000,Free,0.0,Everyone,2017-09-21,1.5,Books & Reference
Bubble Witch 2 Saga,FAMILY,4.3,2838064,100000000,Free,0.0,Everyone,2018-08-06,,Casual
Büfe BU,LIFESTYLE,4.1,14,100,Free,0.0,Everyone,2015-10-17,13.0,Lifestyle
BV Mobile Apps,PRODUCTIVITY,5.0,3,100,Free,0.0,Everyone,2018-06-05,4.8,Productivity
BV,COMMUNICATION,5.0,3,100,Free,0.0,Everyone,2016-08-04,1.6,Communication
Bacteria Vaginosis,HEALTH_AND_FITNESS,4.0,4015,1000000,Free,0.0,Mature 17+,2017-04-27,7.7,Health & Fitness
BV Smart,BUSINESS,4.3,28,1000,Free,0.0,Everyone,2015-05-01,3.4,Business
Bacterial Vaginosis Symptoms,MEDICAL,4.1,698,100000,Free,0.0,Everyone 10+,2015-02-03,2.4,Medical
BV Sridhara Maharaj,FAMILY,5.0,8,100,Free,0.0,Everyone,2017-12-03,2.7,Entertainment
Bacterial vaginosis Treatment - Sexual disease,HEALTH_AND_FITNESS,5.0,2,500,Free,0.0,Everyone,2018-06-25,5.9,Health & Fitness
Schulman B.V.,SHOPPING,4.0,6,100,Free,0.0,Everyone,2016-09-14,20.0,Shopping
BV Taxi Sudan,MAPS_AND_NAVIGATION,3.5,8,10,Free,0.0,Everyone,2018-01-17,26.0,Maps & Navigation
Meu Cartão BV,FINANCE,4.1,15057,500000,Free,0.0,Everyone,2018-08-03,5.7,Finance
StartPage Private Search,LIFESTYLE,4.6,10198,100000,Free,0.0,Everyone,2017-08-21,2.2,Lifestyle
TomTom GPS Navigation Traffic,MAPS_AND_NAVIGATION,4.1,132792,10000000,Free,0.0,Everyone,2017-10-25,62.0,Maps & Navigation
Maps & GPS Navigation — OsmAnd,MAPS_AND_NAVIGATION,4.2,60820,5000000,Free,0.0,Everyone,2018-08-01,,Maps & Navigation
OLX Uganda Sell Buy Cellphones,SHOPPING,4.2,4977,100000,Free,0.0,Everyone,2018-07-25,9.8,Shopping
Feel Performer,COMMUNICATION,2.2,62,10000,Free,0.0,Everyone,2018-04-09,34.0,Communication
Smashy Road: Arena,GAME,4.3,45558,5000000,Free,0.0,Everyone 10+,2018-05-24,53.0,Action
My Budget Book,FINANCE,4.7,19784,100000,Paid,2.99,Everyone,2018-06-13,7.3,Finance
VictronConnect,TOOLS,3.8,400,50000,Free,0.0,Everyone,2018-07-05,,Tools
Allsetra B.V.,BUSINESS,4.1,15,1000,Free,0.0,Everyone,2018-04-05,24.0,Business
Philips Hue,LIFESTYLE,3.1,10006,1000000,Free,0.0,Everyone,2018-07-26,53.0,Lifestyle
Evolution: Battle for Utopia,FAMILY,4.2,246705,1000000,Free,0.0,Teen,2018-05-04,27.0,Strategy
Best Western To Go,TRAVEL_AND_LOCAL,3.0,2719,100000,Free,0.0,Teen,2018-08-02,17.0,Travel & Local
BW-Go,GAME,4.8,265,1000,Paid,3.49,Everyone,2015-06-18,1.3,Board
BW Smart,TOOLS,3.7,50,5000,Free,0.0,Everyone,2017-06-06,19.0,Tools
Watch Face BW Inter,PERSONALIZATION,3.1,112,1000,Paid,0.99,Everyone,2017-04-26,8.8,Personalization
BW-Go Free,GAME,4.6,547,10000,Free,0.0,Everyone,2015-06-18,1.3,Board
BlitzWolf Shutter - BW Shutter,PHOTOGRAPHY,2.9,333,50000,Free,0.0,Everyone,2017-11-22,1.8,Photography
Black & White Camera - Lovely BW,PHOTOGRAPHY,4.2,329,100000,Free,0.0,Everyone,2017-11-13,4.8,Photography
BW-Joseki,GAME,4.7,705,10000,Free,0.0,Everyone,2015-07-28,1.8,Board
BW-DGS plugin,GAME,4.5,70,1000,Free,0.0,Everyone,2018-05-13,0.6748046875,Board
BW App,LIFESTYLE,2.8,48,5000,Free,0.0,Everyone,2017-09-27,12.0,Lifestyle
Next Launcher 3D Theme Stun-BW,PERSONALIZATION,4.4,2839,100000,Free,0.0,Everyone,2014-01-11,5.1,Personalization
Standard Chartered Mobile (BW),FINANCE,4.4,96,10000,Free,0.0,Everyone,2018-08-05,7.2,Finance
BW Mobilbanking für Smartphone und Tablet,FINANCE,4.1,2048,100000,Free,0.0,Everyone,2018-07-10,24.0,Finance
BW COMPANY FINDER,BUSINESS,4.6,48,1000,Free,0.0,Everyone,2017-08-21,7.4,Business
BW Taxi,MAPS_AND_NAVIGATION,3.0,67,5000,Free,0.0,Everyone,2018-05-01,53.0,Maps & Navigation
BW-GnuGo,GAME,4.1,64,5000,Free,0.0,Everyone,2013-06-02,1.3,Board
Beautiful Widgets Pro,PERSONALIZATION,4.2,97890,1000000,Paid,2.49,Everyone,2016-08-24,14.0,Personalization
Bw Events,EVENTS,4.4,16,100,Free,0.0,Everyone,2016-08-09,1.7,Events
Beautiful Widgets Free,PERSONALIZATION,3.9,25035,1000000,Free,0.0,Everyone,2016-10-20,14.0,Personalization
HD Widgets,PERSONALIZATION,4.3,58614,1000000,Paid,0.99,Everyone,2016-12-07,26.0,Personalization
BW Wallpaper,PERSONALIZATION,4.5,4,50,Free,0.0,Everyone,2016-12-31,0.4990234375,Personalization
Skull Widget BW,PERSONALIZATION,4.5,4,10,Free,0.0,Everyone,2018-02-28,1.7,Personalization
BW Map mobile,TRAVEL_AND_LOCAL,3.6,57,10000,Free,0.0,Everyone,2018-05-31,32.0,Travel & Local
Bell and Wyson Camera BW Pix +,LIFESTYLE,2.0,8,1000,Free,0.0,Everyone,2016-11-14,12.0,Lifestyle
Best Western e-Concierge Hotel,TRAVEL_AND_LOCAL,4.0,41,10000,Free,0.0,Everyone,2018-06-04,23.0,Travel & Local
BlackCam Pro - B&W Camera,PHOTOGRAPHY,4.5,1376,100000,Paid,1.49,Everyone,2018-03-26,5.5,Photography
SAP BW Tutorial,FAMILY,4.0,11,1000,Free,0.0,Everyone,2016-01-10,9.4,Education
Kromium BW Theme for NEXT,PERSONALIZATION,4.3,1098,50000,Free,0.0,Everyone,2014-10-11,18.0,Personalization
Color Changer Pro [root],PERSONALIZATION,4.5,69,1000,Paid,0.99,Everyone,2017-01-12,0.9287109375,Personalization
Fantasy theme dark bw black building,ART_AND_DESIGN,4.8,41,5000,Free,0.0,Everyone,2018-03-20,1.9,Art & Design
Keyboard Theme Gate Flat BW,PERSONALIZATION,4.5,75,10000,Free,0.0,Mature 17+,2016-05-26,2.6,Personalization
BL Essentials BW Icon Pack,PERSONALIZATION,4.2,17,1000,Free,0.0,Everyone,2013-05-06,0.9404296875,Personalization
Hypocam,PHOTOGRAPHY,4.5,12572,1000000,Free,0.0,Everyone,2018-03-14,8.5,Photography
Hitman GO,FAMILY,4.6,84114,500000,Paid,0.99,Everyone 10+,2018-07-05,23.0,Puzzle
B&W Photo Filter Editor,PHOTOGRAPHY,3.9,205,50000,Free,0.0,Everyone,2017-07-29,2.4,Photography
BX Memo,FAMILY,4.3,131,5000,Free,0.0,Everyone,2016-11-17,2.0,Education
Bixby Button Remapper - bxActions Pro / Coffee,TOOLS,3.9,319,10000,Paid,2.99,Everyone,2017-04-28,0.0244140625,Tools
Bixby Button Remapper - bxActions,TOOLS,4.3,13064,1000000,Free,0.0,Everyone,2018-05-23,4.6,Tools
Bitcoin BX Thailand,FINANCE,3.7,120,10000,Free,0.0,Everyone,2017-10-23,31.0,Finance
Bx Thailand Alert (Bitcoin),FINANCE,4.7,3,100,Free,0.0,Everyone,2018-02-05,8.2,Finance
bX Hot Articles by Ex Libris,FAMILY,4.3,42,5000,Free,0.0,Everyone,2017-05-09,0.541015625,Education
Bitcoin BX Thailand PRO,FINANCE,1.7,21,100,Paid,4.99,Everyone,2017-10-22,21.0,Finance
Bitcoin Bx (Thailand),FINANCE,4.5,101,10000,Free,0.0,Everyone,2018-08-04,6.9,Finance
BX Mobile TMC for SAP B1,BUSINESS,4.7,3,100,Free,0.0,Everyone,2015-01-20,11.0,Business
BxPort - Bitcoin Bx (Thailand),FINANCE,5.0,4,50,Free,0.0,Everyone,2018-07-14,4.1,Finance
BX Diff - Crypto Coins Checker,FINANCE,4.6,83,5000,Free,0.0,Everyone,2018-07-16,4.0,Finance
bitcoin exchange bx thailand,FINANCE,2.9,19,5000,Free,0.0,Everyone,2017-06-26,2.2,Finance
Bitcoin & Cryptocurrency - Bx,FINANCE,4.8,11,1000,Free,0.0,Everyone,2017-11-28,3.7,Finance
Benefit Extras Mobile App,HEALTH_AND_FITNESS,2.3,3,1000,Free,0.0,Everyone,2018-07-18,2.4,Health & Fitness
Car Driving Simulator Citroen,FAMILY,3.8,174,10000,Free,0.0,Everyone,2017-07-18,44.0,Simulation
LEDSHOWTW,TOOLS,4.2,5,500,Free,0.0,Everyone,2018-04-23,31.0,Tools
Water Surfer Floating BMX Bicycle Rider Racing,FAMILY,4.4,551,100000,Free,0.0,Everyone,2017-07-03,38.0,Simulation
RC Monster Truck - Offroad Driving Simulator,GAME,4.0,38448,5000000,Free,0.0,Everyone,2018-06-16,27.0,Racing
Tiny Call Confirm,COMMUNICATION,4.1,22782,1000000,Free,0.0,Everyone,2015-03-25,0.3427734375,Communication
Casa de Bolsa Bx+ Móvil,FINANCE,3.4,5,500,Free,0.0,Everyone,2017-07-18,8.8,Finance
Super Jabber Jump,GAME,4.3,85882,10000000,Free,0.0,Everyone,2017-11-07,23.0,Arcade
Commando Adventure Assassin,GAME,4.0,51067,5000000,Free,0.0,Teen,2018-05-29,48.0,Action
Limbo PC Emulator QEMU ARM x86,TOOLS,4.2,13005,1000000,Free,0.0,Everyone,2018-01-21,9.7,Tools
Lollipop Launcher Plus,PERSONALIZATION,4.1,131,1000,Paid,4.99,Everyone,2015-03-08,0.0263671875,Personalization
Crypto Tracker by BitScreener,FINANCE,4.7,396,10000,Free,0.0,Everyone,2018-08-05,12.0,Finance
City Builder 2016: County Mall,FAMILY,4.2,41693,1000000,Free,0.0,Everyone,2018-06-04,74.0,Simulation
Fists For Fighting (Fx3),SPORTS,3.9,138739,10000000,Free,0.0,Teen,2018-07-07,44.0,Sports
Train driving simulator,FAMILY,3.8,91645,10000000,Free,0.0,Teen,2018-05-08,36.0,Simulation
Roulette Advisor LITE,GAME,4.1,41,5000,Free,0.0,Everyone,2014-08-21,1.4,Casino
Mini Motor Racing WRT,GAME,4.2,107497,1000000,Free,0.0,Everyone,2016-02-02,,Racing
BMX Boy Bike Stunt Rider Game,GAME,3.8,299,10000,Free,0.0,Everyone,2017-11-10,25.0,Racing
"CoinMarketApp - CryptoCurrency Portfolio, News,ICO",FINANCE,4.7,20535,500000,Free,0.0,Everyone,2018-07-31,,Finance
Best Friends Dress Up & Makeup,FAMILY,3.7,7664,500000,Free,0.0,Everyone,2015-09-09,44.0,Casual
World of Warriors: Duel,GAME,4.3,25952,500000,Free,0.0,Everyone 10+,2015-09-07,36.0,Action
Trinomial Factoring Wizard,TOOLS,4.0,22,1000,Paid,0.99,Everyone,2014-10-10,0.080078125,Tools
Driving Zone,GAME,4.2,51791,1000000,Free,0.0,Everyone,2018-06-06,57.0,Racing
Bitcoin Ticker Widget,FINANCE,4.6,25744,500000,Free,0.0,Everyone,2018-07-30,,Finance
Quadratic Equation Solver with Steps and Graphs,FAMILY,4.7,513,50000,Free,0.0,Everyone,2017-12-14,9.8,Education
Color by Number – New Coloring Book,GAME,4.7,142308,5000000,Free,0.0,Everyone 10+,2018-08-01,24.0,Board
Car Race by Fun Games For Free,GAME,4.3,54221,1000000,Free,0.0,Everyone,2013-06-15,47.0,Racing
Adult Color By Number Book: Number Coloring Pages,FAMILY,4.2,2231,500000,Free,0.0,Everyone,2018-07-23,37.0,Entertainment
Glitter Color By Number - Glitter Number Coloring,FAMILY,3.5,1380,500000,Free,0.0,Everyone,2018-07-18,6.9,Entertainment
Sandbox - Color by Number Coloring Pages,FAMILY,4.7,412744,10000000,Free,0.0,Everyone,2018-07-19,10.0,Entertainment
Sandbox Art-Sandbox Color by Number Coloring Pages,FAMILY,4.7,12784,1000000,Free,0.0,Everyone,2018-08-04,15.0,Entertainment
One Today by Google,LIFESTYLE,4.5,2586,100000,Free,0.0,Everyone,2015-12-17,9.4,Lifestyle
Art Pixel Coloring. Color by Number.,FAMILY,4.5,992,100000,Free,0.0,Teen,2018-08-02,49.0,Entertainment
Color By Number - Sandbox Pixel Coloring Book,FAMILY,4.7,24557,1000000,Free,0.0,Everyone,2018-08-03,24.0,Casual
PixelDot - Color by Number Sandbox Pixel Art,FAMILY,4.6,16041,1000000,Free,0.0,Everyone,2018-07-05,7.3,Entertainment
Slot Machines by IGG,GAME,4.6,267229,10000000,Free,0.0,Teen,2018-05-28,24.0,Casino
PixPanda - Color by Number Pixel Art Coloring Book,FAMILY,4.9,55723,1000000,Free,0.0,Everyone,2018-06-04,14.0,Entertainment
Sandbox Number Coloring Book Art - Color By Number,FAMILY,4.2,14356,1000000,Free,0.0,Everyone,2018-03-09,,Entertainment
Adult Color by Number Book - Paint Mandala Pages,FAMILY,4.3,997,100000,Free,0.0,Everyone,2018-06-27,,Entertainment
Photo Editor by Aviary,PHOTOGRAPHY,4.4,1490722,50000000,Free,0.0,Everyone,2018-07-19,21.0,Photography
No.Color – Color by Number,FAMILY,4.4,23474,5000000,Free,0.0,Everyone,2018-07-26,8.8,Casual
PixBox Coloring - Color by number Sandbox,FAMILY,4.5,12293,1000000,Free,0.0,Everyone,2018-05-06,4.0,Entertainment
"3D Color by Number: Voxel, Unicorn, Pixel Art 3D",FAMILY,4.3,2017,100000,Free,0.0,Everyone,2018-02-16,,Entertainment
Pixelmania - Color by number & create pixel art,FAMILY,4.4,3588,500000,Free,0.0,Everyone,2018-02-25,18.0,Entertainment
Valentines love color by number-Pixel art coloring,FAMILY,4.4,767,100000,Free,0.0,Everyone,2018-02-23,18.0,Entertainment
Rized ‼️ Color By Number & Pixel Coloring Book,FAMILY,3.0,1279,100000,Free,0.0,Everyone,2018-06-13,13.0,Casual
Pixyfy: coloring by number coloring book,FAMILY,4.8,22290,500000,Free,0.0,Everyone,2018-08-05,13.0,Puzzle
Draw Color by Number - Sandbox Pixel Art,FAMILY,4.7,34279,1000000,Free,0.0,Everyone,2018-08-02,24.0,Casual
Project Fi by Google,TOOLS,4.6,7342,1000000,Free,0.0,Everyone,2018-07-30,,Tools
Tattoo Color By Number Draw Book Page Pixel Art,FAMILY,4.0,309,100000,Free,0.0,Everyone,2018-05-02,25.0,Entertainment
SegPlay Mobile Paint by Number,FAMILY,3.7,1478,100000,Free,0.0,Everyone,2017-04-22,43.0,Casual
Paint By Number,FAMILY,3.5,807,500000,Free,0.0,Everyone,2018-05-01,4.6,Casual
Color by Disney,FAMILY,2.7,5706,500000,Free,0.0,Everyone,2017-07-13,47.0,Entertainment
Bingo by IGG: Top Bingo+Slots!,GAME,4.7,183343,5000000,Free,0.0,Teen,2018-05-28,20.0,Casino
Painting By Numbers,FAMILY,4.1,213,50000,Free,0.0,Everyone,2018-06-08,26.0,Puzzle
3D Color by Number with Voxels,FAMILY,4.5,5481,500000,Free,0.0,Everyone,2018-07-07,69.0,Entertainment
Butterfly Pixel Art - coloring by number,FAMILY,4.6,769,100000,Free,0.0,Everyone,2018-04-04,13.0,Entertainment
Best Hairstyles step by step,BEAUTY,4.5,45452,5000000,Free,0.0,Everyone,2018-07-19,9.2,Beauty
Halloween Sandbox Number Coloring- Color By Number,FAMILY,4.4,289,100000,Free,0.0,Everyone,2018-02-17,19.0,Entertainment
"Fiesta by Tango - Find, Meet and Make New Friends",SOCIAL,4.3,112223,1000000,Free,0.0,Mature 17+,2018-07-05,34.0,Social
"Poly Art: Paint by Sticker, Color by Number Puzzle",FAMILY,4.4,2100,100000,Free,0.0,Everyone,2018-07-28,,Entertainment
"Pixel art pro-Sand box,paint by number,number draw",FAMILY,4.5,2442,100000,Free,0.0,Everyone,2018-07-06,13.0,Casual
Color by Number: Pixel Art,FAMILY,4.6,12034,1000000,Free,0.0,Everyone,2018-05-26,34.0,Entertainment
UNICORN - Color By Number & Pixel Art Coloring,FAMILY,4.7,8264,500000,Free,0.0,Everyone,2018-08-02,24.0,Art & Design
FunnyPixels - Color by number Sandbox,FAMILY,4.6,1977,100000,Free,0.0,Everyone,2018-02-21,3.8,Entertainment
Color By Numbers - Art Game for Kids and Adults,FAMILY,3.1,305,100000,Free,0.0,Everyone,2016-07-07,8.3,Educational
Elmo Calls by Sesame Street,FAMILY,3.9,6903,1000000,Free,0.0,Everyone,2018-01-31,25.0,Educational
Voxel - 3D Color by Number & Pixel Coloring Book,GAME,4.7,62561,1000000,Free,0.0,Everyone,2018-07-31,53.0,Board
No.Diamond – Colors by Number,FAMILY,4.6,9016,1000000,Free,0.0,Everyone,2018-08-06,24.0,Entertainment
BZ Reminder,BUSINESS,4.7,41625,1000000,Free,0.0,Everyone,2017-12-21,5.4,Business
420 BZ Budeze Delivery,MEDICAL,5.0,2,100,Free,0.0,Mature 17+,2018-06-06,11.0,Medical
Weather BZ,WEATHER,4.4,8433,100000,Free,0.0,Everyone,2018-06-06,5.6,Weather
BZ Reminder PRO,BUSINESS,4.8,726,1000,Paid,3.99,Everyone,2017-12-20,5.4,Business
Evasion.bz,SOCIAL,4.1,8,100,Free,0.0,Teen,2017-07-14,4.4,Social
BZ-Smart,NEWS_AND_MAGAZINES,4.3,828,10000,Free,0.0,Everyone,2017-10-10,8.2,News & Magazines
BZ Zombie VR,GAME,4.4,12,1000,Free,0.0,Mature 17+,2018-02-07,98.0,Action
BZ Conferencing,TOOLS,4.7,7,1000,Free,0.0,Everyone,2018-06-27,29.0,Tools
GITZ.bz,SHOPPING,4.0,4,10,Free,0.0,Everyone,2017-08-04,2.4,Shopping
Berner Zeitung,NEWS_AND_MAGAZINES,3.4,736,50000,Free,0.0,Teen,2018-08-03,8.5,News & Magazines
BZ Fingers,GAME,4.6,15,50,Free,0.0,Everyone,2017-07-05,3.2,Arcade
bz Basellandschaftliche News,NEWS_AND_MAGAZINES,2.8,33,1000,Free,0.0,Everyone,2018-06-06,33.0,News & Magazines
24/7 BZ Reis,TRAVEL_AND_LOCAL,3.1,421,100000,Free,0.0,Everyone,2018-03-09,53.0,Travel & Local
Badische Zeitung,NEWS_AND_MAGAZINES,3.9,262,10000,Free,0.0,Everyone,2018-06-26,22.0,News & Magazines
bz Baselland E-Paper,NEWS_AND_MAGAZINES,4.2,69,5000,Free,0.0,Everyone,2017-08-24,25.0,News & Magazines
BZWBK24 mobile,FINANCE,4.5,64983,1000000,Free,0.0,Everyone,2018-06-18,39.0,Finance
BZ Vesper-App,TRAVEL_AND_LOCAL,4.1,60,1000,Free,0.0,Everyone,2015-08-06,13.0,Travel & Local
Dragon BZ Super Wallpapers,FAMILY,4.2,12,1000,Free,0.0,Everyone,2018-01-16,13.0,Entertainment
Südtirol2Go,MAPS_AND_NAVIGATION,3.3,555,50000,Free,0.0,Everyone,2017-12-20,31.0,Maps & Navigation
TFO BZ Lessons,FAMILY,4.4,75,500,Free,0.0,Everyone,2017-04-28,3.7,Education
City Driving Jeep Mania: Parking Passion 2018,FAMILY,4.4,36,10000,Free,0.0,Everyone,2018-06-14,24.0,Simulation
Sniper Gun Shot 3D: Impossible Missions,GAME,4.6,20,100,Free,0.0,Mature 17+,2018-05-04,34.0,Action
ePN Cashback AliExpress,SHOPPING,4.4,19212,500000,Free,0.0,Everyone,2018-08-03,6.9,Shopping
Elite Commando Shooting War,GAME,4.5,14,100,Free,0.0,Teen,2018-06-29,45.0,Action
Restaurantführer Südbaden,TRAVEL_AND_LOCAL,4.1,46,1000,Free,0.0,Everyone,2017-01-11,12.0,Travel & Local
bz Basel News,NEWS_AND_MAGAZINES,2.2,23,1000,Free,0.0,Everyone,2018-06-06,33.0,News & Magazines
Contractor City Construction - Heavy Logistics,FAMILY,4.2,31,5000,Free,0.0,Everyone,2018-06-12,35.0,Simulation
Park Limousine: Realistic Limo Parking Simulator,FAMILY,4.8,4,1000,Free,0.0,Everyone,2018-07-20,25.0,Simulation
Inwestor mobile,FINANCE,3.2,124,10000,Free,0.0,Everyone,2018-01-03,7.2,Finance
BZ Straußenführer,TRAVEL_AND_LOCAL,4.3,291,10000,Free,0.0,Everyone,2016-03-17,14.0,Travel & Local
Zoosk Dating App: Meet Singles,DATING,4.0,516917,10000000,Free,0.0,Mature 17+,2018-08-02,,Dating
Putzmeister Experts,TOOLS,4.6,21,1000,Free,0.0,Everyone,2018-05-08,8.9,Tools
Filmi Gaane,FAMILY,4.4,572,100000,Free,0.0,Everyone,2017-08-17,,Entertainment
Bubble,TOOLS,4.5,31621,5000000,Free,0.0,Everyone,2011-07-10,0.203125,Tools
CA Service Management,BUSINESS,3.4,91,10000,Free,0.0,Everyone,2018-03-20,8.3,Business
CA Mobile OTP,TOOLS,3.3,688,100000,Free,0.0,Everyone,2017-09-05,5.5,Tools
CA Lottery Official App,FAMILY,4.2,7000,1000000,Free,0.0,Teen,2018-08-02,26.0,Entertainment
CA Case Management,BUSINESS,2.4,16,500,Free,0.0,Everyone,2016-05-04,5.2,Business
CA UIM Mobile,BUSINESS,3.2,54,1000,Free,0.0,Everyone,2016-02-29,7.7,Business
CA Clarity Mobile Time Manager,BUSINESS,3.1,104,10000,Free,0.0,Everyone,2015-05-14,5.3,Business
CA Auth ID,TOOLS,3.8,39,10000,Free,0.0,Teen,2014-10-17,0.3662109375,Tools
CA Speakers Free,LIFESTYLE,4.8,74,5000,Free,0.0,Teen,2015-09-30,2.9,Lifestyle
CA World '17,PRODUCTIVITY,3.7,7,1000,Free,0.0,Teen,2018-06-10,18.0,Productivity
CA DMV,TOOLS,4.2,5463,1000000,Free,0.0,Everyone,2017-08-25,6.0,Tools
Save.ca,SHOPPING,3.7,2094,100000,Free,0.0,Everyone,2018-07-02,34.0,Shopping
California Cop Assist CA Cop,PRODUCTIVITY,3.0,5,100,Paid,4.99,Everyone,2014-02-11,7.0,Productivity
CA Laws 2018 (California Laws and Codes),BOOKS_AND_REFERENCE,3.9,56,5000,Free,0.0,Everyone,2018-03-24,38.0,Books & Reference
California Cameras - Traffic,TRAVEL_AND_LOCAL,4.0,305,10000,Free,0.0,Everyone,2018-06-20,5.4,Travel & Local
CA Speakers,LIFESTYLE,5.0,12,100,Paid,0.99,Teen,2014-03-25,1.2,Lifestyle
CB Radio Chat - for friends!,COMMUNICATION,4.0,17998,1000000,Free,0.0,Teen,2018-03-27,7.9,Communication
Truck Chat & CB for Truckers,MAPS_AND_NAVIGATION,2.7,89,10000,Free,0.0,Mature 17+,2018-07-31,2.3,Maps & Navigation
CB Frequencies FREE!,TOOLS,3.1,364,100000,Free,0.0,Everyone,2018-03-02,2.3,Tools
CB On Mobile,COMMUNICATION,4.1,901,100000,Free,0.0,Teen,2017-04-26,0.3154296875,Communication
Cricbuzz - Live Cricket Scores & News,SPORTS,4.5,838738,50000000,Free,0.0,Everyone,2018-05-18,,Sports
CB Frequencies,TOOLS,4.0,5,100,Paid,0.99,Everyone,2015-12-24,1.4,Tools
Virtual Walkie Talkie,COMMUNICATION,3.8,21785,1000000,Free,0.0,Everyone,2015-08-13,2.5,Communication
CB Outdoors,FAMILY,3.8,5,1000,Free,0.0,Everyone,2017-05-30,12.0,Education
Viking CB Radios,BUSINESS,4.3,6,1000,Free,0.0,Everyone,2017-05-24,15.0,Business
Frequencies Free,TOOLS,3.5,382,100000,Free,0.0,Everyone,2018-02-04,3.1,Tools
CB-Mobile Banking,FINANCE,4.5,96,10000,Free,0.0,Everyone,2018-06-22,12.0,Finance
CBRadioTab,TOOLS,3.9,127,50000,Free,0.0,Everyone,2017-04-01,1.5,Tools
CB Bank Mobile Banking,FINANCE,4.5,1308,100000,Free,0.0,Everyone,2015-06-08,3.7,Finance
CB Underground,LIFESTYLE,3.3,3,500,Free,0.0,Everyone,2015-09-15,7.4,Lifestyle
CB Background - Free HD Wallpaper Images,PERSONALIZATION,4.1,4538,1000000,Free,0.0,Everyone,2018-03-24,3.3,Personalization
CB Fit,HEALTH_AND_FITNESS,5.0,1,10,Free,0.0,Everyone,2018-07-09,7.8,Health & Fitness
Channel 19,COMMUNICATION,3.7,916,100000,Free,0.0,Mature 17+,2018-07-13,12.0,Communication
Citizens Bank - CB Mobile,FINANCE,4.8,6,1000,Free,0.0,Everyone,2018-08-02,11.0,Finance
CB Mobile Access,FINANCE,1.5,57,1000,Free,0.0,Everyone,2018-02-26,25.0,Finance
CB VIDEO VISION,PHOTOGRAPHY,5.0,13,100,Free,0.0,Everyone,2017-09-12,2.6,Photography
CB Hair Png - New Hair Png For CB Editing,PHOTOGRAPHY,4.6,26,500,Free,0.0,Everyone,2018-07-29,7.2,Photography
C B Patel Health Club,HEALTH_AND_FITNESS,5.0,5,100,Free,0.0,Everyone,2018-07-02,14.0,Health & Fitness
CB Trader,FINANCE,4.7,11,1000,Free,0.0,Everyone,2018-04-11,2.2,Finance
Football-CB GO Clock Theme,PERSONALIZATION,4.7,26,1000,Free,0.0,Everyone,2017-03-03,5.6,Personalization
CB News,FAMILY,5.0,7,50,Free,0.0,Everyone,2016-09-10,20.0,Education
CB Pay,FINANCE,4.5,198,10000,Free,0.0,Everyone,2018-07-09,11.0,Finance
CB Register,FAMILY,5.0,1,10,Free,0.0,Everyone,2018-06-27,5.6,Entertainment
Cb browser,COMMUNICATION,5.0,5,50,Free,0.0,Everyone,2018-04-02,3.7,Communication
CB Edits PNG & CB Backgrounds,PHOTOGRAPHY,4.2,17,5000,Free,0.0,Everyone,2018-07-20,3.4,Photography
CB Mobile Biz,FINANCE,1.0,3,500,Free,0.0,Everyone,2016-02-22,8.4,Finance
Antenna Tool Premium,TOOLS,4.5,14,500,Paid,0.99,Everyone,2017-10-26,2.9,Tools
Antenna Tool,TOOLS,4.2,522,50000,Free,0.0,Everyone,2017-10-26,2.9,Tools
CB Heroes,SOCIAL,5.0,5,5,Free,0.0,Everyone,2018-08-04,1.8,Social
Frequencies,TOOLS,4.2,11,500,Paid,0.99,Everyone,2018-02-04,3.1,Tools
Creative Destruction,GAME,4.4,201426,5000000,Free,0.0,Teen,2018-08-02,80.0,Action
CD Library,PRODUCTIVITY,3.9,44,10000,Free,0.0,Everyone,2017-02-18,3.3,Productivity
Sonic CD Classic,GAME,4.6,26138,1000000,Free,0.0,Everyone,2018-02-14,15.0,Action
ARK: Survival Evolved,GAME,3.8,51523,500000,Free,0.0,Teen,2018-08-02,36.0,Adventure
DIY Crafts Cds,LIFESTYLE,4.0,209,50000,Free,0.0,Everyone,2017-01-24,3.1,Lifestyle
CD Ready,BUSINESS,4.6,52,1000,Free,0.0,Everyone,2017-02-02,,Business
Bootable Methods(USB-CD-DVD),BOOKS_AND_REFERENCE,3.4,37,10000,Free,0.0,Everyone,2018-05-31,3.4,Books & Reference
CD CHOICE TUBE,FAMILY,5.0,10,500,Free,0.0,Everyone,2017-07-23,5.8,Entertainment
My Movies Pro - Movie & TV Collection Library,LIFESTYLE,4.6,6477,10000,Paid,7.99,Everyone,2018-07-16,20.0,Lifestyle
Yazdani Cd Center EllahAbad Official App,FAMILY,5.0,8,500,Free,0.0,Everyone,2018-01-12,3.8,Entertainment
Disc Label Print,TOOLS,3.0,262,10000,Free,0.0,Everyone,2016-09-20,37.0,Tools
CD-Zing,BUSINESS,3.8,70,1000,Free,0.0,Everyone,2016-10-26,,Business
Nero AirBurn,VIDEO_PLAYERS,4.2,1008,100000,Free,0.0,Everyone,2015-06-26,1.7,Video Players & Editors
CD COMET,MAPS_AND_NAVIGATION,4.3,12,100,Free,0.0,Everyone,2018-08-04,2.6,Maps & Navigation
DIY CD Craft Ideas,LIFESTYLE,4.4,5,1000,Free,0.0,Everyone,2017-01-14,4.6,Lifestyle
РееI Smart Remote MP3 CD Player,TOOLS,3.2,27,5000,Free,0.0,Everyone,2018-01-22,2.7,Tools
Music Collector Inventory Organizer UPC Discogs,LIFESTYLE,3.5,155,10000,Free,0.0,Everyone,2017-10-13,12.0,Lifestyle
CE on the go,TOOLS,4.4,79,10000,Free,0.0,Everyone,2018-02-15,3.7,Tools
CE Map - Interactive Conan Exiles Map,MAPS_AND_NAVIGATION,4.5,62,1000,Paid,0.99,Everyone,2018-06-30,1.6,Maps & Navigation
CE Broker,FAMILY,3.7,190,10000,Free,0.0,Everyone,2017-03-22,12.0,Education
CE Smart,TOOLS,5.0,3,100,Free,0.0,Everyone,2018-05-28,29.0,Tools
PAC-MAN CE DX,GAME,4.5,1692,10000,Paid,4.99,Everyone,2018-04-23,36.0,Arcade
CEHQ - CE Credits for Nurses,FAMILY,4.5,12,1000,Free,0.0,Everyone,2018-05-25,4.0,Education
Theatre of the Absurd CE(Full),FAMILY,4.1,1143,10000,Paid,2.99,Everyone 10+,2013-05-21,15.0,Casual
OE TRACKER CE Attendance App,MEDICAL,3.4,16,5000,Free,0.0,Everyone,2018-03-20,7.8,Medical
Professor Online SEDUC-CE,FAMILY,4.1,188,10000,Free,0.0,Everyone,2018-07-06,4.6,Education
TI-84 CE Graphing Calculator Manual TI 84,FAMILY,5.0,1,100,Paid,4.99,Everyone,2018-03-28,27.0,Education
Ultra CE calculator,SPORTS,4.2,28,1000,Free,0.0,Everyone,2018-06-17,7.3,Sports
Shiver: Moonlit Grove CE,FAMILY,4.1,3433,50000,Free,0.0,Everyone 10+,2016-03-14,23.0,Casual
Beast of Lycan Isle CE,FAMILY,4.1,2683,50000,Free,0.0,Everyone 10+,2014-01-23,20.0,Casual
Volvo CE Insider,BUSINESS,4.2,45,1000,Free,0.0,Everyone,2018-03-16,24.0,Business
Grim Tales: The Wishes CE,GAME,4.3,4923,100000,Free,0.0,Everyone 10+,2015-08-26,20.0,Adventure
MCQ CE IT,FAMILY,5.0,22,1000,Free,0.0,Everyone,2017-11-07,3.6,Education
Placement Tips for BE (CE/IT),FAMILY,4.4,7,500,Free,0.0,Everyone,2016-06-24,6.3,Education
Depths of Betrayal CE (Full),FAMILY,4.3,363,1000,Paid,2.99,Everyone 10+,2013-08-19,14.0,Casual
Merck CE,BUSINESS,4.5,2,100,Free,0.0,Everyone,2017-02-13,25.0,Business
Magana Jari ce Littafi Na Uku : Part 3 of 3,FAMILY,4.8,65,5000,Free,0.0,Everyone,2017-11-19,55.0,Education
CCleaner,TOOLS,4.4,885187,50000000,Free,0.0,Everyone,2018-07-19,22.0,Tools
Terminal Emulator for Android,TOOLS,4.4,113951,10000000,Free,0.0,Everyone,2015-04-15,0.5380859375,Tools
Pregnancy Tracker & Countdown to Baby Due Date,PARENTING,4.7,658087,10000000,Free,0.0,Everyone,2018-05-24,62.0,Parenting
CrossFire: Legends,GAME,4.3,144040,5000000,Free,0.0,Teen,2018-07-25,29.0,Action
CF.lumen,TOOLS,4.4,4901,100000,Free,0.0,Everyone,2017-02-09,1.9,Tools
CF-Bench Pro,TOOLS,4.6,159,1000,Paid,1.49,Everyone,2011-06-23,0.0283203125,Tools
CF SHOP!,LIFESTYLE,2.8,88,10000,Free,0.0,Everyone,2018-06-30,43.0,Lifestyle
CF Life,FAMILY,5.0,4,100,Free,0.0,Everyone,2018-06-27,8.3,Education
Cheapflights – Flight Search,TRAVEL_AND_LOCAL,4.4,47777,5000000,Free,0.0,Everyone,2018-07-31,19.0,Travel & Local
CF-Bench,TOOLS,4.4,2132,100000,Free,0.0,Everyone,2013-07-03,0.1005859375,Tools
CF Appreciation,LIFESTYLE,2.0,11,1000,Free,0.0,Everyone,2018-06-12,6.2,Lifestyle
Unity CF,LIFESTYLE,5.0,5,100,Free,0.0,Everyone,2016-04-12,8.3,Lifestyle
Next Launcher 3D Bold-CF Theme,PERSONALIZATION,4.4,175,1000,Paid,0.99,Everyone,2014-01-11,5.5,Personalization
Overcomers CF - GA,LIFESTYLE,5.0,7,100,Free,0.0,Everyone,2017-03-20,11.0,Lifestyle
CF Chat: Connecting Friends,COMMUNICATION,3.4,5,100,Free,0.0,Teen,2016-04-27,2.4,Communication
CF Invest,FINANCE,4.4,11,500,Free,0.0,Everyone,2018-02-02,4.6,Finance
iOBD2-CF,TOOLS,3.4,5,500,Free,0.0,Everyone,2016-12-26,21.0,Tools
CF Calculator,LIFESTYLE,3.3,25,1000,Free,0.0,Everyone,2015-03-10,4.7,Lifestyle
CF Climb,LIFESTYLE,1.5,2,100,Free,0.0,Everyone,2018-06-07,3.0,Lifestyle
CF,FINANCE,5.0,2,100,Free,0.0,Everyone,2016-03-30,2.0,Finance
CF cal,TOOLS,4.3,123,10000,Free,0.0,Everyone,2016-02-09,2.9,Tools
CF GeneE,MEDICAL,4.3,16,1000,Free,0.0,Everyone,2018-05-31,40.0,Medical
Thrive CF,HEALTH_AND_FITNESS,2.2,6,100,Free,0.0,Everyone,2018-01-05,8.0,Health & Fitness
Special Forces Group 2,GAME,4.6,1432809,10000000,Free,0.0,Mature 17+,2018-07-29,29.0,Action
CF Townsville,HEALTH_AND_FITNESS,5.0,4,100,Free,0.0,Everyone,2018-07-09,14.0,Health & Fitness
"Cystic Fibrosis Symptoms, Doctors & Treatments",HEALTH_AND_FITNESS,4.7,6,100,Free,0.0,Teen,2018-04-24,9.7,Health & Fitness
Casa CF,HEALTH_AND_FITNESS,4.7,12,500,Free,0.0,Everyone,2018-07-12,6.3,Health & Fitness
CampGladiator,HEALTH_AND_FITNESS,3.5,293,50000,Free,0.0,Everyone,2018-07-20,19.0,Health & Fitness
CG Creative Sets: 2D/3D Artist,NEWS_AND_MAGAZINES,4.3,117,10000,Free,0.0,Everyone,2016-06-22,5.0,News & Magazines
Motocross Motorbike Simulator Offroad,GAME,3.6,51366,5000000,Free,0.0,Everyone,2017-06-14,16.0,Racing
CG Daily News,NEWS_AND_MAGAZINES,4.3,65,10000,Free,0.0,Everyone,2018-04-29,3.5,News & Magazines
CG - Calendars Add-On,PRODUCTIVITY,3.6,49,5000,Free,0.0,Everyone 10+,2015-07-29,2.3,Productivity
CG Fit Scale,HEALTH_AND_FITNESS,2.6,13,1000,Free,0.0,Everyone,2015-10-13,3.3,Health & Fitness
All Info about Cg,FAMILY,4.7,15,1000,Free,0.0,Teen,2017-11-10,4.1,Education
cg guruji,FAMILY,4.5,170,10000,Free,0.0,Everyone,2017-11-14,4.1,Education
CG Yojna & Jansampark,FAMILY,4.0,54,5000,Free,0.0,Teen,2017-09-12,4.1,Education
Offline Jízdní řády CG Transit,MAPS_AND_NAVIGATION,4.6,7314,100000,Free,0.0,Everyone,2017-09-07,7.0,Maps & Navigation
CG Prints,PHOTOGRAPHY,5.0,1,100,Free,0.0,Everyone,2017-01-24,2.3,Photography
CG Job Alerts,FAMILY,4.2,116,10000,Free,0.0,Everyone,2017-09-11,4.1,Education
CG Samanya Gyan,FAMILY,4.2,145,10000,Free,0.0,Teen,2017-09-12,4.1,Education
CG Freelancer,NEWS_AND_MAGAZINES,4.7,10,1000,Free,0.0,Everyone,2014-07-30,2.3,News & Magazines
CG Wallpapers,FAMILY,4.5,11,500,Free,0.0,Mature 17+,2018-06-19,3.5,Entertainment
Best CG Backgrounds,FAMILY,3.6,8,500,Free,0.0,Everyone,2018-05-20,3.7,Entertainment
CG Districts,SOCIAL,3.8,14,1000,Free,0.0,Everyone,2018-05-03,,Social
Amazing CG Backgrounds,FAMILY,4.2,34,1000,Free,0.0,Everyone,2018-05-17,4.0,Entertainment
CG BILASPUR CARNIVAL,EVENTS,3.8,59,5000,Free,0.0,Everyone,2018-04-11,1.8,Events
Chat Anónimo Gratis Español CG,DATING,3.5,69,5000,Free,0.0,Everyone,2017-07-10,4.0,Dating
CG Shikshak Mitan,TOOLS,4.1,295,50000,Free,0.0,Everyone,2018-03-05,3.8,Tools
CG FM,FAMILY,5.0,2,500,Free,0.0,Everyone,2018-01-31,6.6,Entertainment
Best CG views,FAMILY,4.2,4,100,Free,0.0,Teen,2015-06-24,2.5,Entertainment
Bhunaksha CG,TOOLS,4.1,67,10000,Free,0.0,Everyone,2018-05-07,4.1,Tools
BF CG View Wallpapers,FAMILY,3.6,13,1000,Free,0.0,Teen,2015-06-19,2.5,Entertainment
CG Sanyukt Bharti Pariksha 2018,FAMILY,4.3,14,1000,Free,0.0,Teen,2018-01-10,4.3,Education
Betting Tips / Sports Tips by CG Tipster,SPORTS,4.1,315,10000,Free,0.0,Everyone,2018-07-18,7.7,Sports
CG Shikshak,FAMILY,4.4,211,10000,Free,0.0,Everyone,2016-07-05,6.8,Education
CG Backgrounds,FAMILY,4.0,8,500,Free,0.0,Everyone,2018-06-19,3.6,Entertainment
CG - Chemistry free,FAMILY,5.0,7,1000,Free,0.0,Everyone,2018-05-25,2.3,Education
CG Jobs,FAMILY,5.0,8,10,Free,0.0,Everyone,2018-08-01,14.0,Education
CG Patwari Exam,FAMILY,3.8,28,1000,Free,0.0,Teen,2017-10-23,4.1,Education
Naidunia: MP News & CG News,NEWS_AND_MAGAZINES,4.3,2746,100000,Free,0.0,Everyone,2018-04-09,8.7,News & Magazines
BF CG Abstract Pictures,FAMILY,4.7,6,1000,Free,0.0,Teen,2015-06-19,2.5,Entertainment
Bhuiyan Land Records Chhattisgarh (CG),NEWS_AND_MAGAZINES,4.5,12,5000,Free,0.0,Everyone,2018-02-03,2.9,News & Magazines
CG JOKES - Copy & Share,FAMILY,4.4,31,1000,Free,0.0,Everyone,2018-06-03,4.3,Entertainment
"Ultimate Public Campgrounds (Over 37,100 in US&CA)",TRAVEL_AND_LOCAL,4.7,213,5000,Paid,3.99,Everyone,2018-08-05,6.1,Travel & Local
Chrome Beta,PRODUCTIVITY,4.4,228755,10000000,Free,0.0,Everyone,2018-07-19,,Productivity
20 minutes (CH),NEWS_AND_MAGAZINES,3.7,4379,1000000,Free,0.0,Teen,2018-08-03,,News & Magazines
"OurHome – chores, rewards, groceries and calendar",FAMILY,4.3,3146,100000,Free,0.0,Everyone,2018-01-31,,Lifestyle
Dots puzzle,FAMILY,4.0,179,50000,Paid,0.99,Everyone,2018-04-18,14.0,Puzzle
CH info,NEWS_AND_MAGAZINES,3.9,45,5000,Free,0.0,Everyone,2018-02-20,15.0,News & Magazines
FAV KWGT,PERSONALIZATION,4.9,88,1000,Paid,0.99,Everyone,2018-07-26,66.0,Personalization
Flo's CH Boss Timer,FAMILY,3.5,163,1000,Free,0.0,Everyone,2017-03-27,3.4,Role Playing
20 Minuten (CH),NEWS_AND_MAGAZINES,3.5,14153,1000000,Free,0.0,Everyone 10+,2018-08-03,,News & Magazines
Calvary.ch App,LIFESTYLE,4.4,10,500,Free,0.0,Teen,2018-06-25,7.7,Lifestyle
autolina.ch has over 120'000 cars on offer.,AUTO_AND_VEHICLES,4.2,25,10000,Free,0.0,Everyone,2017-08-02,6.5,Auto & Vehicles
Chrome Canary (Unstable),PRODUCTIVITY,4.3,21866,1000000,Free,0.0,Everyone,2018-08-04,,Productivity
boattheory.ch Full 2018,FAMILY,4.7,54,1000,Paid,19.4,Everyone,2017-11-18,50.0,Education
waut.ch!,FAMILY,4.5,10,100,Free,0.0,Everyone,2018-06-30,2.5,Educational
search.ch,TRAVEL_AND_LOCAL,4.4,11514,500000,Free,0.0,Everyone,2018-03-29,2.2,Travel & Local
homegate.ch,HOUSE_AND_HOME,4.2,2543,100000,Free,0.0,Everyone,2018-07-27,4.6,House & Home
tutti.ch - Free Classifieds,SHOPPING,4.4,9950,500000,Free,0.0,Everyone,2018-07-18,15.0,Shopping
autoricardo.ch – vehicles,LIFESTYLE,3.3,1045,100000,Free,0.0,Everyone,2018-03-13,13.0,Lifestyle
Chrome Dev,COMMUNICATION,4.4,63576,5000000,Free,0.0,Everyone,2018-08-02,,Communication
Legit Check App by Ch Daniel,LIFESTYLE,4.9,66,1000,Free,0.0,Everyone,2018-07-18,8.1,Lifestyle
Threema,COMMUNICATION,4.5,51110,1000000,Paid,2.99,Everyone,2018-08-03,,Communication
Battery HD Pro,TOOLS,4.7,17861,100000,Paid,3.99,Everyone,2018-05-06,,Tools
DRAGON QUEST IV,FAMILY,4.7,1647,10000,Paid,14.99,Everyone,2017-02-28,16.0,Role Playing
swissinfo.ch,NEWS_AND_MAGAZINES,3.9,271,50000,Free,0.0,Everyone 10+,2018-07-18,9.6,News & Magazines
Automagic * Automation,TOOLS,4.7,1947,10000,Paid,3.9,Everyone,2018-05-19,,Tools
FlashLight HD LED Pro,TOOLS,4.7,4928,50000,Paid,2.99,Everyone,2018-07-28,,Tools
CH Kadels,BUSINESS,4.4,36,1000,Free,0.0,Everyone,2018-03-26,10.0,Business
Sermon on Proverbs CH Spurgeon,GAME,4.8,35,10000,Free,0.0,Everyone,2016-07-29,3.1,Trivia
Pixxy KWGT,PERSONALIZATION,4.8,60,1000,Paid,0.99,Everyone,2018-07-29,78.0,Personalization
ricardo.ch,SHOPPING,4.0,13232,500000,Free,0.0,Everyone,2018-07-21,27.0,Shopping
usgang.ch,LIFESTYLE,3.7,492,100000,Free,0.0,Everyone 10+,2018-06-11,,Lifestyle
"Startupticker.ch News, Events",NEWS_AND_MAGAZINES,5.0,4,100,Free,0.0,Everyone,2018-07-23,10.0,News & Magazines
ci,FAMILY,3.0,1691,500000,Free,0.0,Everyone,2016-06-08,5.8,Strategy
Green Build - An unofficial Travis CI client,TOOLS,3.9,7,100,Free,0.0,Everyone,2018-06-06,3.2,Tools
CI Remote for Go,PRODUCTIVITY,4.6,20,100,Free,0.0,Everyone,2018-07-02,,Productivity
myNaida CI,MEDICAL,4.6,64,5000,Free,0.0,Everyone,2018-07-10,57.0,Medical
CI MOBI,FAMILY,4.3,108,5000,Free,0.0,Everyone,2017-10-07,42.0,Education
Paris ci la Sortie du Métro,MAPS_AND_NAVIGATION,4.2,453,10000,Paid,2.99,Everyone,2018-04-02,36.0,Maps & Navigation
CI 174 Gray Icon Pack,PERSONALIZATION,5.0,1,10,Paid,0.99,Everyone,2018-05-21,46.0,Personalization
Pharmacy CI - Pharmacies de garde Côte d'Ivoire,HEALTH_AND_FITNESS,4.5,5509,100000,Free,0.0,Everyone,2018-07-03,3.2,Health & Fitness
IQ Test,PRODUCTIVITY,4.2,1623,100000,Free,0.0,Everyone,2018-03-06,1.8,Productivity
Thistletown CI,PRODUCTIVITY,1.0,1,100,Free,0.0,Everyone,2018-03-15,6.6,Productivity
CI Dictionary,FAMILY,4.6,31,1000,Free,0.0,Everyone,2015-09-01,3.2,Education
C I Patel School,FAMILY,4.1,101,1000,Free,0.0,Everyone,2017-03-10,5.1,Education
CI Screwed - Icon Pack,PERSONALIZATION,4.7,19,1000,Free,0.0,Everyone,2016-06-30,6.4,Personalization
Pharmacie de Garde CI et Prix,HEALTH_AND_FITNESS,4.4,2599,100000,Free,0.0,Mature 17+,2018-01-09,6.9,Health & Fitness
CI Capital - Dynamic,FINANCE,4.8,4,50,Free,0.0,Everyone,2018-05-23,5.1,Finance
Chicken Invaders 3,GAME,4.2,52390,5000000,Free,0.0,Everyone,2018-05-04,20.0,Arcade
Trovami se ci riesci,GAME,5.0,11,10,Free,0.0,Everyone,2017-03-11,6.1,Arcade
CircleCI Viewer,PRODUCTIVITY,4.6,16,1000,Free,0.0,Everyone,2017-08-23,3.2,Productivity
SimCity BuildIt,FAMILY,4.5,4218587,50000000,Free,0.0,Everyone 10+,2018-06-19,100.0,Simulation
Nur təfsiri 1-ci cild,LIBRARIES_AND_DEMO,5.0,15,1000,Free,0.0,Everyone,2017-04-27,1.4,Libraries & Demo
Test de Inteligencia CI,FAMILY,2.9,21,5000,Free,0.0,Everyone,2015-05-11,2.1,Education
South Park: Phone Destroyer™,FAMILY,4.4,288835,5000000,Free,0.0,Mature 17+,2018-07-19,91.0,Strategy
CI On The Go,NEWS_AND_MAGAZINES,3.0,2,100,Free,0.0,Everyone,2018-07-18,14.0,News & Magazines
CJ SO COOL,FAMILY,4.5,145,10000,Free,0.0,Everyone,2018-07-11,14.0,Entertainment
CJ Fitness,HEALTH_AND_FITNESS,2.4,221,10000,Free,0.0,Everyone,2018-02-14,43.0,Health & Fitness
CJ: Strike Back,GAME,4.3,29330,1000000,Free,0.0,Everyone,2012-08-17,6.9,Action
The Grand Wars: San Andreas,GAME,3.9,29990,1000000,Free,0.0,Teen,2017-12-08,96.0,Action
CJ Fallon eBook Reader,FAMILY,1.9,76,5000,Free,0.0,Everyone,2014-02-13,14.0,Education
Grand Theft Auto: San Andreas,GAME,4.4,348962,1000000,Paid,6.99,Mature 17+,2015-03-21,26.0,Action
CJ Gospel Hour,SOCIAL,5.0,7,100,Free,0.0,Everyone,2018-07-25,18.0,Social
CJ's Tire & Automotive,AUTO_AND_VEHICLES,4.0,5,1000,Free,0.0,Everyone,2018-07-30,34.0,Auto & Vehicles
CJ Camcorder,VIDEO_PLAYERS,4.7,3,500,Free,0.0,Everyone,2017-11-26,2.8,Video Players & Editors
The Grand Way,GAME,3.9,1995,500000,Free,0.0,Teen,2018-07-03,92.0,Action
CJ'S TIRE AND AUTO INC.,PRODUCTIVITY,5.0,5,100,Free,0.0,Everyone,2018-05-30,11.0,Productivity
CJ Browser - Fast & Private,COMMUNICATION,4.2,5,100,Free,0.0,Everyone,2017-11-07,15.0,Communication
CJ WOW SHOP,SHOPPING,4.2,2099,100000,Free,0.0,Everyone,2017-12-23,4.0,Shopping
Gold Teeth Photo Editor,PHOTOGRAPHY,2.8,1022,100000,Free,0.0,Everyone,2016-08-24,3.8,Photography
CJ VLC HD Remote (+ Stream),VIDEO_PLAYERS,4.2,4074,500000,Free,0.0,Everyone,2013-11-13,1.3,Video Players & Editors
CJ DVD Rentals,COMMUNICATION,1.0,5,100,Free,0.0,Everyone,2017-10-06,13.0,Communication
San Andreas City : Auto Theft Car gangster,GAME,3.9,923,100000,Free,0.0,Teen,2018-07-17,67.0,Action
Miami Crime Vice Town,GAME,4.1,154519,10000000,Free,0.0,Mature 17+,2017-05-09,99.0,Action
CJ Poker Odds Calculator,GAME,4.1,207,50000,Free,0.0,Everyone,2011-01-30,0.11328125,Card
Commission Manager,PRODUCTIVITY,3.2,12,1000,Free,0.0,Everyone,2015-03-26,2.2,Productivity
The CJ Rubric,HEALTH_AND_FITNESS,5.0,5,100,Free,0.0,Everyone,2017-12-05,43.0,Health & Fitness
CJ's Coffee Cafe,TRAVEL_AND_LOCAL,5.0,6,500,Free,0.0,Everyone,2017-08-21,2.4,Travel & Local
Gangster City Auto Theft,GAME,4.3,350,50000,Free,0.0,Everyone,2018-07-27,67.0,Action
China Town Auto Theft 2,GAME,4.1,364,50000,Free,0.0,Everyone 10+,2018-05-23,67.0,Action
Codes for GTA San Andreas,FAMILY,3.8,12414,1000000,Free,0.0,Everyone,2017-08-04,13.0,Entertainment
CJ Wilson's ZoomZoomnation,PRODUCTIVITY,4.0,4,500,Free,0.0,Everyone,2018-07-11,8.2,Productivity
Grand Gangsters 3D,GAME,4.2,401643,10000000,Free,0.0,Teen,2018-07-18,,Action
Sir C J New Primary School,FAMILY,5.0,3,100,Free,0.0,Everyone,2018-07-25,9.2,Education
Gang Wars of San Andreas,GAME,4.1,9898,1000000,Free,0.0,Mature 17+,2018-02-15,63.0,Action
CJ the REALTOR,BUSINESS,5.0,1,10,Free,0.0,Everyone,2017-05-31,4.2,Business
CJmall,SHOPPING,3.7,18253,10000000,Free,0.0,Everyone,2018-08-06,10.0,Shopping
Sin City Hero : Crime Simulator of Vegas,GAME,4.1,3371,100000,Free,0.0,Teen,2017-09-08,78.0,Action
Courier Journal,NEWS_AND_MAGAZINES,3.5,254,10000,Free,0.0,Everyone 10+,2018-06-20,38.0,News & Magazines
FANDOM for: GTA,FAMILY,3.9,39038,5000000,Free,0.0,Mature 17+,2018-06-06,9.5,Entertainment
San Andreas Crime City Gangster 3D,FAMILY,4.2,9403,1000000,Free,0.0,Teen,2018-07-03,,Simulation
Zombie Death Shooter,GAME,3.8,17372,1000000,Free,0.0,Mature 17+,2015-08-08,45.0,Arcade
Project Grand Auto Town Sandbox Beta,GAME,3.7,7885,500000,Free,0.0,Mature 17+,2018-02-09,28.0,Racing
Credit Karma,FINANCE,4.7,706618,10000000,Free,0.0,Everyone,2018-07-31,,Finance
Company Kitchen,LIFESTYLE,2.8,81,10000,Free,0.0,Everyone,2018-03-06,7.7,Lifestyle
Calvin Klein – US Store,SHOPPING,4.7,221,50000,Free,0.0,Teen,2017-08-01,9.5,Shopping
CK FFXIV Companion,FAMILY,4.3,1364,100000,Free,0.0,Everyone,2018-07-12,5.2,Entertainment
Can Knockdown,FAMILY,4.1,155649,10000000,Free,0.0,Everyone,2018-07-11,38.0,Casual
Louis CK,FAMILY,4.7,244,10000,Free,0.0,Mature 17+,2017-10-11,25.0,Entertainment
CK-12: Practice Math & Science,FAMILY,4.2,562,50000,Free,0.0,Everyone,2017-12-21,20.0,Education
CK 初一 十五,LIFESTYLE,4.0,294,10000,Free,0.0,Everyone,2013-07-03,0.1494140625,Lifestyle
CK Eorzea Timepiece,PERSONALIZATION,3.2,8,100,Free,0.0,Everyone,2015-06-05,5.3,Personalization
F*ck This Game,GAME,4.6,8,100,Paid,0.99,Teen,2015-07-18,6.3,Action
211:CK,GAME,5.0,8,10,Paid,0.99,Teen,2018-04-11,38.0,Arcade
CONTRACT KILLER: ZOMBIES (NR),GAME,4.4,206602,5000000,Free,0.0,Mature 17+,2013-07-01,13.0,Action
ck-modelcars Shop,SHOPPING,4.5,118,5000,Free,0.0,Everyone,2018-06-15,6.4,Shopping
Brainf*ck Interpreter,FAMILY,4.0,24,1000,Free,0.0,Mature 17+,2016-09-03,1.9,Entertainment
ck-modelcars-UK Shop,SHOPPING,4.6,69,5000,Free,0.0,Everyone,2018-06-15,6.4,Shopping
CK Multimedia - Gaming Accessories,SHOPPING,4.7,10,500,Free,0.0,Everyone,2017-02-03,2.0,Shopping
CK-12 Physics Simulations,FAMILY,4.1,30,5000,Free,0.0,Everyone,2018-04-18,24.0,Education
CKZ ORIGINS,GAME,4.5,219821,1000000,Free,0.0,Mature 17+,2013-10-28,10.0,Action
211:CK Lite,GAME,4.3,3,10,Free,0.0,Mature 17+,2017-09-22,39.0,Action
USMLE Step 2 CK Flashcards,FAMILY,5.0,1,10,Paid,19.99,Everyone,2014-05-26,40.0,Education
CK Employee Portal,BUSINESS,5.0,7,1000,Free,0.0,Everyone,2017-01-05,15.0,Business
FML F*ck my life + widget,FAMILY,4.2,1415,100000,Free,0.0,Everyone,2010-05-21,0.2041015625,Entertainment
USMLE Step 2 CK Cards Lite,FAMILY,4.0,28,5000,Free,0.0,Everyone,2014-05-20,1.5,Education
Tic Tac CK,FAMILY,5.0,3,10,Free,0.0,Everyone,2018-07-03,13.0,Puzzle
CK Pharmacies,HEALTH_AND_FITNESS,2.7,3,100,Free,0.0,Everyone 10+,2018-06-28,9.4,Health & Fitness
INFAMY RO,FAMILY,4.1,2167,50000,Free,0.0,Everyone,2017-12-14,3.7,Role Playing
CONTRACT KILLER: ZOMBIES,GAME,4.4,144545,5000000,Free,0.0,Teen,2011-12-01,13.0,Action
FlexBook,FAMILY,4.3,104,10000,Free,0.0,Everyone,2018-05-21,12.0,Education
Can Knockdown 3,GAME,4.1,349503,10000000,Free,0.0,Everyone,2015-08-26,19.0,Arcade
Fu*** Weather (Funny Weather),WEATHER,4.7,20001,1000000,Free,0.0,Mature 17+,2018-07-26,,Weather
OB-GYN USMLE Stp2 CK 300 Q & A,MEDICAL,4.4,34,10000,Free,0.0,Everyone,2015-05-16,4.9,Medical
Night Camera Blur Effect,PHOTOGRAPHY,3.6,100,10000,Free,0.0,Everyone,2018-08-05,2.5,Photography
Camera V7 24 Megapixel,PHOTOGRAPHY,4.0,2480,100000,Free,0.0,Everyone,2018-08-01,2.5,Photography
CL Mobile Pro - Classifieds for Craigslist,SHOPPING,4.1,1288,100000,Free,0.0,Mature 17+,2018-07-09,18.0,Shopping
cloudLibrary,BOOKS_AND_REFERENCE,4.0,10774,100000,Free,0.0,Everyone,2018-06-28,35.0,Books & Reference
"CL Reader for Craigslist(For sale, jobs, rental..)",TOOLS,4.1,61,1000,Free,0.0,Everyone,2017-09-14,6.3,Tools
CL Pro App for Craigslist,SHOPPING,4.0,119,10000,Free,0.0,Everyone,2017-07-01,1.3,Shopping
Castle Clash: Heroes of the Empire US,FAMILY,4.6,4578890,50000000,Free,0.0,Everyone 10+,2018-07-17,24.0,Strategy
CL REPL,TOOLS,5.0,47,1000,Free,0.0,Everyone,2018-04-10,17.0,Tools
CL Pro Client for Craigslist,SHOPPING,3.6,48,5000,Free,0.0,Everyone,2016-09-10,2.2,Shopping
DAILY: Free Classifieds App for Android,LIFESTYLE,4.1,5025,500000,Free,0.0,Mature 17+,2018-08-02,,Lifestyle
App for Craigslist Pro - Buy & Sell Postings,LIFESTYLE,4.3,707,100000,Free,0.0,Everyone,2018-05-09,5.0,Lifestyle
Pro App for Craigslist,SHOPPING,4.1,5618,500000,Free,0.0,Teen,2018-05-09,4.6,Shopping
Car Search For Craigslist CL Free,AUTO_AND_VEHICLES,2.6,5,1000,Free,0.0,Everyone,2018-05-08,9.0,Auto & Vehicles
CL Clock,BUSINESS,2.7,7,1000,Free,0.0,Everyone,2016-07-22,1.3,Business
Old: CL-150,FAMILY,3.8,120,10000,Free,0.0,Everyone,2018-05-21,24.0,Education
CL Keyboard - Myanmar Keyboard (No Ads),TOOLS,5.0,24,5000,Free,0.0,Everyone,2018-06-13,3.2,Tools
Clash of Kings : The King Of Fighters version,FAMILY,4.2,2233681,50000000,Free,0.0,Teen,2018-08-01,97.0,Strategy
CL Notifier,TOOLS,5.0,36,100,Free,0.0,Teen,2017-08-02,3.2,Tools
Leica CL,PHOTOGRAPHY,2.6,8,1000,Free,0.0,Everyone,2017-11-21,2.4,Photography
cPro Marketplace: Buy. Sell. Rent. Date. Jobs.,SHOPPING,4.4,385764,10000000,Free,0.0,Mature 17+,2018-08-05,8.4,Shopping
Postings (Craigslist Search App),SHOPPING,4.3,151095,5000000,Free,0.0,Mature 17+,2018-07-01,12.0,Shopping
CL-Phlebotomist,MEDICAL,4.7,19,100,Free,0.0,Everyone,2018-06-16,7.3,Medical
New: CL-150,FAMILY,2.8,4,500,Free,0.0,Everyone,2018-07-25,4.2,Education
Battle of Zombies: Clans War,FAMILY,4.1,488039,10000000,Free,0.0,Teen,2017-11-15,58.0,Strategy
CL Pebble Apps,LIFESTYLE,3.6,67,5000,Free,0.0,Everyone,2015-12-23,0.4873046875,Lifestyle
CL e-bank,FINANCE,4.0,210,10000,Free,0.0,Everyone,2018-07-30,3.7,Finance
Color CL,LIFESTYLE,5.0,2,100,Free,0.0,Everyone,2017-02-02,1.3,Lifestyle
CL Strength,HEALTH_AND_FITNESS,5.0,3,50,Free,0.0,Everyone,2018-06-27,40.0,Health & Fitness
CL-App,MEDICAL,4.7,6,100,Free,0.0,Everyone,2017-02-17,5.2,Medical
"Security Master - Antivirus, VPN, AppLock, Booster",TOOLS,4.7,24900999,500000000,Free,0.0,Everyone,2018-08-04,,Tools
"CM Launcher 3D - Theme, Wallpapers, Efficient",PERSONALIZATION,4.6,6700847,100000000,Free,0.0,Teen,2018-08-03,17.0,Personalization
CM Launcher 3D Pro💎,PERSONALIZATION,4.7,23802,100000,Paid,4.99,Everyone,2016-11-17,0.1689453125,Personalization
CM Locker - Security Lockscreen,TOOLS,4.6,3090680,100000000,Free,0.0,Everyone,2018-07-31,,Tools
Clean Master Lite - For Low-End Phone,TOOLS,4.6,2246379,50000000,Free,0.0,Everyone,2018-06-28,5.1,Tools
"CM Security Open VPN - Free, fast unlimited proxy",TOOLS,4.6,85496,1000000,Free,0.0,Everyone,2018-02-14,5.8,Tools
CM Security Lite - Antivirus,TOOLS,4.6,262076,10000000,Free,0.0,Everyone,2018-01-04,1.2,Tools
CM Transfer - Share any files with friends nearby,COMMUNICATION,4.6,71740,5000000,Free,0.0,Everyone,2018-06-27,5.8,Communication
"CM Flashlight (Compass, SOS)",TOOLS,4.4,166363,5000000,Free,0.0,Everyone,2018-05-25,1.8,Tools
CM Apps,TOOLS,3.8,3341,100000,Free,0.0,Everyone,2016-04-17,1.9,Tools
CM AppLock,TOOLS,4.1,843,100000,Free,0.0,Everyone,2016-02-25,3.6,Tools
"Ruler(cm, inch)",TOOLS,3.4,2889,500000,Free,0.0,Everyone,2016-07-27,2.5,Tools
AppLock - Fingerprint Unlock,TOOLS,4.5,112482,5000000,Free,0.0,Everyone,2018-07-10,2.1,Tools
CM Launcher Default Theme,PERSONALIZATION,4.5,3989,100000,Free,0.0,Everyone,2015-09-11,1.1,Personalization
Battery Doctor-Battery Life Saver & Battery Cooler,TOOLS,4.5,8190074,100000000,Free,0.0,Everyone,2018-06-01,17.0,Tools
Inch/cm/Foot Conversion,PRODUCTIVITY,4.0,319,100000,Free,0.0,Everyone,2017-08-20,2.1,Productivity
"Speed Booster - Ram, Battery & Game Speed Booster",TOOLS,4.7,85079,1000000,Free,0.0,Everyone,2018-07-17,2.8,Tools
CM FILE MANAGER,TOOLS,4.4,953790,50000000,Free,0.0,Everyone,2018-08-05,,Tools
Technology CM Locker Theme,PERSONALIZATION,4.4,10093,1000000,Free,0.0,Everyone,2016-02-26,5.5,Personalization
Swift Dark CM / CM13 Theme,PERSONALIZATION,4.7,1500,10000,Paid,1.99,Everyone,2017-01-05,41.0,Personalization
Melior NUI - Material CM Theme,PERSONALIZATION,4.7,1873,100000,Free,0.0,Everyone,2016-11-07,14.0,Personalization
Height Converter feet-inch cm,TOOLS,4.2,498,100000,Free,0.0,Everyone,2013-10-22,0.5830078125,Tools
CM Secure Browser (Authorized),TOOLS,4.2,1147,100000,Free,0.0,Everyone,2017-10-02,2.7,Tools
📏 Smart Ruler ↔️ cm/inch measuring for homework!,TOOLS,4.0,19,10000,Free,0.0,Everyone,2017-10-21,3.2,Tools
Ruler cm,TOOLS,3.6,661,100000,Free,0.0,Everyone,2014-09-10,0.7900390625,Tools
"Length Converter: convert mm,cm,m, feet,yard,mile",TOOLS,4.7,76,50000,Free,0.0,Everyone,2018-04-05,2.2,Tools
CM AppLock Fingerprint 2018,TOOLS,4.4,1264,100000,Free,0.0,Everyone,2018-08-06,8.2,Tools
"m, cm, mm to yard, feet, inch converter tool",TOOLS,4.3,246,100000,Free,0.0,Everyone,2018-02-06,2.8,Tools
Speed Car CM Locker Theme,PERSONALIZATION,4.4,7519,500000,Free,0.0,Everyone,2016-01-26,4.0,Personalization
Calculator CM,TOOLS,4.4,8,500,Free,0.0,Everyone,2015-03-09,1.8,Tools
Inches to cm conversion,TOOLS,4.4,29,10000,Free,0.0,Everyone,2015-01-14,0.068359375,Tools
Vintage Flower CM Locker Theme,PERSONALIZATION,4.3,2910,500000,Free,0.0,Everyone,2016-01-24,2.3,Personalization
Centimeter Ruler,TOOLS,3.3,16,10000,Free,0.0,Everyone,2016-11-05,1.3,Tools
CM S Pen Add-on(ROOT),TOOLS,3.6,373,10000,Free,0.0,Everyone,2017-02-24,0.119140625,Tools
Ruler,TOOLS,4.5,27180,1000000,Free,0.0,Everyone,2018-07-06,4.1,Tools
My Style CM 13 Theme,PERSONALIZATION,4.5,314,10000,Free,0.0,Everyone,2016-09-08,11.0,Personalization
QuickPic - Photo Gallery with Google Drive Support,PHOTOGRAPHY,4.6,847144,10000000,Free,0.0,Everyone,2017-11-10,4.2,Photography
"Ruler & Area Measurement (cm, inch)",TOOLS,4.3,10,10000,Free,0.0,Everyone,2017-07-28,8.2,Tools
Inches to Centimeters,TOOLS,3.6,949,100000,Free,0.0,Everyone,2018-04-13,0.4013671875,Tools
"cm, mm to inch, feet converter tool",PRODUCTIVITY,4.3,176,100000,Free,0.0,Everyone,2016-09-27,2.3,Productivity
City light CM Locker Theme,PERSONALIZATION,4.4,6271,500000,Free,0.0,Everyone,2016-02-24,5.7,Personalization
Speed Test - WiFi / Cellular speed test,TOOLS,4.1,24226,1000000,Free,0.0,Everyone,2017-06-27,,Tools
CM FILE MANAGER Pro,BUSINESS,4.2,2359,10000,Paid,2.99,Everyone,2016-02-16,2.7,Business
cm to inches | centimeters to inches conversion,TOOLS,4.8,52,5000,Free,0.0,Everyone,2018-05-07,1.9,Tools
OMEGA Black UI Theme - CM 12+,PERSONALIZATION,4.2,12,100,Paid,0.99,Everyone,2015-08-20,19.0,Personalization
Cartoon Network App,FAMILY,4.0,119173,10000000,Free,0.0,Everyone 10+,2018-06-21,,Video Players & Editors
CN Summer Challenge,FAMILY,3.7,985,100000,Free,0.0,Everyone,2018-05-24,49.0,Entertainment
Teen Titans GO Figure!,FAMILY,4.5,1985,10000,Paid,3.99,Everyone 10+,2018-07-18,28.0,Action
CN Superstar Soccer: Goal!!!,FAMILY,4.1,3863,100000,Paid,2.99,Everyone,2018-05-24,41.0,Sports
Teeny Titans - Teen Titans Go!,FAMILY,4.6,20463,100000,Paid,3.99,Everyone 10+,2018-07-18,25.0,Strategy
CN Sayin' - Cartoon Network,FAMILY,4.5,85,10000,Free,0.0,Everyone,2018-03-27,25.0,Entertainment
Cartoon Network Match Land,FAMILY,4.7,21979,1000000,Free,0.0,Everyone,2018-07-09,38.0,Puzzle
Card Wars Kingdom,FAMILY,4.3,920571,10000000,Free,0.0,Everyone 10+,2017-01-17,28.0,Card
Wrecker's Revenge - Gumball,FAMILY,4.3,2263,100000,Free,0.0,Everyone,2017-09-21,55.0,Puzzle
Super Slime Blitz - Gumball,FAMILY,4.6,5395,500000,Free,0.0,Everyone,2018-05-24,58.0,Arcade
Blamburger - Clarence,FAMILY,4.1,30444,1000000,Free,0.0,Everyone 10+,2015-10-26,27.0,Arcade
Free Fur All – We Bare Bears,FAMILY,4.2,256916,10000000,Free,0.0,Everyone,2015-10-08,25.0,Arcade
Sky Streaker - Gumball,GAME,4.3,37513,5000000,Free,0.0,Everyone,2015-12-07,31.0,Arcade
Just A Regular Arcade,GAME,4.2,40847,1000000,Free,0.0,Everyone,2016-01-08,94.0,Action
Soundtrack Attack,FAMILY,4.3,96045,5000000,Free,0.0,Everyone,2016-07-26,25.0,Action
[adult swim],FAMILY,3.6,21433,1000000,Free,0.0,Mature 17+,2018-05-29,21.0,Entertainment
Ben 10: Alien Experience,FAMILY,4.2,82005,10000000,Free,0.0,Everyone 10+,2017-10-24,45.0,Action
MagiMobile – Mighty Magiswords,FAMILY,4.2,120035,5000000,Free,0.0,Everyone,2018-01-04,45.0,Entertainment
Dreamland Arcade - Steven Universe,GAME,4.0,6386,500000,Free,0.0,Everyone,2017-11-19,24.0,Arcade
Surely You Quest - Magiswords,FAMILY,4.6,43314,1000000,Free,0.0,Everyone 10+,2017-06-20,83.0,Role Playing
Adventure Time Run,GAME,4.3,24628,1000000,Free,0.0,Everyone,2018-07-26,88.0,Action
Glitch Fixers: Powerpuff Girls,GAME,4.4,39698,5000000,Free,0.0,Everyone,2016-12-01,51.0,Arcade
StirFry Stunts - We Bare Bears,GAME,4.5,121533,10000000,Free,0.0,Everyone,2016-03-24,63.0,Arcade
Burrito Bash – We Bare Bears,FAMILY,4.3,10776,1000000,Free,0.0,Everyone,2017-10-26,21.0,Arcade
LEGO® TV,FAMILY,3.7,17250,1000000,Free,0.0,Everyone 10+,2018-08-04,7.2,Entertainment
Boomerang,FAMILY,4.2,13519,1000000,Free,0.0,Everyone,2018-07-27,51.0,Entertainment
We Bare Bears Match3 Repairs,FAMILY,4.7,39153,1000000,Free,0.0,Everyone,2018-07-25,98.0,Puzzle
Champions and Challengers - Adventure Time,FAMILY,4.6,51973,1000000,Free,0.0,Everyone,2018-08-02,27.0,Role Playing
Ski Safari: Adventure Time,FAMILY,4.5,48754,100000,Paid,0.99,Everyone,2014-10-07,9.3,Arcade
Block Survival Craft:The Story,FAMILY,4.1,7046,500000,Free,0.0,Everyone 10+,2017-10-12,87.0,Puzzle
"What's Up, Snoopy? - Peanuts",FAMILY,4.5,773,100000,Free,0.0,Everyone,2017-08-22,55.0,Arcade
DisneyNOW – TV Shows & Games,FAMILY,4.3,82499,5000000,Free,0.0,Everyone,2018-07-05,,Entertainment
Rockstars of Ooo,FAMILY,3.4,642,10000,Paid,1.99,Everyone 10+,2015-08-11,26.0,Arcade
Pokémon TV,FAMILY,4.2,117461,5000000,Free,0.0,Everyone,2018-06-29,,Entertainment
Angelo Rules - Crazy day,GAME,3.9,108336,1000000,Free,0.0,Everyone,2016-06-27,62.0,Adventure
Flipped Out! - Powerpuff Girls,FAMILY,4.4,412,10000,Paid,2.99,Everyone 10+,2016-06-30,22.0,Action
Adventure Time Game Wizard,GAME,4.1,4107,50000,Paid,4.99,Everyone,2015-07-16,40.0,Adventure
Best Park in the Universe,GAME,4.3,3904,10000,Paid,2.99,Everyone 10+,2014-09-10,5.5,Action
Formula Cartoon All Stars,FAMILY,3.9,1213,10000,Paid,2.99,Everyone,2015-06-25,18.0,Racing
Multicraft Miner Exploration,GAME,4.0,14563,1000000,Free,0.0,Everyone 10+,2017-12-22,74.0,Adventure
CN Resident,FAMILY,5.0,1,100,Free,0.0,Everyone,2017-05-22,64.0,Entertainment
Little Lovely Dentist,FAMILY,4.2,17786,1000000,Free,0.0,Everyone,2018-05-14,16.0,Casual
Foods Co,SHOPPING,4.3,199,10000,Free,0.0,Everyone,2018-08-02,25.0,Shopping
AND CO,FINANCE,4.5,175,10000,Free,0.0,Everyone,2018-08-03,12.0,Finance
Tetrobot and Co.,FAMILY,4.5,709,5000,Paid,2.99,Everyone,2015-04-20,18.0,Puzzle
Brit + Co,LIFESTYLE,3.9,987,10000,Free,0.0,Everyone,2017-08-29,4.5,Lifestyle
Dots & Co: A Puzzle Adventure,FAMILY,4.5,81001,1000000,Free,0.0,Everyone,2018-04-27,85.0,Puzzle
AppClose - The #1 FREE Co-Parenting App,PARENTING,3.5,159,10000,Free,0.0,Everyone,2018-07-31,85.0,Parenting
Co-op CRS,LIFESTYLE,3.6,581,100000,Free,0.0,Everyone,2018-03-04,26.0,Lifestyle
Co Checker,TOOLS,1.9,12,1000,Free,0.0,Everyone,2017-10-20,2.0,Tools
VCalendar - VenkatRama and Co,LIFESTYLE,4.3,87,10000,Free,0.0,Everyone,2018-03-16,3.9,Lifestyle
Feeder.co,NEWS_AND_MAGAZINES,3.2,77,5000,Free,0.0,Everyone,2018-03-12,11.0,News & Magazines
Co-op Connections,SHOPPING,1.6,8,1000,Free,0.0,Everyone,2018-05-03,18.0,Shopping
mail.co.uk Mail,COMMUNICATION,4.2,21,5000,Free,0.0,Everyone,2018-07-24,8.7,Communication
Aquarium Co-Op Podcast,LIFESTYLE,4.9,206,1000,Free,0.0,Everyone,2017-06-20,3.9,Lifestyle
MobileBiz Co - Cloud Invoice,BUSINESS,4.4,373,10000,Free,0.0,Everyone,2018-02-16,4.0,Business
Supermarket Cashier Kids Games,FAMILY,3.6,32416,1000000,Free,0.0,Everyone,2017-07-10,,Educational
Co-op Taxi,MAPS_AND_NAVIGATION,3.4,168,10000,Free,0.0,Everyone,2018-05-01,53.0,Maps & Navigation
Them Bombs: co-op board game play with 2-4 friends,GAME,4.7,8038,100000,Free,0.0,Teen,2018-07-12,52.0,Board
REI Co-op Mastercard,FINANCE,2.9,320,10000,Free,0.0,Everyone,2018-06-14,23.0,Finance
Websites.co.in Instant Website,BUSINESS,4.3,327,10000,Free,0.0,Everyone,2018-06-25,13.0,Business
Co-op Credit Union on the Go,FINANCE,4.4,5,1000,Free,0.0,Everyone,2018-04-25,30.0,Finance
Hashtags For Likes.co,SOCIAL,4.3,420,50000,Free,0.0,Everyone,2016-12-19,18.0,Social
Chinese Chess ( Xiangqi Free ),GAME,4.6,963,50000,Free,0.0,Everyone,2017-04-18,4.1,Board
Krypton by krypt.co,PRODUCTIVITY,4.6,38,1000,Free,0.0,Everyone,2018-07-17,13.0,Productivity
Chinese Chess / Co Tuong,GAME,4.2,6947,500000,Free,0.0,Everyone,2017-10-25,20.0,Board
Fayr - Co-Parenting Simplified,PRODUCTIVITY,3.5,16,1000,Free,0.0,Everyone,2018-07-20,21.0,Productivity
Sprig by CO-OP,FINANCE,2.9,252,10000,Free,0.0,Everyone,2017-10-11,18.0,Finance
Good&Co: Career match tests,BUSINESS,4.4,26572,1000000,Free,0.0,Everyone,2018-07-24,41.0,Business
Central Bank and Trust Co.,FINANCE,4.7,65,5000,Free,0.0,Everyone,2018-06-12,12.0,Finance
Soo Co-op Mobile Banking,FINANCE,4.5,159,1000,Free,0.0,Everyone,2017-09-12,14.0,Finance
Co-Optima Mobile,FINANCE,4.4,218,10000,Free,0.0,Everyone,2017-06-08,,Finance
SharedCare™ Co-parenting,PARENTING,2.0,23,100,Paid,4.59,Everyone,2016-06-19,,Parenting
Holl & Co Barbers,LIFESTYLE,4.7,12,500,Free,0.0,Everyone,2018-02-26,6.0,Lifestyle
Call of Mini™ Zombies 2,GAME,4.4,248417,5000000,Free,0.0,Teen,2015-02-10,17.0,Arcade
Grenada Co-operative Bank,FINANCE,4.4,137,10000,Free,0.0,Everyone,2013-06-26,0.390625,Finance
Dungeon Legends - PvP Action MMO RPG Co-op Games,FAMILY,4.4,102215,1000000,Free,0.0,Teen,2018-06-25,42.0,Role Playing
Permit Test CO Colorado DMV,FAMILY,4.5,41,1000,Free,0.0,Everyone,2017-06-15,11.0,Education
"Chinese Chess 3D Online (Xiangqi, 象棋, co tuong)",GAME,3.5,23,1000,Paid,0.99,Everyone,2017-12-27,37.0,Board
2-Player Co-op Zombie Shoot,GAME,4.2,33,1000,Free,0.0,Teen,2018-07-01,13.0,Action
Camping and Co - Camping in Europe,TRAVEL_AND_LOCAL,3.7,19,1000,Free,0.0,Everyone,2018-04-17,6.5,Travel & Local
Remote | Fire TV | Android TV | KODI | CetusPlay,TOOLS,4.4,15911,1000000,Free,0.0,Everyone,2018-06-30,16.0,Tools
Comboios de Portugal,MAPS_AND_NAVIGATION,3.4,1147,100000,Free,0.0,Everyone,2018-05-28,19.0,Maps & Navigation
CP Dialer,SOCIAL,4.3,64,50000,Free,0.0,Teen,2018-03-22,3.3,Social
CP Federal Mobile,FINANCE,3.6,180,10000,Free,0.0,Everyone,2017-10-06,35.0,Finance
Cestovné poriadky CP,MAPS_AND_NAVIGATION,4.6,2681,100000,Free,0.0,Everyone,2017-09-25,6.3,Maps & Navigation
CP Channel,FAMILY,4.6,7,500,Free,0.0,Everyone 10+,2018-03-21,12.0,Education
CP Clicker,LIFESTYLE,4.2,251,10000,Free,0.0,Everyone,2018-03-22,5.0,Lifestyle
Evolution CP & IV Calculator for pokemon,FAMILY,4.3,9465,500000,Free,0.0,Everyone,2018-07-08,43.0,Entertainment
CP Creepypasta,FAMILY,3.8,128,10000,Free,0.0,Teen,2016-07-11,2.9,Entertainment
Hercules CP Mobile,TOOLS,1.4,20,1000,Free,0.0,Everyone,2018-07-06,4.1,Tools
Cerebral Palsy,MEDICAL,4.4,38,1000,Free,0.0,Everyone,2014-07-30,8.5,Medical
CP RACING 2 FREE,FAMILY,4.0,4607,100000,Free,0.0,Everyone,2018-03-12,19.0,Simulation
CP ToolBox,BUSINESS,4.6,70,1000,Free,0.0,Everyone,2015-02-11,14.0,Business
"Talking Pictures: Autism, CP",MEDICAL,3.9,22,5000,Free,0.0,Everyone,2017-03-06,0.7822265625,Medical
CP HAPPS - Pittsburgh Events,LIFESTYLE,3.8,85,5000,Free,0.0,Teen,2015-03-06,5.6,Lifestyle
Poke Genie - Safe IV Calculator,TOOLS,4.7,92958,1000000,Free,0.0,Everyone,2018-07-27,36.0,Tools
IV Calc CP Calculator Toolkit,TOOLS,4.2,242,10000,Free,0.0,Everyone,2016-10-06,3.2,Tools
CP Plus Showcase,BUSINESS,4.3,236,50000,Free,0.0,Everyone,2018-03-09,7.0,Business
CP Calculator,FAMILY,4.1,187,10000,Free,0.0,Everyone,2016-09-13,2.9,Entertainment
iTooch Mathématiques CP,FAMILY,4.3,1018,100000,Free,0.0,Everyone,2017-06-28,35.0,Education
gCMOB,TOOLS,4.2,7935,1000000,Free,0.0,Everyone,2018-01-08,21.0,Tools
Evolution CP,FAMILY,3.6,13,500,Free,0.0,Everyone,2016-09-04,4.7,Entertainment
IV Go（get IV for Pokemon）,GAME,4.6,132282,1000000,Free,0.0,Everyone,2018-07-31,20.0,Adventure
Ditto CP Calculator GO,TOOLS,4.3,34,1000,Free,0.0,Everyone,2018-02-25,12.0,Tools
Foothills CP,FAMILY,5.0,4,100,Free,0.0,Teen,2018-06-25,7.8,Education
CP Installer App,BUSINESS,5.0,4,100,Free,0.0,Everyone,2018-07-24,24.0,Business
CP Trivia,GAME,5.0,5,100,Free,0.0,Everyone,2018-08-06,12.0,Trivia
CP Ready,BUSINESS,4.5,56,1000,Free,0.0,Everyone,2018-03-05,,Business
CP Surprise,LIFESTYLE,3.8,2548,100000,Free,0.0,Everyone,2018-01-30,4.9,Lifestyle
Evolve CP Calc. for PokemonGo,TOOLS,3.9,116,10000,Free,0.0,Everyone,2016-12-18,3.3,Tools
ClanPlay: Community and Tools for Gamers,COMMUNICATION,4.8,34443,1000000,Free,0.0,Teen,2018-06-28,27.0,Communication
CP Calculator - Poke Go Calc,FAMILY,4.1,7,500,Free,0.0,Everyone,2016-09-17,22.0,Entertainment
Contents Provider(C.P.)Explorer,TOOLS,4.0,1,100,Free,0.0,Everyone,2018-06-20,1.2,Tools
Cp Calculator for Evolution:GO,FAMILY,4.8,124,500,Free,0.0,Everyone,2016-08-23,2.5,Entertainment
Calcy IV,TOOLS,4.8,36557,1000000,Free,0.0,Everyone,2018-08-03,14.0,Tools
CP Brown English-Telugu Dictionary,FAMILY,4.4,8,500,Free,0.0,Everyone,2017-11-10,6.8,Education
CP evolution calculator Pokemo,FAMILY,4.1,78,10000,Free,0.0,Everyone,2017-02-26,0.7685546875,Educational
Crusaders Quest,FAMILY,4.4,475020,5000000,Free,0.0,Everyone 10+,2018-07-26,69.0,Role Playing
CQ Hotels,TRAVEL_AND_LOCAL,4.3,15,10000,Free,0.0,Everyone,2018-07-06,14.0,Travel & Local
CQ,NEWS_AND_MAGAZINES,3.7,7,1000,Free,0.0,Everyone 10+,2018-05-18,3.4,News & Magazines
Curio Quest,FAMILY,4.3,59152,1000000,Free,0.0,Everyone 10+,2018-03-29,50.0,Role Playing
Sabbath School 4,FAMILY,4.3,2871,100000,Free,0.0,Everyone,2015-05-08,18.0,Education
CQ Mobile,FINANCE,2.7,36,1000,Free,0.0,Everyone,2018-07-10,18.0,Finance
Cardinal Quest 2,FAMILY,4.4,19207,100000,Free,0.0,Everyone,2016-09-19,36.0,Role Playing
SDA Collegiate Quarterly,BOOKS_AND_REFERENCE,4.5,8,500,Free,0.0,Everyone,2018-07-13,5.1,Books & Reference
CQ: Lost In Transmission,GAME,4.2,4,10,Free,0.0,Everyone,2018-05-13,61.0,Action
Roll Call News,NEWS_AND_MAGAZINES,3.7,24,5000,Free,0.0,Everyone,2015-12-24,10.0,News & Magazines
CQ ESPM,BUSINESS,5.0,2,5,Free,0.0,Everyone,2017-06-03,3.4,Business
QRZ Assistant,COMMUNICATION,4.2,1044,100000,Free,0.0,Everyone,2018-05-30,3.5,Communication
Palavras la cq,GAME,3.9,783,100000,Free,0.0,Everyone,2014-10-18,3.4,Trivia
Pocket Prefix Plus,COMMUNICATION,4.5,192,10000,Free,0.0,Everyone,2018-02-12,15.0,Communication
10 WPM Amateur ham radio CW Morse code trainer,COMMUNICATION,3.5,10,100,Paid,1.49,Everyone,2018-05-12,3.8,Communication
Sabbath School,BOOKS_AND_REFERENCE,4.7,28237,100000,Free,0.0,Everyone,2018-04-22,10.0,Books & Reference
Gunship Modern Combat 3D,GAME,4.2,3247,500000,Free,0.0,Teen,2017-07-25,26.0,Action
Gun Simulator - Gun Games,FAMILY,4.4,134,10000,Free,0.0,Teen,2018-02-24,,Simulation
ClanManagerTT2,FAMILY,4.7,55,1000,Free,0.0,Everyone,2018-07-24,3.3,Casual
Christian Questions Podcast,FAMILY,4.6,222,10000,Free,0.0,Everyone,2018-03-28,15.0,Education
Sniper Killer Shooter,GAME,4.0,119368,10000000,Free,0.0,Teen,2017-02-21,19.0,Action
QST,FAMILY,2.5,706,10000,Free,0.0,Everyone,2018-03-14,,Education
Snowboard Racing Free Fun Game,GAME,3.8,4552,100000,Free,0.0,Everyone,2016-10-26,43.0,Racing
theCut,LIFESTYLE,4.7,499,50000,Free,0.0,Everyone,2018-05-10,6.9,Lifestyle
الفاتحون Conquerors,FAMILY,4.5,108130,5000000,Free,0.0,Teen,2018-08-03,40.0,Strategy
Toughest Game Ever 2,GAME,4.6,293086,5000000,Free,0.0,Everyone,2015-10-22,,Action
RIDE ZERO,GAME,4.6,8778,100000,Free,0.0,Teen,2018-01-02,36.0,Music
CricQuick,SPORTS,5.0,17,50,Free,0.0,Everyone,2017-12-08,1.5,Sports
Next Island: Dino Village,FAMILY,3.9,29,1000,Free,0.0,Everyone 10+,2018-05-04,37.0,Casual
iReadMe,PRODUCTIVITY,5.0,8,100,Free,0.0,Everyone,2018-03-06,22.0,Productivity
Webmail web mobile app,TOOLS,2.3,395,100000,Free,0.0,Everyone,2018-08-05,2.6,Tools
Traffic Info and Traffic Alert,MAPS_AND_NAVIGATION,3.6,695,100000,Free,0.0,Everyone,2018-01-28,2.9,Maps & Navigation
Color Quartets,FAMILY,4.0,42,1000,Free,0.0,Everyone,2016-11-15,12.0,Casual
Ham Radio Prefixes,COMMUNICATION,3.7,218,10000,Free,0.0,Everyone,2014-07-12,3.7,Communication
Battle Result Predictor for CR,TOOLS,4.2,7063,1000000,Free,0.0,Everyone,2017-02-04,17.0,Tools
Deck Advisor for CR,TOOLS,4.1,37975,5000000,Free,0.0,Everyone,2017-02-02,23.0,Tools
Card Creator for CR,TOOLS,4.4,117850,10000000,Free,0.0,Everyone,2018-05-19,17.0,Tools
CR & CoC Private Server - Clash Barbarians PRO,FAMILY,4.6,167974,500000,Free,0.0,Everyone,2018-07-27,5.0,Entertainment
Deck Analyzer for CR,TOOLS,4.2,2630,100000,Free,0.0,Everyone,2017-02-02,18.0,Tools
Chest Simulator for Clash Royale,FAMILY,4.4,4756,100000,Free,0.0,Everyone,2018-07-19,33.0,Simulation
Clash Soundboard For CR & COC,FAMILY,4.3,13,500,Free,0.0,Everyone,2018-01-03,26.0,Entertainment
Quiz for Clash Royale™,FAMILY,4.0,3788,100000,Free,0.0,Everyone,2018-07-18,32.0,Entertainment
CR Blue Icon Pack,PERSONALIZATION,4.5,323,10000,Free,0.0,Everyone,2014-12-04,38.0,Personalization
Chest Calculator for CR,FAMILY,3.9,14754,1000000,Free,0.0,Everyone 10+,2018-07-22,21.0,Entertainment
Ultimate Calculator for CR,PRODUCTIVITY,3.7,7389,500000,Free,0.0,Everyone,2017-03-15,41.0,Productivity
DCUO|CR Calculator Pro,TOOLS,4.6,82,500,Paid,0.99,Everyone,2017-08-14,1.7,Tools
Stats CR Clan for Clash Royale,FAMILY,3.8,16,100,Free,0.0,Everyone,2018-07-25,9.9,Entertainment
Ultimate Clash Royale Tracker,FAMILY,4.7,92010,1000000,Free,0.0,Everyone,2018-07-04,5.9,Strategy
Deck Simulator for CR,TOOLS,3.4,202,10000,Free,0.0,Everyone,2017-06-16,12.0,Tools
Stats Royale for Clash Royale,BOOKS_AND_REFERENCE,4.5,68226,1000000,Free,0.0,Everyone,2018-08-06,16.0,Books & Reference
Counter Deck Calculator for CR,TOOLS,4.1,3446,500000,Free,0.0,Everyone,2017-02-04,19.0,Tools
CR Calculator,TOOLS,4.3,297,50000,Free,0.0,Everyone,2018-01-27,2.8,Tools
Servidor Privado de CR y CoC - Light Royale,FAMILY,4.6,3106,10000,Free,0.0,Everyone,2018-05-17,3.6,Entertainment
Helper for Clash Royale (All-in-1),FAMILY,4.3,6078,500000,Free,0.0,Everyone,2017-11-10,37.0,Entertainment
"CR Fans: Mazos, Clanes y Grupos",FAMILY,4.3,219,5000,Free,0.0,Everyone,2017-12-21,4.3,Entertainment
DCUO|CR Calculator Lite,TOOLS,4.0,182,10000,Free,0.0,Everyone,2017-08-14,1.7,Tools
CR Best Decks,FAMILY,3.5,34,1000,Free,0.0,Everyone,2017-07-05,30.0,Strategy
CR Family,FAMILY,2.3,10,1000,Free,0.0,Everyone,2017-02-08,5.2,Education
JavaScript Editor CR,TOOLS,3.9,114,5000,Free,0.0,Everyone,2018-03-16,18.0,Tools
Jetting for Honda CR dirt bike,SPORTS,4.1,7,100,Paid,3.49,Everyone,2016-04-13,3.4,Sports
CR-Red,PERSONALIZATION,4.5,561,10000,Free,0.0,Everyone,2014-12-04,41.0,Personalization
Deck Shop for Clash Royale,FAMILY,4.6,2167,100000,Free,0.0,Everyone,2018-08-06,13.0,Entertainment
Royale Tournaments,FAMILY,4.4,2420,50000,Free,0.0,Teen,2018-07-28,6.7,Entertainment
Deck Builder & Analyzer for CR,FAMILY,3.1,52,5000,Free,0.0,Everyone,2017-05-04,9.8,Entertainment
Chest Tracker for Clash Royale,TOOLS,4.3,77717,5000000,Free,0.0,Everyone,2016-12-29,14.0,Tools
Jeppesen CR Flight Computer,MAPS_AND_NAVIGATION,3.3,3,100,Paid,9.99,Everyone,2016-10-05,26.0,Maps & Navigation
Cr Aviation Academy,FAMILY,5.0,7,100,Free,0.0,Everyone,2017-08-09,22.0,Education
CR-V Service Manual,AUTO_AND_VEHICLES,4.2,12,500,Free,0.0,Everyone,2018-02-19,88.0,Auto & Vehicles
Java Editor CR,TOOLS,3.8,434,50000,Free,0.0,Everyone,2018-03-16,18.0,Tools
XML Editor CR,TOOLS,3.3,47,5000,Free,0.0,Everyone,2018-03-16,18.0,Tools
CR Tracker for Chests,TOOLS,5.0,6,50,Free,0.0,Everyone,2018-06-05,4.5,Tools
CR Magazine,BUSINESS,1.0,1,100,Free,0.0,Everyone,2014-07-23,7.8,Business
Ultimate Chest Tracker,PRODUCTIVITY,4.5,40328,1000000,Free,0.0,Everyone,2016-10-17,23.0,Productivity
CamScanner - Phone PDF Creator,PRODUCTIVITY,4.6,1502622,100000000,Free,0.0,Everyone,2018-07-03,,Productivity
Critical Strike CS: Counter Terrorist Online FPS,GAME,4.3,22773,1000000,Free,0.0,Mature 17+,2018-08-03,,Action
CamScanner (License),PRODUCTIVITY,4.4,26358,500000,Paid,1.99,Everyone,2014-01-17,0.048828125,Productivity
Assault Line CS Online Fps Go,GAME,4.1,52163,1000000,Free,0.0,Mature 17+,2016-07-13,70.0,Action
Standoff 2,GAME,4.5,299046,10000000,Free,0.0,Mature 17+,2018-07-12,47.0,Action
Counter Online FPS Game,GAME,4.2,41089,5000000,Free,0.0,Teen,2018-07-25,42.0,Action
CS Customizer,COMMUNICATION,3.7,25,1000,Free,0.0,Everyone,2017-02-06,3.7,Communication
Combat Strike CS 🔫 Counter Terrorist Attack FPS💣,GAME,4.1,1019,100000,Free,0.0,Teen,2018-07-23,39.0,Action
CS-Touch,FAMILY,3.9,337,10000,Free,0.0,Everyone,2018-05-11,22.0,Education
Ultimate Quiz for CS:GO - Skins | Cases | Players,GAME,4.5,2526,100000,Free,0.0,Everyone,2018-02-14,22.0,Trivia
Аim Training for CS,GAME,3.6,2328,100000,Free,0.0,Everyone,2014-10-25,12.0,Action
Sniper Traning for CS GO,GAME,3.2,655,50000,Free,0.0,Teen,2016-05-18,14.0,Action
NetClient CS,BUSINESS,3.5,125,10000,Free,0.0,Everyone,2018-01-05,4.3,Business
CS Guns Shoot,FAMILY,3.7,433,50000,Free,0.0,Teen,2013-08-01,,Entertainment
Asiimov Skin - CS GO Icon Pack,PERSONALIZATION,4.6,26,100,Paid,2.49,Everyone,2017-12-03,8.5,Personalization
CS Interview Questions (TechQ),FAMILY,4.8,33,5000,Free,0.0,Everyone,2017-01-27,6.7,Education
Your rank CS:GO,GAME,4.1,4946,100000,Free,0.0,Teen,2017-07-16,7.5,Trivia
Guide for CS:GO,FAMILY,4.4,16459,500000,Free,0.0,Everyone,2017-07-15,88.0,Entertainment
CS Interview FAQs,FAMILY,4.3,99,10000,Free,0.0,Everyone,2013-02-11,1.1,Education
Mobile CS,BUSINESS,4.0,13,1000,Free,0.0,Everyone,2017-10-06,5.7,Business
Mobile CS:GO,GAME,3.1,1015,100000,Free,0.0,Everyone,2015-11-11,0.6279296875,Action
Counter Terrorist Gun Strike CS: Special Forces,GAME,4.2,211,10000,Free,0.0,Teen,2017-08-18,44.0,Action
C.S. Lewis Daily Quotes,LIFESTYLE,4.1,75,10000,Free,0.0,Everyone,2018-01-14,11.0,Lifestyle
Shooter Sniper CS - FPS Games,GAME,3.5,14823,1000000,Free,0.0,Teen,2017-02-15,40.0,Action
CS16Client,GAME,4.3,8668,500000,Free,0.0,Teen,2017-04-01,9.1,Action
CS Browser | #1 & BEST BROWSER,COMMUNICATION,3.8,52,1000,Free,0.0,Everyone,2015-08-28,2.1,Communication
Counter Attack - Multiplayer FPS,GAME,4.3,112565,1000000,Free,0.0,Teen,2018-07-21,32.0,Action
DU CS Lectures - Learn to Code for Free,FAMILY,4.8,16,100,Free,0.0,Everyone,2018-07-29,7.8,Education
What's Your CS:GO rank?,GAME,2.3,278,10000,Free,0.0,Teen,2017-02-11,2.4,Trivia
CS Browser Beta,COMMUNICATION,4.3,125,5000,Free,0.0,Everyone,2017-10-16,53.0,Communication
Helper for CS:GO,TOOLS,4.4,208,10000,Free,0.0,Everyone,2016-06-16,6.0,Tools
My Nexus for CS:S & CS:GO,FAMILY,3.6,783,50000,Free,0.0,Teen,2016-06-25,25.0,Entertainment
CS & IT Interview Questions,FAMILY,5.0,43,1000,Free,0.0,Everyone,2018-03-27,3.3,Education
Map Callouts for CS:GO,GAME,4.3,211,50000,Free,0.0,Everyone,2018-01-26,3.6,Action
GATE CS Engineering 2019 Exam Prep App,FAMILY,4.2,162,10000,Free,0.0,Everyone,2018-02-15,6.2,Education
Case Simulator Hero for CS:GO,FAMILY,4.3,14604,500000,Free,0.0,Teen,2018-07-04,68.0,Simulation
CA CS Network,FAMILY,4.7,160,5000,Free,0.0,Everyone,2018-07-25,19.0,Education
Smokes for CS:GO,FAMILY,3.9,3253,100000,Free,0.0,Everyone,2015-04-10,3.6,Entertainment
Grenade Practice for CS:GO,FAMILY,4.4,431,10000,Free,0.0,Everyone,2016-06-13,17.0,Entertainment
Quiz CS:GO players,GAME,4.4,460,50000,Free,0.0,Everyone,2018-06-23,31.0,Trivia
Puzzle for CS:GO,GAME,4.3,247,10000,Free,0.0,Everyone,2016-09-16,18.0,Word
Bomb and Nade Timer for CS:GO,PRODUCTIVITY,2.6,85,5000,Free,0.0,Everyone,2016-04-21,6.0,Productivity
Smokes Guide for CS:GO,FAMILY,4.3,445,50000,Free,0.0,Everyone,2017-06-01,29.0,Entertainment
RadRevision: Anatomy on CT,MEDICAL,3.8,568,50000,Free,0.0,Everyone,2014-01-22,42.0,Medical
Radiology CT Anatomy,MEDICAL,4.2,345,50000,Free,0.0,Everyone,2018-01-20,14.0,Medical
CT Scan Viewer 3D,MEDICAL,4.2,6,1000,Free,0.0,Everyone,2018-06-20,29.0,Medical
Learn CT Scan Of Head,BOOKS_AND_REFERENCE,4.1,10,5000,Free,0.0,Everyone,2018-07-22,5.7,Books & Reference
CT Abdomen Pelvis,MEDICAL,4.0,36,10000,Free,0.0,Everyone,2018-01-20,36.0,Medical
CT Neck,MEDICAL,4.4,7,1000,Free,0.0,Everyone,2018-01-20,8.9,Medical
CT Scan Generations,FAMILY,4.7,6,1000,Free,0.0,Everyone,2018-04-01,5.1,Education
CT Prepares,NEWS_AND_MAGAZINES,2.6,13,1000,Free,0.0,Everyone,2016-11-01,4.3,News & Magazines
CT Abdomen,FAMILY,4.3,7,1000,Free,0.0,Everyone,2017-02-21,62.0,Education
CT Brain Interpretation,FAMILY,5.0,3,500,Free,0.0,Everyone,2018-07-04,29.0,Education
CT-Guide & Positioning,FAMILY,3.7,6,1000,Free,0.0,Everyone,2018-06-06,7.8,Education
CT Sessions,MEDICAL,4.3,62,5000,Free,0.0,Everyone,2014-12-15,20.0,Medical
CT - DTC Lookup,TOOLS,4.1,41,10000,Free,0.0,Everyone,2013-07-26,0.962890625,Tools
POCKET ATLAS OF CT HEAD,MEDICAL,4.3,22,10000,Free,0.0,Everyone,2018-03-16,18.0,Medical
Interactive CT & MRI Anat.Lite,MEDICAL,3.8,534,100000,Free,0.0,Everyone,2012-07-30,14.0,Medical
CT POSITIONING,MEDICAL,4.5,18,5000,Free,0.0,Everyone,2018-03-10,9.3,Medical
CT Cervical Spine,MEDICAL,5.0,5,1000,Free,0.0,Everyone,2018-01-20,17.0,Medical
CT MyChiroTown Mobile,MEDICAL,3.9,40,5000,Free,0.0,Everyone,2015-07-07,4.0,Medical
CT Lottery,FAMILY,3.8,271,50000,Free,0.0,Teen,2017-06-12,8.3,Entertainment
Permit Test Connecticut CT DMV,FAMILY,4.6,186,10000,Free,0.0,Everyone,2017-10-12,9.6,Education
I AM C.T.,HEALTH_AND_FITNESS,4.6,28,1000,Free,0.0,Mature 17+,2017-04-27,20.0,Health & Fitness
Solar CT PV System Power,PRODUCTIVITY,4.7,315,10000,Free,0.0,Everyone,2018-01-22,14.0,Productivity
CARDIAC CT TECHNIQUE,MEDICAL,5.0,6,1000,Free,0.0,Everyone,2018-03-10,17.0,Medical
HEAD TRAUMA CT EVALUATION,MEDICAL,4.5,18,10000,Free,0.0,Everyone,2018-03-16,13.0,Medical
CT Scan Cross Sectional Anatomy,MEDICAL,4.3,10,100,Free,0.0,Everyone,2018-07-19,46.0,Medical
Remote CT - Smart Remote,TOOLS,3.5,3988,1000000,Free,0.0,Everyone,2015-12-22,11.0,Tools
CT-REMOTE,GAME,3.3,19,100,Paid,4.49,Everyone,2015-02-10,1.6,Action
CT-ART 4.0 (Chess Tactics 1200-2400 ELO),GAME,4.8,8191,100000,Free,0.0,Everyone,2018-05-22,,Board
CT-Stream Player,FAMILY,3.9,84,10000,Free,0.0,Everyone,2016-11-21,11.0,Entertainment
Results for CT Lottery,FAMILY,4.5,86,5000,Free,0.0,Teen,2017-03-11,8.6,Entertainment
Interactive CT and MRI Anatomy,MEDICAL,3.4,35,1000,Paid,15.46,Everyone,2015-05-27,24.0,Medical
Dine In CT - Food Delivery,SHOPPING,5.0,4,1000,Free,0.0,Everyone,2016-05-16,1.6,Shopping
CT Checkout,FINANCE,5.0,1,50,Free,0.0,Everyone,2017-04-20,8.4,Finance
Radiological Anatomy For FRCR1,MEDICAL,4.8,12,100,Paid,6.99,Everyone,2014-01-22,44.0,Medical
Radiology CT Viewer,MEDICAL,3.6,35,10000,Free,0.0,Everyone,2018-01-20,88.0,Medical
"CU: UPI Payments, Chat & Call",FINANCE,4.3,693,100000,Free,0.0,Teen,2018-05-03,32.0,Finance
CU of Colorado Mobile Banking,FINANCE,4.0,347,10000,Free,0.0,Everyone,2018-02-06,25.0,Finance
Tech CU Mobile Banking,FINANCE,4.5,853,10000,Free,0.0,Everyone,2018-07-12,27.0,Finance
My CU - Caucasus University,PRODUCTIVITY,4.6,48,1000,Free,0.0,Everyone,2017-11-22,7.3,Productivity
Service CU Mobile Banking,FINANCE,4.7,6208,100000,Free,0.0,Everyone,2018-06-12,14.0,Finance
Redwood CU v3.1.0,FINANCE,3.8,480,50000,Free,0.0,Everyone,2018-05-24,15.0,Finance
Cyprus CU Mobile Banking,FINANCE,3.4,295,10000,Free,0.0,Everyone,2018-02-13,,Finance
BayPort CU Mobile Banking,FINANCE,4.7,2374,10000,Free,0.0,Everyone,2018-07-31,16.0,Finance
CU SoCal Mobile Banking,FINANCE,4.0,253,10000,Free,0.0,Everyone,2018-05-02,25.0,Finance
Tropical Financial CU,FINANCE,4.6,1231,10000,Free,0.0,Everyone,2018-06-12,14.0,Finance
Travis CU,FINANCE,2.0,207,10000,Free,0.0,Everyone,2018-02-16,2.9,Finance
Commonwealth CU Go Mobile,FINANCE,4.3,231,10000,Free,0.0,Everyone,2017-09-15,18.0,Finance
Public Service CU Mobile,FINANCE,2.0,314,10000,Free,0.0,Everyone,2017-03-14,35.0,Finance
Freedom CU,FINANCE,3.6,117,10000,Free,0.0,Everyone,2018-06-22,25.0,Finance
Meritrust CU Mobile Banking,FINANCE,4.7,3661,50000,Free,0.0,Everyone,2018-06-12,14.0,Finance
Nusenda CU– Mobile Banking,FINANCE,3.5,805,50000,Free,0.0,Everyone,2018-07-17,6.5,Finance
Lake Michigan CU Mobile,FINANCE,4.0,732,50000,Free,0.0,Everyone,2018-04-02,5.5,Finance
Maps CU,FINANCE,3.5,256,10000,Free,0.0,Everyone,2017-11-02,28.0,Finance
Family Savings CU Mobile,FINANCE,4.3,323,10000,Free,0.0,Everyone,2017-09-08,17.0,Finance
FORUM Credit Union CU Online,FINANCE,4.1,196,10000,Free,0.0,Everyone,2018-06-30,7.3,Finance
Educators CU Mobile Banking,FINANCE,4.6,1992,50000,Free,0.0,Everyone,2018-06-20,24.0,Finance
Space Coast CU Mobile,FINANCE,3.8,922,100000,Free,0.0,Everyone,2017-07-13,2.1,Finance
First Tech Federal CU,FINANCE,4.3,4290,50000,Free,0.0,Everyone,2018-07-19,24.0,Finance
Southland CU,FINANCE,3.8,109,10000,Free,0.0,Everyone,2017-07-20,2.8,Finance
Tech CU Card Manager,FINANCE,1.0,2,1000,Free,0.0,Everyone,2017-07-25,7.2,Finance
Numerica CU,FINANCE,3.8,472,50000,Free,0.0,Everyone,2018-02-21,8.6,Finance
Red River CU,FINANCE,3.3,343,10000,Free,0.0,Everyone,2017-06-21,2.3,Finance
Firefighters First CU,FINANCE,4.8,495,5000,Free,0.0,Everyone,2018-05-01,12.0,Finance
MYCU TX Mobile Banking,FINANCE,3.0,4,100,Free,0.0,Everyone,2018-08-01,,Finance
Amazing Fart Sounds,FAMILY,4.0,28136,5000000,Free,0.0,Everyone,2017-08-24,,Casual
Navigator PRO - GPS Navigation with Offline Maps,TRAVEL_AND_LOCAL,3.6,892,50000,Paid,2.49,Everyone,2018-08-01,70.0,Travel & Local
My Vodafone (GR),COMMUNICATION,3.8,12667,1000000,Free,0.0,Everyone,2018-08-01,34.0,Communication
HTC Transfer Tool,TOOLS,4.3,40907,5000000,Free,0.0,Everyone,2017-07-27,2.6,Tools
Planet of Cubes Survival Craft,FAMILY,3.9,475944,10000000,Free,0.0,Everyone,2018-06-26,35.0,Simulation
Moto Rider,GAME,4.2,115176,10000000,Free,0.0,Teen,2018-06-15,24.0,Racing
Shadow Fight 2,GAME,4.6,10981850,100000000,Free,0.0,Everyone 10+,2018-07-02,88.0,Action
Crazy Wheels,GAME,4.0,121082,10000000,Free,0.0,Teen,2018-01-17,7.0,Adventure
Curriculum vitae App CV Builder Free Resume Maker,BUSINESS,4.5,4571,500000,Free,0.0,Everyone,2018-07-08,3.9,Business
Free Resume App,BUSINESS,4.6,15830,1000000,Free,0.0,Everyone,2018-07-19,,Business
CV Engineer - Free Resume Maker & CV Templates,BUSINESS,4.6,213,10000,Free,0.0,Everyone,2018-04-11,3.8,Business
CV Examples 2018,FAMILY,4.5,625,100000,Free,0.0,Everyone,2018-07-30,26.0,Education
Curriculum Vitae,BUSINESS,3.7,3757,1000000,Free,0.0,Everyone,2016-03-29,5.0,Business
Free resume builder CV maker templates PDF formats,BUSINESS,4.4,9555,1000000,Free,0.0,Everyone,2018-07-19,4.7,Business
Resume Builder - Free CV Maker & Premium Templates,BUSINESS,4.6,770,100000,Free,0.0,Everyone,2018-08-03,5.6,Business
Easy Cv maker 2018,BOOKS_AND_REFERENCE,3.9,88,10000,Free,0.0,Everyone,2018-03-31,5.3,Books & Reference
Resume PDF Maker / CV Builder,BUSINESS,4.4,2147,500000,Free,0.0,Everyone,2017-12-14,2.2,Business
Resume & CV Creator by Desygner,PRODUCTIVITY,4.5,48,5000,Free,0.0,Everyone,2018-07-23,26.0,Productivity
CV S ( CV Editor - Resume ),BUSINESS,4.5,3972,100000,Free,0.0,Teen,2018-06-25,5.6,Business
CV Formats 2018,FAMILY,4.3,374,100000,Free,0.0,Everyone,2017-10-09,26.0,Education
CV Maker Pro,BUSINESS,3.7,113,10000,Free,0.0,Everyone,2018-06-09,8.6,Business
Free CV Creator,TOOLS,3.9,37,10000,Free,0.0,Everyone,2018-07-18,21.0,Tools
"Job CV Maker-Portfolio Maker , Resume Maker",FAMILY,3.9,139,50000,Free,0.0,Everyone,2018-07-16,4.8,Education
Resume Builder and CV maker app,PRODUCTIVITY,4.3,2303,100000,Free,0.0,Everyone,2018-08-02,15.0,Productivity
HOW TO WRITE A CV,BUSINESS,4.1,489,100000,Free,0.0,Everyone,2018-06-27,20.0,Business
CV EXAMPLES,BUSINESS,4.1,423,100000,Free,0.0,Everyone,2018-06-07,20.0,Business
Cv maker / Job cv maker,FAMILY,4.4,14,1000,Free,0.0,Everyone,2018-03-27,5.5,Education
"Resume Builder Free, CV Maker & Resume Templates",BUSINESS,4.4,20921,1000000,Free,0.0,Everyone,2018-01-11,5.7,Business
"Free Professional Resume Builder, CV, Cover Letter",BUSINESS,4.2,831,50000,Free,0.0,Everyone,2018-06-13,11.0,Business
Resume Free,PRODUCTIVITY,4.5,27820,1000000,Free,0.0,Everyone,2018-07-29,4.7,Productivity
How to Write CV,BOOKS_AND_REFERENCE,4.6,244,100000,Free,0.0,Everyone,2016-04-22,4.1,Books & Reference
"Super Resume Builder Pro, CV",BUSINESS,4.4,244,1000,Paid,4.99,Everyone,2017-08-17,6.9,Business
Free Resume Builder – CV Maker,BUSINESS,4.4,25,5000,Free,0.0,Everyone,2018-06-09,12.0,Business
Resume App,BUSINESS,4.4,11310,1000000,Free,0.0,Everyone,2018-07-19,,Business
CV Builder,BUSINESS,3.8,203,10000,Free,0.0,Everyone,2016-09-30,5.9,Business
Curriculum Vitae - Resume CV,PRODUCTIVITY,2.6,80,10000,Free,0.0,Everyone,2017-05-11,2.2,Productivity
"Resume Maker:Free CV Maker,Templates Builder",BUSINESS,4.2,715,100000,Free,0.0,Everyone,2018-08-01,7.1,Business
Resume Builder / CV Maker & Templates,BUSINESS,4.4,25,5000,Free,0.0,Everyone,2018-01-19,7.9,Business
CV maker for Job Applications and Resume Maker,TOOLS,4.2,75,10000,Free,0.0,Everyone,2018-01-31,25.0,Tools
CV Templates 2018,FAMILY,4.0,13,5000,Free,0.0,Everyone,2017-10-09,26.0,Education
Job CV Maker & Portfolio Maker,FAMILY,4.2,593,100000,Free,0.0,Everyone,2018-01-01,4.9,Education
CV Maker for Job Applications:Photo Resume Builder,TOOLS,4.0,114,10000,Free,0.0,Everyone,2018-06-09,25.0,Tools
CV Creator,FAMILY,4.4,31,10000,Free,0.0,Everyone,2018-01-08,8.3,Education
Resume ( CV Editor ),BUSINESS,4.5,416,10000,Free,0.0,Everyone,2018-06-30,6.0,Business
CV Maker,PERSONALIZATION,3.2,114,10000,Free,0.0,Everyone,2016-03-18,3.0,Personalization
Resume Maker - Creator,BUSINESS,4.3,740,50000,Free,0.0,Everyone,2018-08-04,19.0,Business
CV Builder for Smart Resumes,BUSINESS,3.4,22,1000,Free,0.0,Everyone,2017-05-23,4.1,Business
CV-RECORD Pro,COMMUNICATION,2.3,42,1000,Paid,0.99,Everyone,2017-01-12,6.0,Communication
CV-Library Job Search,BUSINESS,4.4,6997,100000,Free,0.0,Everyone,2018-07-06,4.6,Business
CV Samples 2018,BUSINESS,4.3,34,10000,Free,0.0,Everyone,2017-10-10,26.0,Business
"Easy Resume Builder, Resume help, Curriculum vitae",TOOLS,4.3,996,50000,Free,0.0,Everyone,2017-09-28,10.0,Tools
Resume / CV,BUSINESS,3.6,125,10000,Free,0.0,Everyone,2015-12-28,5.0,Business
VisualCV Resume Builder,BUSINESS,4.6,2555,100000,Free,0.0,Everyone,2017-06-02,16.0,Business
Resume Maker / CV creator & Templates,TOOLS,4.2,54,5000,Free,0.0,Everyone,2018-04-15,22.0,Tools
Resume Builder - Curriculum Vitae & Resume Maker,BUSINESS,4.0,12,5000,Free,0.0,Everyone,2018-06-07,8.1,Business
The CW,FAMILY,4.4,288209,5000000,Free,0.0,Teen,2018-07-23,21.0,Entertainment
CW Seed,FAMILY,4.5,16391,500000,Free,0.0,Teen,2018-07-18,13.0,Entertainment
The CW TV app,FAMILY,3.2,24,5000,Free,0.0,Everyone,2018-07-28,4.8,Entertainment
CW TV,NEWS_AND_MAGAZINES,1.7,367,50000,Free,0.0,Everyone,2018-03-02,6.1,News & Magazines
The CW TN app 2018,FAMILY,2.2,54,10000,Free,0.0,Everyone,2018-04-30,4.3,Entertainment
Archie Comics,COMICS,3.8,5084,100000,Free,0.0,Everyone,2018-06-19,6.2,Comics
2 Amateur ham radio CW Morse code practice keys TX,COMMUNICATION,4.8,6,100,Paid,1.49,Everyone,2018-03-05,3.5,Communication
Cartoon Wars: Blade,GAME,4.4,165656,5000000,Free,0.0,Teen,2018-02-07,38.0,Arcade
FANDOM: Arrow and The Flash,FAMILY,4.5,3935,100000,Free,0.0,Mature 17+,2018-06-07,9.5,Entertainment
CW Beacon for Ham Radio,COMMUNICATION,4.8,10,100,Paid,1.49,Everyone,2015-01-22,0.50390625,Communication
IZ2UUF Morse Koch CW,COMMUNICATION,4.6,649,50000,Free,0.0,Everyone,2013-08-08,0.8173828125,Communication
Morse Decoder for Ham Radio,COMMUNICATION,3.7,166,5000,Paid,4.99,Everyone,2017-03-14,2.0,Communication
C W Browser,COMMUNICATION,4.4,14,100,Free,0.0,Everyone,2017-10-28,17.0,Communication
Canon CameraWindow,PHOTOGRAPHY,3.5,12204,1000000,Free,0.0,Everyone,2017-03-14,6.8,Photography
Saiyan Of CW,FAMILY,3.8,5,500,Free,0.0,Everyone,2018-07-31,1.1,Role Playing
CW Studio ®,COMMUNICATION,3.8,9,100,Paid,0.99,Everyone,2015-05-19,0.76171875,Communication
20WPM Amateur ham radio Koch CW Morse code trainer,COMMUNICATION,4.3,12,100,Paid,1.49,Everyone,2018-05-22,3.7,Communication
Morse Trainer for Ham Radio,COMMUNICATION,4.6,265,10000,Paid,2.99,Everyone,2018-01-06,2.6,Communication
The Church at CW,LIFESTYLE,4.5,2,100,Free,0.0,Teen,2018-06-25,7.8,Lifestyle
"Freeform – Stream Full Episodes, Movies, & Live TV",FAMILY,3.7,29229,1000000,Free,0.0,Teen,2018-08-06,,Entertainment
Morse Machine for Ham Radio,COMMUNICATION,4.8,341,5000,Paid,0.99,Everyone,2015-02-20,9.6,Communication
Pocket RxTx Pro,PRODUCTIVITY,4.3,253,5000,Paid,3.99,Everyone,2018-03-04,,Productivity
Morse Player,FAMILY,5.0,12,100,Paid,1.99,Everyone,2017-01-23,2.4,Education
"FXNOW: Movies, Shows & Live TV",FAMILY,3.9,31552,1000000,Free,0.0,Teen,2018-07-23,,Entertainment
My CW,TOOLS,3.0,1,100,Free,0.0,Everyone,2016-10-27,55.0,Tools
30WPM Amateur ham radio Koch CW Morse code trainer,FAMILY,5.0,1,10,Paid,1.49,Everyone,2018-05-18,3.7,Education
DC All Access,FAMILY,4.4,12639,500000,Free,0.0,Teen,2017-10-17,96.0,Entertainment
Koch Morse Trainer Pro,COMMUNICATION,4.6,94,1000,Paid,2.49,Everyone,2015-02-14,1.1,Communication
Morse Code Reader,COMMUNICATION,3.9,1436,100000,Free,0.0,Everyone,2013-08-26,0.01953125,Communication
CW Nuclear,BOOKS_AND_REFERENCE,3.3,15,1000,Free,0.0,Everyone,2017-11-17,12.0,Books & Reference
Pocket RxTx Free,PRODUCTIVITY,4.1,4513,100000,Free,0.0,Everyone,2018-03-04,,Productivity
CW Deposit,BUSINESS,3.0,4,1000,Free,0.0,Everyone,2014-02-06,0.486328125,Business
Hallmark Channel Everywhere,FAMILY,4.2,6784,500000,Free,0.0,Everyone,2017-08-30,13.0,Entertainment
Morse Player Free,FAMILY,4.2,268,50000,Free,0.0,Everyone,2017-01-23,4.2,Education
News 8 San Diego,NEWS_AND_MAGAZINES,4.2,1137,50000,Free,0.0,Everyone,2018-07-23,11.0,News & Magazines
"Hulu: Stream TV, Movies & more",FAMILY,4.0,319777,10000000,Free,0.0,Teen,2018-08-03,,Entertainment
Learn Morse Code - G0HYN Learn Morse,COMMUNICATION,4.0,27,5000,Free,0.0,Everyone,2018-05-08,0.5859375,Communication
SYFY,FAMILY,3.2,3069,500000,Free,0.0,Teen,2018-05-24,18.0,Entertainment
Morse Notifier Free,TOOLS,4.6,79,1000,Free,0.0,Everyone,2017-11-08,3.0,Tools
AMC,FAMILY,3.2,20843,1000000,Free,0.0,Teen,2018-08-02,14.0,Entertainment
Cartoon Wars 3,FAMILY,4.1,137674,5000000,Free,0.0,Teen,2018-07-04,72.0,Role Playing
ABC – Live TV & Full Episodes,FAMILY,3.3,50428,5000000,Free,0.0,Teen,2018-07-25,,Entertainment
Oracle CX Cloud Mobile,BUSINESS,4.4,48,5000,Free,0.0,Everyone,2018-07-07,54.0,Business
CX-10WiFi,FAMILY,4.0,1419,100000,Free,0.0,Everyone,2017-10-25,12.0,Casual
CX-OF,FAMILY,4.2,18,1000,Free,0.0,Everyone,2018-01-31,37.0,Entertainment
cx-32wifi,FAMILY,4.1,62,10000,Free,0.0,Everyone,2015-11-14,6.5,Entertainment
CX-17WIFI,FAMILY,4.3,49,10000,Free,0.0,Everyone,2018-03-21,6.6,Entertainment
Cathay Pacific,TRAVEL_AND_LOCAL,3.3,4069,1000000,Free,0.0,Everyone,2018-07-25,50.0,Travel & Local
Cx File Explorer,TOOLS,4.7,175,10000,Free,0.0,Everyone,2018-07-28,4.3,Tools
cx-33wifi,FAMILY,4.4,63,10000,Free,0.0,Everyone,2015-11-14,7.6,Entertainment
CX-WiFi720P,FAMILY,3.1,47,10000,Free,0.0,Everyone,2015-11-14,5.5,Entertainment
CX-60,FAMILY,3.1,19,1000,Free,0.0,Everyone,2017-05-09,94.0,Casual
ACTIVEON CX & CX GOLD,VIDEO_PLAYERS,3.3,439,50000,Free,0.0,Everyone,2016-03-04,35.0,Video Players & Editors
CX North America,BUSINESS,3.9,10,500,Free,0.0,Everyone,2018-03-14,55.0,Business
CX-10DS,FAMILY,3.4,12,1000,Free,0.0,Everyone,2017-09-15,11.0,Casual
CX-37,FAMILY,3.9,13,1000,Free,0.0,Everyone,2016-05-30,12.0,Casual
Avaya CX,BUSINESS,4.4,21,1000,Free,0.0,Everyone,2018-07-25,21.0,Business
TI-Nspire CX Calculator Manual,FAMILY,3.9,11,500,Paid,4.99,Everyone,2018-07-21,27.0,Education
CX_WiFiUFO,SPORTS,3.7,818,100000,Free,0.0,Everyone,2016-06-08,5.3,Sports
CX watcher,FAMILY,4.5,4,500,Free,0.0,Everyone,2018-06-21,30.0,Casual
Theme For Techno Camon CX,PERSONALIZATION,4.7,42,5000,Free,0.0,Everyone,2017-05-10,10.0,Personalization
Theme for Tecno Camon CX / C8,LIFESTYLE,4.6,147,10000,Free,0.0,Everyone,2017-05-02,9.8,Lifestyle
Oración CX,LIFESTYLE,5.0,103,5000,Free,0.0,Everyone,2017-09-12,3.8,Lifestyle
CX-40,FAMILY,3.0,2,100,Free,0.0,Everyone,2017-12-14,33.0,Entertainment
Ring,COMMUNICATION,3.9,517,10000,Free,0.0,Everyone,2018-08-06,35.0,Communication
cx advance call blocker,PERSONALIZATION,5.0,3,50,Free,0.0,Everyone,2018-04-09,3.4,Personalization
CX Ram Booster,TOOLS,3.9,12,500,Free,0.0,Everyone,2017-06-02,2.5,Tools
CXmodel-ufo,FAMILY,3.8,19,1000,Free,0.0,Everyone,2017-01-19,12.0,Entertainment
Secret Codes For Android,TOOLS,3.6,6060,500000,Free,0.0,Everyone,2016-02-04,0.578125,Tools
Absolute RC Heli Simulator,SPORTS,3.9,654,10000,Paid,4.99,Everyone,2017-12-20,50.0,Sports
WiFi FPV,FAMILY,3.8,316,100000,Free,0.0,Everyone,2017-06-01,19.0,Entertainment
go41cx,FAMILY,4.8,171,1000,Paid,10.0,Everyone,2016-10-18,1.0,Education
"Cymera Camera- Photo Editor, Filter,Collage,Layout",PHOTOGRAPHY,4.4,2418165,100000000,Free,0.0,Everyone,2018-07-12,,Photography
CY Security Antivirus Cleaner,PRODUCTIVITY,4.5,75140,1000000,Free,0.0,Everyone,2018-01-02,,Productivity
Freecell CY,GAME,4.0,387,50000,Free,0.0,Everyone,2011-04-16,1.1,Card
Cytus II,GAME,4.7,16851,100000,Paid,1.99,Everyone 10+,2018-08-03,81.0,Music
Cy-Reader,FAMILY,4.8,17,100,Free,0.0,Everyone,2018-08-03,15.0,Education
Cy-Fair FCU Mobile Banking,FINANCE,4.7,439,5000,Free,0.0,Everyone,2018-01-30,13.0,Finance
Cytus,GAME,4.7,541732,5000000,Free,0.0,Everyone,2018-02-09,20.0,Music
Cy-Ranch,NEWS_AND_MAGAZINES,4.5,27,500,Free,0.0,Everyone,2018-05-06,7.1,News & Magazines
Recycling Cy,LIFESTYLE,4.0,47,1000,Free,0.0,Everyone,2017-08-02,4.5,Lifestyle
CY.SEND Online Top Up,FINANCE,3.2,191,10000,Free,0.0,Everyone,2018-01-25,10.0,Finance
Alpha Bank CY,FINANCE,4.7,39,1000,Free,0.0,Everyone,2018-03-20,20.0,Finance
Cy Messenger,COMMUNICATION,4.5,4,100,Free,0.0,Everyone,2014-08-30,8.1,Communication
Igitabo cy'Indirimbo,FAMILY,4.5,93,50000,Free,0.0,Everyone,2018-02-05,1.6,Entertainment
Doctor Finder CY,MEDICAL,4.9,57,1000,Free,0.0,Everyone,2015-11-11,6.1,Medical
Eshopcy.com.cy,SHOPPING,4.2,182,5000,Free,0.0,Everyone,2018-08-03,4.9,Shopping
NOMISMA.com.cy by FMW,NEWS_AND_MAGAZINES,5.0,3,100,Free,0.0,Everyone,2016-05-29,,News & Magazines
Cy-Fair VFD EMS Protocols,MEDICAL,5.0,2,100,Free,0.0,Everyone 10+,2017-09-21,20.0,Medical
Cy-Fair Christian Church,LIFESTYLE,5.0,2,100,Free,0.0,Everyone,2017-08-03,9.3,Lifestyle
Shadowverse CCG,GAME,4.2,47340,1000000,Free,0.0,Teen,2018-07-30,61.0,Card
CY Digital Net,SHOPPING,4.7,3,500,Free,0.0,Everyone,2017-08-01,5.8,Shopping
Phone Clean Best Speed Booster,PRODUCTIVITY,4.5,81502,1000000,Free,0.0,Everyone,2018-03-29,,Productivity
LOCX Applock Lock Apps & Photo,PRODUCTIVITY,4.5,208543,10000000,Free,0.0,Everyone,2018-07-05,,Productivity
Cymath - Math Problem Solver,FAMILY,4.5,10159,1000000,Free,0.0,Everyone,2018-04-13,6.4,Education
Rewards,FINANCE,3.8,57,5000,Free,0.0,Everyone,2017-12-15,4.0,Finance
Army of Heroes,FAMILY,4.5,85015,1000000,Free,0.0,Everyone 10+,2018-08-01,46.0,Strategy
Math Solver,FAMILY,4.3,2250,100000,Free,0.0,Everyone,2017-11-21,30.0,Education
SuperBikers 2,GAME,3.9,6200,500000,Free,0.0,Everyone 10+,2018-07-06,,Racing
Cyprus Bus Companion,MAPS_AND_NAVIGATION,3.9,112,10000,Free,0.0,Everyone,2013-12-26,1.4,Maps & Navigation
Cyprus Police,SOCIAL,4.2,226,10000,Free,0.0,Everyone 10+,2018-01-31,15.0,Social
foody Cyprus - online ordering,SHOPPING,4.5,214,10000,Free,0.0,Everyone,2018-02-27,1.8,Shopping
Death Dragon Knights RPG,FAMILY,4.1,11179,1000000,Free,0.0,Teen,2016-09-16,19.0,Role Playing
Camera360 Lite - Selfie Camera,PHOTOGRAPHY,4.4,221878,10000000,Free,0.0,Everyone,2018-08-01,,Photography
Bank Of Cyprus,FINANCE,4.1,1514,100000,Free,0.0,Everyone,2018-02-14,12.0,Finance
Map of Cyprus offline,TRAVEL_AND_LOCAL,4.6,470,10000,Free,0.0,Everyone,2018-03-12,21.0,Travel & Local
McDelivery Cyprus,FOOD_AND_DRINK,3.3,60,10000,Free,0.0,Everyone,2018-05-14,25.0,Food & Drink
CZ-USA,LIFESTYLE,4.5,11,1000,Free,0.0,Everyone,2016-03-01,3.4,Lifestyle
CZ File Manager,TOOLS,2.2,876,1000000,Free,0.0,Everyone,2018-08-06,8.7,Tools
Security Camera CZ,HOUSE_AND_HOME,4.4,137,10000,Free,0.0,Everyone,2018-07-17,19.0,House & Home
Šmelina .cz inzeráty inzerce,SHOPPING,3.9,117,10000,Free,0.0,Everyone,2018-05-13,9.8,Shopping
Alzashop.com,SHOPPING,4.5,32014,500000,Free,0.0,Everyone,2018-08-03,18.0,Shopping
KFC CZ,LIFESTYLE,2.8,1189,100000,Free,0.0,Everyone,2018-06-27,18.0,Lifestyle
Skylink Live TV CZ,FAMILY,3.3,2802,100000,Free,0.0,Teen,2018-07-11,15.0,Entertainment
Mapy.cz - Cycling & Hiking offline maps,MAPS_AND_NAVIGATION,4.5,56409,1000000,Free,0.0,Everyone,2018-06-26,43.0,Maps & Navigation
Online TV CZ/SK PRO,VIDEO_PLAYERS,3.1,167,1000,Paid,0.99,Everyone,2018-06-21,2.0,Video Players & Editors
Rande.cz,SOCIAL,3.2,398,50000,Free,0.0,Mature 17+,2014-12-03,2.2,Social
Breweries (CZ/SK),LIFESTYLE,4.4,1740,50000,Free,0.0,Teen,2017-07-27,4.4,Lifestyle
reality.cz,HOUSE_AND_HOME,4.1,1372,50000,Free,0.0,Everyone,2018-02-15,5.4,House & Home
CZ-Help,BOOKS_AND_REFERENCE,5.0,2,5,Free,0.0,Everyone,2018-07-13,1.4,Books & Reference
CZ-Cyberon Voice Commander,TOOLS,3.8,131,1000,Paid,5.99,Everyone,2017-03-07,3.3,Tools
HTC Sense Input - CZ,TOOLS,4.3,87,10000,Free,0.0,Everyone,2015-11-09,7.3,Tools
WebCams,WEATHER,4.6,3963,100000,Free,0.0,Everyone,2018-07-17,23.0,Weather
Novinky.cz,NEWS_AND_MAGAZINES,3.7,2375,100000,Free,0.0,Everyone,2017-02-23,,News & Magazines
Wallpaper.cz,PHOTOGRAPHY,4.9,7,100,Free,0.0,Everyone,2015-07-11,2.2,Photography
Strava.cz,SHOPPING,4.3,2221,100000,Free,0.0,Everyone,2018-07-10,,Shopping
CZ Kompas,TOOLS,5.0,2,10,Free,0.0,Everyone,2018-07-09,3.5,Tools
MYTO CZ,MAPS_AND_NAVIGATION,2.9,30,5000,Free,0.0,Everyone,2016-02-17,4.8,Maps & Navigation
PLAYzone.cz,FAMILY,4.4,14,500,Free,0.0,Everyone,2017-11-07,7.3,Entertainment
Tools & Mi Band,HEALTH_AND_FITNESS,4.4,15753,100000,Paid,3.49,Everyone,2018-07-26,13.0,Health & Fitness
TeeTime.cz,SPORTS,4.6,1641,10000,Free,0.0,Everyone,2018-08-02,6.2,Sports
What is my IP address,TOOLS,4.5,4228,500000,Free,0.0,Everyone,2018-07-02,0.640625,Tools
Windguru Lite,WEATHER,4.0,9307,1000000,Free,0.0,Everyone,2018-01-09,5.0,Weather
Da Fit,SPORTS,3.5,1151,10000,Free,0.0,Everyone,2018-07-23,8.3,Sports
The House of Da Vinci,FAMILY,4.8,12400,100000,Paid,4.99,Everyone,2018-06-14,,Puzzle
Dan the Man: Action Platformer,GAME,4.8,528550,10000000,Free,0.0,Teen,2018-07-26,73.0,Arcade
Ghost Detector,FAMILY,3.5,35337,5000000,Free,0.0,Teen,2018-05-25,7.4,Entertainment
"Face Filter, Selfie Editor - Sweet Camera",PHOTOGRAPHY,4.7,142758,10000000,Free,0.0,Everyone,2018-07-06,22.0,Photography
Master for Minecraft(Pocket Edition)-Mod Launcher,TOOLS,4.6,2674051,50000000,Free,0.0,Everyone,2018-08-06,26.0,Tools
King of Math,FAMILY,4.4,766,10000,Paid,2.99,Everyone,2018-05-22,14.0,Education
Translate: text & voice translator,TOOLS,4.3,122010,5000000,Free,0.0,Everyone,2018-07-14,7.3,Tools
The Zueira's Voice,TOOLS,4.7,136540,1000000,Free,0.0,Everyone,2018-07-10,3.1,Tools
Battery Calibration,TOOLS,4.4,134412,5000000,Free,0.0,Everyone,2018-07-27,11.0,Tools
FVD - Free Video Downloader,TOOLS,4.0,327914,10000000,Free,0.0,Everyone,2018-04-11,,Tools
Thuglife Video Maker,FAMILY,3.5,38824,1000000,Free,0.0,Mature 17+,2018-01-21,12.0,Entertainment
MadLipz,FAMILY,4.6,171017,10000000,Free,0.0,Teen,2018-07-22,13.0,Entertainment
Soccer FC,SPORTS,3.9,6289,1000000,Free,0.0,Everyone,2016-07-21,33.0,Sports
Visage Lab – face retouch,PHOTOGRAPHY,3.5,49523,5000000,Free,0.0,Everyone,2016-10-05,,Photography
Geometry Dash SubZero,GAME,4.6,260527,10000000,Free,0.0,Everyone,2017-12-21,49.0,Arcade
Escaping the Prison,FAMILY,4.2,419375,10000000,Free,0.0,Everyone 10+,2016-06-21,31.0,Casual
Metal Soldiers 2,GAME,4.4,153649,10000000,Free,0.0,Teen,2018-06-18,,Action
Quiz TRUE or FALSE,GAME,4.6,2464,50000,Free,0.0,Everyone,2018-02-13,34.0,Trivia
Glam Doll Salon - Chic Fashion,FAMILY,4.0,93898,10000000,Free,0.0,Everyone,2017-05-26,44.0,Casual
Siren Ringtones,PERSONALIZATION,4.2,42190,5000000,Free,0.0,Teen,2018-07-08,11.0,Personalization
Peppa Pig: Party Time,FAMILY,3.8,52,10000,Paid,2.99,Everyone,2017-08-08,55.0,Educational
Download Manager for Android,TOOLS,4.1,420518,10000000,Free,0.0,Everyone,2018-07-04,,Tools
COOKING MAMA Let's Cook!,FAMILY,4.3,528917,10000000,Free,0.0,Everyone,2018-07-26,59.0,Educational
Run Sausage Run!,GAME,4.4,276105,10000000,Free,0.0,Everyone 10+,2018-08-01,,Arcade
Knife Hit,GAME,4.5,462614,10000000,Free,0.0,Everyone,2018-05-22,60.0,Arcade
The Visitor,GAME,4.1,39895,5000000,Free,0.0,Mature 17+,2018-01-02,25.0,Adventure
Just Dance Now,GAME,4.2,794058,10000000,Free,0.0,Everyone,2018-06-12,56.0,Music
DB Navigator,MAPS_AND_NAVIGATION,4.0,119685,10000000,Free,0.0,Everyone,2018-07-02,20.0,Maps & Navigation
SQLite DB Reader,TOOLS,3.6,301,50000,Free,0.0,Everyone,2017-11-28,2.3,Tools
DB Browser,TOOLS,3.3,236,50000,Free,0.0,Everyone,2011-09-20,0.2158203125,Tools
Sound Meter,TOOLS,4.7,88993,10000000,Free,0.0,Everyone,2018-06-10,1.5,Tools
DRAGON BALL LEGENDS,GAME,4.6,338742,5000000,Free,0.0,Teen,2018-08-03,48.0,Action
db.Mobil App,LIBRARIES_AND_DEMO,4.5,23,5000,Free,0.0,Everyone,2018-07-11,31.0,Libraries & Demo
DB Streckenagent,MAPS_AND_NAVIGATION,3.9,4569,500000,Free,0.0,Everyone,2017-12-22,7.5,Maps & Navigation
dB: Sound Meter Pro,TOOLS,4.3,31,5000,Free,0.0,Everyone,2016-12-12,0.22265625,Tools
dB Sound Level Meter,TOOLS,3.9,203,10000,Free,0.0,Everyone,2017-03-03,2.3,Tools
DB Sound Meter: Measure Noise Level- Decibel Meter,TOOLS,4.3,824,10000,Free,0.0,Everyone,2017-12-13,2.8,Tools
ACCDB MDB DB Manager Pro - Editor for MS Access,PRODUCTIVITY,3.1,19,500,Paid,8.99,Everyone,2016-11-03,4.5,Productivity
Scale Models DB,TOOLS,4.4,9,50,Paid,2.99,Everyone,2018-05-03,33.0,Tools
DB Train Simulator,FAMILY,3.7,6514,500000,Free,0.0,Everyone,2018-05-23,72.0,Simulation
DB Tools,FAMILY,4.6,37,1000,Free,0.0,Everyone,2014-06-17,3.3,Education
dB Meter - measure sound & noise level in Decibel,TOOLS,4.6,154,10000,Free,0.0,Everyone,2018-07-26,6.6,Tools
DB LINK RGB,TOOLS,2.7,7,500,Free,0.0,Everyone,2017-06-19,5.2,Tools
"10,000 Quotes DB (Premium)",BOOKS_AND_REFERENCE,4.1,70,500,Paid,0.99,Everyone,2013-08-30,3.5,Books & Reference
Guide for DB Xenoverse,BOOKS_AND_REFERENCE,4.2,459,10000,Free,0.0,Everyone,2016-10-01,11.0,Books & Reference
DB Transport,MAPS_AND_NAVIGATION,1.9,179,10000,Free,0.0,Everyone,2018-03-13,10.0,Maps & Navigation
DB Stay Connected,BUSINESS,4.6,17,1000,Free,0.0,Everyone,2017-12-08,9.4,Business
DB TOS - Pocket Helper,TOOLS,4.2,265,10000,Free,0.0,Everyone,2016-05-22,,Tools
Guide for DB Xenoverse 2,BOOKS_AND_REFERENCE,4.4,121,10000,Free,0.0,Everyone,2016-12-23,8.7,Books & Reference
DB Customer Connect,BUSINESS,4.2,100,10000,Free,0.0,Everyone,2018-07-21,6.3,Business
Patron DB,TOOLS,3.9,64,5000,Free,0.0,Everyone,2017-06-01,4.1,Tools
DB Event App,SOCIAL,2.4,37,5000,Free,0.0,Teen,2017-06-25,37.0,Social
DB HOME,LIFESTYLE,5.0,5,100,Free,0.0,Everyone,2017-08-31,3.2,Lifestyle
Bowers & Wilkins DB Subwoofers,TOOLS,3.9,21,10000,Free,0.0,Everyone,2018-01-19,11.0,Tools
DB Busradar NRW,MAPS_AND_NAVIGATION,3.7,78,10000,Free,0.0,Everyone,2017-04-12,3.0,Maps & Navigation
DB Pickles,BUSINESS,5.0,5,100,Free,0.0,Everyone,2018-03-20,14.0,Business
DB for Fallout Shelter,FAMILY,4.0,3323,100000,Free,0.0,Everyone,2018-03-29,47.0,Simulation
LC-DB,PHOTOGRAPHY,3.0,1,10,Paid,3.49,Everyone,2017-10-20,2.5,Photography
dB Sound Meter,TOOLS,4.1,29,5000,Free,0.0,Everyone,2016-04-25,2.3,Tools
DB for Hustle Castle,FAMILY,4.8,21,1000,Free,0.0,Everyone,2018-07-04,49.0,Role Playing
DB Ultra Saiyan Battle,GAME,4.5,33,1000,Free,0.0,Everyone 10+,2018-07-25,44.0,Action
Preferences Manager and SQLite DB Viewer,TOOLS,3.5,13,1000,Free,0.0,Everyone,2017-07-18,3.0,Tools
SW-DB,TOOLS,4.5,954,10000,Free,0.0,Teen,2016-07-11,7.6,Tools
DC Legends: Battle for Justice,FAMILY,4.5,355613,10000000,Free,0.0,Teen,2018-08-02,59.0,Role Playing
DC Comics,COMICS,4.2,25673,1000000,Free,0.0,Teen,2018-06-05,,Comics
Injustice 2,GAME,4.3,504765,5000000,Free,0.0,Teen,2018-07-30,36.0,Action
Injustice: Gods Among Us,GAME,4.4,2440877,10000000,Free,0.0,Teen,2018-06-14,32.0,Action
FANDOM for: DC,FAMILY,4.4,6715,500000,Free,0.0,Mature 17+,2018-07-20,9.5,Entertainment
DC Super Hero Girls™,FAMILY,4.3,43090,5000000,Free,0.0,Everyone,2018-06-29,95.0,Action
LEGO Batman: DC Super Heroes,FAMILY,4.2,2557,50000,Paid,4.99,Everyone 10+,2016-05-09,5.8,Adventure
Ultimate DC Challenge,GAME,4.5,937,10000,Free,0.0,Everyone,2017-10-19,35.0,Trivia
LEGO® DC Mighty Micros,FAMILY,4.3,139545,10000000,Free,0.0,Everyone,2018-01-30,63.0,Racing
Justice League Action Run,GAME,4.3,22333,1000000,Free,0.0,Everyone 10+,2018-08-07,9.7,Action
Marvel and DC Wallpapers,PERSONALIZATION,4.2,249,10000,Free,0.0,Everyone,2018-07-07,91.0,Personalization
DC Comics Amino,SOCIAL,4.9,117,1000,Free,0.0,Teen,2018-07-13,63.0,Social
Comics,COMICS,4.1,45651,5000000,Free,0.0,Teen,2018-05-24,,Comics
Quiz DC,GAME,1.4,33,1000,Free,0.0,Everyone,2017-12-25,3.1,Trivia
Batman: Gotham’s Most Wanted!,FAMILY,4.0,16190,1000000,Free,0.0,Everyone,2018-04-24,88.0,Action
"Superheroes, Marvel, DC, Comics, TV, Movies News",COMICS,5.0,34,5000,Free,0.0,Everyone,2018-07-31,12.0,Comics
MARVEL Contest of Champions,GAME,4.3,2468915,50000000,Free,0.0,Teen,2018-07-30,92.0,Action
MARVEL Avengers Academy,GAME,4.2,304106,10000000,Free,0.0,Teen,2018-08-06,,Adventure
DC Universe Quiz,GAME,4.3,11,500,Free,0.0,Everyone,2018-05-22,23.0,Trivia
DC HSEMA,BOOKS_AND_REFERENCE,3.8,38,5000,Free,0.0,Everyone,2018-06-18,7.2,Books & Reference
DC Universe Online Map,TOOLS,4.1,1186,50000,Free,0.0,Unrated,2012-02-27,6.4,Tools
DC Public Library,BOOKS_AND_REFERENCE,4.2,20,1000,Free,0.0,Everyone,2015-06-08,3.4,Books & Reference
MARVEL Strike Force,FAMILY,4.3,166312,5000000,Free,0.0,Teen,2018-07-31,91.0,Role Playing
Vote 4 DC,TOOLS,4.1,46,1000,Free,0.0,Everyone,2016-09-21,6.1,Tools
Villains vs Superheroes,FAMILY,4.3,128,10000,Free,0.0,Everyone,2017-09-12,22.0,Puzzle
DC Rider,MAPS_AND_NAVIGATION,3.6,258,50000,Free,0.0,Everyone,2017-12-24,6.9,Maps & Navigation
Power Rangers: Legacy Wars,GAME,4.3,264755,10000000,Free,0.0,Teen,2018-07-17,91.0,Action
MARVEL Future Fight,FAMILY,4.6,2354042,50000000,Free,0.0,Everyone 10+,2018-07-03,72.0,Role Playing
DC Metro Transit - Free,TRAVEL_AND_LOCAL,4.4,6895,500000,Free,0.0,Everyone,2018-05-15,10.0,Travel & Local
DC N COMPANY ENTERTAINMENT RADIO!,FAMILY,5.0,22,100,Free,0.0,Mature 17+,2017-11-02,2.2,Entertainment
Results for DC Lottery,FAMILY,4.4,160,5000,Free,0.0,Everyone,2017-03-11,8.5,Entertainment
FOX 5 DC,NEWS_AND_MAGAZINES,4.5,1440,100000,Free,0.0,Everyone,2018-03-29,12.0,News & Magazines
Driver Permit Test Prep DC DMV Driver's License Ed,FAMILY,4.7,78,5000,Free,0.0,Everyone,2017-10-12,11.0,Education
DC-014,PHOTOGRAPHY,5.0,3,500,Free,0.0,Everyone,2018-06-14,16.0,Photography
DC Metro,MAPS_AND_NAVIGATION,3.4,59,10000,Free,0.0,Everyone,2015-01-26,1.3,Maps & Navigation
DC Trails-Hop On Hop Off Tours,TRAVEL_AND_LOCAL,3.1,16,5000,Free,0.0,Everyone,2018-08-01,18.0,Travel & Local
DC Metro Transit,TRAVEL_AND_LOCAL,4.5,339,5000,Paid,2.99,Everyone,2018-05-13,10.0,Travel & Local
AC DC Power Monitor,LIFESTYLE,5.0,1,10,Paid,3.04,Everyone,2016-05-29,1.2,Lifestyle
McClatchy DC Bureau,NEWS_AND_MAGAZINES,4.3,80,5000,Free,0.0,Everyone 10+,2018-06-18,8.7,News & Magazines
AutoScout24 - used car finder,AUTO_AND_VEHICLES,4.4,186648,10000000,Free,0.0,Everyone,2018-08-02,42.0,Auto & Vehicles
WEB.DE Mail,COMMUNICATION,4.3,226541,10000000,Free,0.0,Everyone,2018-07-25,,Communication
wetter.com - Weather and Radar,WEATHER,4.2,189310,10000000,Free,0.0,Everyone,2018-08-06,38.0,Weather
Your Freedom VPN Client,COMMUNICATION,4.0,74497,5000000,Free,0.0,Everyone,2018-05-19,5.3,Communication
Dictionary,BOOKS_AND_REFERENCE,4.5,264260,10000000,Free,0.0,Everyone,2018-06-22,,Books & Reference
Bokeh (Background defocus),PHOTOGRAPHY,4.0,50109,10000000,Free,0.0,Everyone,2018-06-07,,Photography
Speed Camera Radar,MAPS_AND_NAVIGATION,4.1,54034,5000000,Free,0.0,Teen,2018-05-30,5.8,Maps & Navigation
WDAMAGE: Car Crash Engine,GAME,3.8,47386,1000000,Free,0.0,Everyone,2018-06-06,96.0,Racing
Babbel – Learn Languages,FAMILY,4.3,267787,10000000,Free,0.0,Everyone,2018-07-30,21.0,Education
Coloring Book for Me & Mandala,FAMILY,4.6,401211,10000000,Free,0.0,Everyone,2018-07-18,,Entertainment
APUS File Manager (Explorer),TOOLS,4.1,498894,50000000,Free,0.0,Everyone,2018-08-02,10.0,Tools
Offroad Police Car DE,FAMILY,4.3,9149,1000000,Free,0.0,Everyone,2017-03-15,80.0,Simulation
Easy Language Translator,TOOLS,4.3,191621,10000000,Free,0.0,Everyone,2018-05-29,6.1,Tools
Word Search multilingual,GAME,4.2,32849,1000000,Free,0.0,Everyone,2015-09-30,1.5,Word
Love Collage - Photo Editor,PHOTOGRAPHY,4.3,251686,10000000,Free,0.0,Everyone,2017-07-28,31.0,Photography
Heavy Bus Simulator,FAMILY,4.4,252006,5000000,Free,0.0,Everyone,2018-03-15,26.0,Simulation
"CallApp: Caller ID, Blocker & Phone Call Recorder",COMMUNICATION,4.4,483782,10000000,Free,0.0,Everyone,2018-07-29,20.0,Communication
Love Fonts for FlipFont,PERSONALIZATION,3.9,28694,1000000,Free,0.0,Everyone,2018-01-14,2.9,Personalization
LINE Camera - Photo editor,PHOTOGRAPHY,4.3,1517395,100000000,Free,0.0,Everyone,2018-03-06,,Photography
Piano Free - Keyboard with Magic Tiles Music Games,GAME,4.5,785622,50000000,Free,0.0,Everyone,2018-06-29,,Music
Racing in Car 2,GAME,4.3,234589,50000000,Free,0.0,Everyone,2016-11-22,38.0,Racing
Escape the Prison Room,FAMILY,3.5,113183,5000000,Free,0.0,Everyone,2017-12-15,36.0,Puzzle
Bike Racing 3D,GAME,4.2,951435,50000000,Free,0.0,Everyone,2018-01-17,14.0,Racing
Satellite Director,TOOLS,4.1,45610,10000000,Free,0.0,Everyone,2018-01-02,0.171875,Tools
Truck Driver Cargo,GAME,4.1,257531,10000000,Free,0.0,Everyone 10+,2018-01-18,44.0,Racing
Anime Love Story Games: ✨Shadowtime✨,FAMILY,4.7,198480,5000000,Free,0.0,Everyone,2018-08-03,82.0,Simulation
Checkers,GAME,4.5,375996,10000000,Free,0.0,Everyone,2018-08-06,3.3,Board
Scratch Logo Quiz. Challenging brain puzzle,GAME,3.3,152102,10000000,Free,0.0,Teen,2018-06-30,18.0,Trivia
Myth Defense 2: DF,FAMILY,4.2,17108,100000,Free,0.0,Everyone,2016-06-23,8.3,Strategy
Google PDF Viewer,PRODUCTIVITY,4.2,226453,10000000,Free,0.0,Everyone,2017-10-09,,Productivity
Myth Defense 2: DF Platinum,FAMILY,4.6,1764,10000,Paid,3.99,Everyone 10+,2016-06-22,8.3,Strategy
DF@realtime,BUSINESS,4.3,24,1000,Free,0.0,Everyone,2017-10-26,8.0,Business
DF Night Selfies,PHOTOGRAPHY,4.3,194,10000,Free,0.0,Everyone,2018-02-15,1.5,Photography
DF Coaching,SPORTS,4.0,1,100,Free,0.0,Everyone,2018-05-24,3.6,Sports
Digital Falak,TOOLS,4.7,3408,50000,Free,0.0,Everyone,2018-05-30,15.0,Tools
The Divine Feminine App: the DF App,LIFESTYLE,5.0,8,1000,Free,0.0,Everyone,2016-05-16,6.7,Lifestyle
DF Glue Board,PARENTING,5.0,1,10,Free,0.0,Everyone,2018-01-19,27.0,Parenting
DF-Server Mobile,PRODUCTIVITY,4.9,17,100,Free,0.0,Everyone,2016-06-07,76.0,Productivity
Red Transporte DF,MAPS_AND_NAVIGATION,4.3,11100,500000,Free,0.0,Everyone,2018-04-28,15.0,Maps & Navigation
Periscope - Live Video,SOCIAL,4.0,479939,10000000,Free,0.0,Mature 17+,2018-07-09,15.0,Social
Droidbug BusyBox Advance PRO,TOOLS,4.5,2,100,Paid,3.99,Everyone,2018-07-19,3.3,Tools
PDF Reader – PDF Editor 2018,TOOLS,4.1,1648,500000,Free,0.0,Everyone,2018-07-31,36.0,Tools
Fix Error Google Playstore,BOOKS_AND_REFERENCE,4.3,18,1000,Free,0.0,Everyone,2017-07-22,5.7,Books & Reference
Citymapper - Transit Navigation,MAPS_AND_NAVIGATION,4.5,65448,5000000,Free,0.0,Everyone,2018-08-02,,Maps & Navigation
"Dollar General - Digital Coupons, Ads And More",SHOPPING,3.9,16678,5000000,Free,0.0,Everyone,2018-07-25,,Shopping
DG Coupon,SHOPPING,3.7,668,100000,Free,0.0,Everyone,2018-07-16,1.1,Shopping
Penny Finder,SHOPPING,4.2,470,10000,Paid,2.99,Everyone,2018-07-17,4.1,Shopping
DG - Digital Coupons - Free Coupon and Discount,SHOPPING,3.6,38,10000,Free,0.0,Everyone,2018-07-01,1.1,Shopping
DG Surveyor,BUSINESS,3.6,5,50,Paid,8.99,Everyone,2018-04-30,6.8,Business
DG Smart life,TOOLS,2.1,14,1000,Free,0.0,Everyone,2017-09-07,28.0,Tools
Krazy Coupon Lady,SHOPPING,4.7,10318,1000000,Free,0.0,Everyone,2018-06-19,32.0,Shopping
DG UPnP Player Free,VIDEO_PLAYERS,3.2,39,10000,Free,0.0,Everyone,2016-03-18,12.0,Video Players & Editors
Penny Puss,TOOLS,3.0,19,1000,Paid,4.99,Everyone,2016-07-09,22.0,Tools
DG Mobile,GAME,4.3,59,1000,Free,0.0,Everyone,2017-04-08,1.4,Board
Go Go Coupons - Free Coupon and Discount,SHOPPING,3.0,4,1000,Free,0.0,Everyone,2018-07-01,1.2,Shopping
ZombieVital DG,FAMILY,4.3,10,100,Paid,12.99,Everyone,2018-08-04,20.0,Simulation
DJ Electro Mix Pad,FAMILY,3.9,53301,10000000,Free,0.0,Everyone,2017-06-16,7.6,Entertainment
DG Screen Recorder,VIDEO_PLAYERS,3.3,12,500,Free,0.0,Everyone,2015-10-20,2.9,Video Players & Editors
DG Report Reminder,PRODUCTIVITY,4.3,195,10000,Free,0.0,Everyone,2018-02-06,,Productivity
DG Video Editor,VIDEO_PLAYERS,4.0,486,10000,Free,0.0,Everyone,2016-09-06,2.5,Video Players & Editors
The DG Buddy,BUSINESS,3.7,3,10,Paid,2.49,Everyone,2014-06-30,11.0,Business
Roland DG Mobile Panel,TOOLS,2.8,27,1000,Free,0.0,Everyone,2018-02-20,34.0,Tools
Destroy Gunners Σ,GAME,4.4,10786,1000000,Free,0.0,Everyone,2017-01-14,21.0,Arcade
DG-App,TOOLS,5.0,1,500,Free,0.0,Everyone,2017-11-29,4.5,Tools
Can I pack that? - DG App,TRAVEL_AND_LOCAL,3.9,58,10000,Free,0.0,Everyone,2016-10-28,22.0,Travel & Local
DG Phone Call Task Switcher,PRODUCTIVITY,4.2,43,1000,Free,0.0,Everyone,2015-06-09,0.033203125,Productivity
DG Fitness,HEALTH_AND_FITNESS,4.8,6,100,Free,0.0,Everyone,2018-03-23,14.0,Health & Fitness
Sharaf DG,SHOPPING,4.0,7006,500000,Free,0.0,Everyone,2018-05-12,12.0,Shopping
Coupon Mob - Discount Coupons,SHOPPING,3.0,2,100,Free,0.0,Everyone,2018-05-30,1.3,Shopping
DG Users,PRODUCTIVITY,4.5,8,100,Free,0.0,Everyone,2018-06-07,3.1,Productivity
DG Cars,TRAVEL_AND_LOCAL,2.6,122,10000,Free,0.0,Everyone,2018-06-08,11.0,Travel & Local
Free coupons and vouchers,FINANCE,5.0,4,100,Free,0.0,Everyone,2018-07-28,5.9,Finance
DG OFF - 100% Free Coupons & Deals,SHOPPING,5.0,1,10,Free,0.0,Everyone,2018-07-11,1.1,Shopping
Digoo·Cloud,TOOLS,4.1,543,10000,Free,0.0,Everyone,2018-06-05,26.0,Tools
DG ग्राम / Digital Gram Panchayat,NEWS_AND_MAGAZINES,4.5,53,10000,Free,0.0,Teen,2018-06-19,5.9,News & Magazines
DG TV,NEWS_AND_MAGAZINES,5.0,3,100,Free,0.0,Everyone,2018-05-26,5.7,News & Magazines
Daily Horoscope,LIFESTYLE,4.7,407589,10000000,Free,0.0,Everyone,2018-07-20,,Lifestyle
DHgate-Shop Wholesale Prices,SHOPPING,4.5,104068,5000000,Free,0.0,Teen,2018-08-01,37.0,Shopping
DH Texas Poker - Texas Hold'em,GAME,4.4,562345,10000000,Free,0.0,Teen,2018-07-23,,Casino
DEER HUNTER CLASSIC,GAME,4.4,3941129,50000000,Free,0.0,Teen,2018-07-16,77.0,Action
DEER HUNTER RELOADED,GAME,4.3,314774,5000000,Free,0.0,Teen,2013-09-16,43.0,Action
DH Pineapple Poker OFC,GAME,4.2,1878,100000,Free,0.0,Teen,2017-11-09,20.0,Casino
DH UFO,FAMILY,3.0,4,1000,Free,0.0,Everyone,2017-06-08,8.0,Entertainment
Galaxy Defense,FAMILY,4.1,78142,5000000,Free,0.0,Everyone,2015-08-22,17.0,Strategy
Call of Mini™ Dino Hunter,GAME,4.2,326042,10000000,Free,0.0,Teen,2014-06-06,10.0,Action
Castle Defense 2,FAMILY,4.2,35172,1000000,Free,0.0,Teen,2017-01-20,34.0,Strategy
Dungeon Rush,FAMILY,4.0,28633,1000000,Free,0.0,Everyone 10+,2016-12-23,81.0,Role Playing
Bike Mayhem Free,GAME,4.3,331692,10000000,Free,0.0,Everyone,2018-03-27,,Racing
Treasure Defense,FAMILY,4.1,3527,100000,Free,0.0,Teen,2015-09-08,35.0,Strategy
Car Crash III Beam DH Real Damage Simulator 2018,GAME,3.6,151,10000,Free,0.0,Everyone,2018-05-20,100.0,Racing
The Lost Lands:DH Lite,FAMILY,4.3,1130,50000,Free,0.0,Teen,2015-04-03,48.0,Simulation
DH-UFO,FAMILY,5.0,1,100,Free,0.0,Everyone,2018-05-24,59.0,Entertainment
Dungeon Hunter Champions: Epic Online Action RPG,FAMILY,4.2,26307,1000000,Free,0.0,Teen,2018-07-26,,Role Playing
Daddyhunt: Gay Dating,SOCIAL,3.9,6450,500000,Free,0.0,Mature 17+,2018-01-22,14.0,Social
Tiny Defense,FAMILY,4.1,29387,1000000,Free,0.0,Everyone,2015-08-22,16.0,Strategy
Toys Defense: Horror Land,FAMILY,3.8,168,10000,Free,0.0,Everyone,2017-03-01,24.0,Strategy
D-H Pharmacy,LIFESTYLE,5.0,6,1000,Free,0.0,Everyone,2016-05-04,2.3,Lifestyle
DEER HUNTER CHALLENGE,GAME,3.7,38767,5000000,Free,0.0,Everyone 10+,2011-04-11,4.1,Action
Kingdom in Chaos,FAMILY,4.3,5623,100000,Free,0.0,Everyone 10+,2015-12-21,28.0,Role Playing
Desperate Housewives: The Game,FAMILY,4.2,10440,500000,Free,0.0,Teen,2018-08-06,27.0,Role Playing
Dinosaur War,FAMILY,4.3,157997,10000000,Free,0.0,Everyone,2016-08-04,27.0,Simulation
DH News,NEWS_AND_MAGAZINES,2.5,81,10000,Free,0.0,Mature 17+,2017-11-27,6.7,News & Magazines
Bike Unchained,SPORTS,4.3,83545,5000000,Free,0.0,Everyone,2018-07-31,23.0,Sports
"Red Bull TV: Live Sports, Music & Entertainment",FAMILY,4.4,42069,1000000,Free,0.0,Teen,2018-08-03,,Entertainment
Bike 3D Configurator,SPORTS,4.3,34062,1000000,Free,0.0,Everyone,2018-04-03,85.0,Sports
Castle Defense : Invasion,FAMILY,4.2,1484,100000,Free,0.0,Everyone,2018-07-15,41.0,Strategy
Defender,GAME,4.6,152395,10000000,Free,0.0,Everyone 10+,2016-07-22,14.0,Action
Avenger Legends,FAMILY,4.0,3715,100000,Free,0.0,Everyone,2017-07-13,94.0,Role Playing
DrivingTest,FAMILY,2.9,975,100000,Free,0.0,Everyone,2017-02-27,45.0,Simulation
Texas HoldEm Poker Deluxe,GAME,4.5,396090,10000000,Free,0.0,Teen,2018-05-30,26.0,Casino
Idle Heroes,FAMILY,4.7,417197,10000000,Free,0.0,Everyone 10+,2018-05-30,99.0,Role Playing
Wallpapers DH 4K,PERSONALIZATION,3.8,23,1000,Free,0.0,Everyone,2018-07-16,5.9,Personalization
Deck Heroes: Legacy,GAME,4.7,466495,10000000,Free,0.0,Teen,2018-07-16,52.0,Card
Shred! Downhill Mountainbiking,GAME,3.9,41683,1000000,Free,0.0,Everyone,2017-02-02,63.0,Arcade
Pocket Heroes,FAMILY,4.5,96658,1000000,Free,0.0,Everyone 10+,2015-09-05,26.0,Role Playing
Duolingo: Learn Languages Free,FAMILY,4.7,6297590,100000000,Free,0.0,Everyone,2018-08-06,,Education
"Free phone calls, free texting SMS on free number",SOCIAL,4.5,412888,10000000,Free,0.0,Everyone,2018-07-31,35.0,Social
DiskDigger photo recovery,TOOLS,4.2,227798,50000000,Free,0.0,Everyone,2018-08-06,,Tools
Phone Tracker : Family Locator,SOCIAL,4.3,231446,10000000,Free,0.0,Everyone,2018-08-02,5.4,Social
Meme Generator Free,FAMILY,4.4,303394,10000000,Free,0.0,Mature 17+,2018-08-03,53.0,Entertainment
Stop Smoking - EasyQuit free,HEALTH_AND_FITNESS,4.8,39068,500000,Free,0.0,Everyone,2018-07-07,4.0,Health & Fitness
FIFA Soccer,SPORTS,4.2,3909032,100000000,Free,0.0,Everyone,2018-07-31,51.0,Sports
My Photo Keyboard,PHOTOGRAPHY,4.1,211620,10000000,Free,0.0,Everyone,2018-03-29,20.0,Photography
Archery Physics Objects Destruction Apple shooter,GAME,4.5,6026,100000,Free,0.0,Teen,2018-07-07,39.0,Action
Story Saver for Instagram,PHOTOGRAPHY,4.5,41331,5000000,Free,0.0,Everyone,2018-07-31,5.0,Photography
Cameringo+ Filters Camera,PHOTOGRAPHY,4.6,28107,500000,Paid,2.99,Everyone,2018-06-11,5.7,Photography
Whoscall - Caller ID & Block,COMMUNICATION,4.4,552635,10000000,Free,0.0,Everyone,2018-08-01,29.0,Communication
Cooking in the Kitchen,FAMILY,4.1,217736,10000000,Free,0.0,Everyone,2018-08-02,87.0,Casual
Automatic Call Recorder,TOOLS,4.3,1648515,100000000,Free,0.0,Everyone,2018-08-02,7.1,Tools
Fancy Pants Adventures,GAME,4.7,55952,1000000,Free,0.0,Everyone 10+,2017-07-13,61.0,Arcade
Boomerang from Instagram,PHOTOGRAPHY,4.4,928720,50000000,Free,0.0,Everyone,2018-07-16,,Photography
Shopee: No.1 Belanja Online,SHOPPING,4.2,609186,10000000,Free,0.0,Everyone,2018-07-23,30.0,Shopping
Lep's World 3 🍀🍀🍀,GAME,4.3,771001,50000000,Free,0.0,Everyone 10+,2018-06-11,52.0,Action
Robbery Bob,GAME,4.5,617732,10000000,Free,0.0,Everyone 10+,2018-07-29,44.0,Action
Google Sheets,PRODUCTIVITY,4.3,496397,100000000,Free,0.0,Everyone,2018-08-06,,Productivity
Video Downloader - for Instagram Repost App,VIDEO_PLAYERS,4.8,332623,10000000,Free,0.0,Everyone,2018-07-27,4.6,Video Players & Editors
Nyan Cat: Lost In Space,GAME,4.5,371318,10000000,Free,0.0,Everyone 10+,2018-06-08,90.0,Arcade
HOLLA Live: Meet New People via Random Video Chat,SOCIAL,4.6,216513,5000000,Free,0.0,Mature 17+,2018-08-06,,Social
"Quik – Free Video Editor for photos, clips, music",VIDEO_PLAYERS,4.7,696665,10000000,Free,0.0,Everyone,2018-07-05,91.0,Video Players & Editors
Euro Truck Driver (Simulator),FAMILY,4.4,860078,10000000,Free,0.0,Everyone,2018-02-15,30.0,Simulation
DJ Mix Effects Simulator,FAMILY,4.1,5997,1000000,Free,0.0,Everyone,2018-01-26,20.0,Simulation
3D DJ – Music Mixer with Virtual DJ,FAMILY,4.3,796,100000,Free,0.0,Everyone,2018-07-03,28.0,Entertainment
Virtual DJ Mixer,TOOLS,4.2,2013,100000,Free,0.0,Everyone,2017-05-18,16.0,Tools
Mix Virtual DJ 2018,TOOLS,4.2,2925,100000,Free,0.0,Everyone,2017-11-23,16.0,Tools
Resources For Virtual DJ,FAMILY,3.6,21095,1000000,Free,0.0,Everyone,2016-12-16,7.9,Entertainment
DK 15 Minute Language Course,FAMILY,2.8,21,1000,Free,0.0,Everyone,2018-04-06,57.0,Education
DK Readers,FAMILY,3.9,30,1000,Free,0.0,Everyone,2014-07-02,16.0,Education
Eyewitness Travel Phrase Book,FAMILY,3.8,10,1000,Free,0.0,Everyone,2017-07-28,25.0,Education
DK Quiz,GAME,4.4,1628,50000,Free,0.0,Everyone,2014-04-10,34.0,Trivia
DK Virtual Reality,FAMILY,3.7,42,1000,Free,0.0,Everyone,2018-03-13,29.0,Books & Reference
Bilingual Dictionary Audio App,BOOKS_AND_REFERENCE,2.7,68,5000,Free,0.0,Everyone,2018-05-02,87.0,Books & Reference
Super DK vs Kong Brother Advanced Free Classic,GAME,3.8,66,10000,Free,0.0,Everyone,2018-07-17,38.0,Arcade
English for Everyone,FAMILY,3.2,429,10000,Free,0.0,Everyone,2018-07-06,18.0,Education
DK Live - Sports Play by Play,SPORTS,3.9,255,100000,Free,0.0,Everyone,2018-05-22,19.0,Sports
DK Eyewitness Audio Walks,TRAVEL_AND_LOCAL,2.3,9,1000,Free,0.0,Everyone,2018-04-06,70.0,Travel & Local
DK Pittsburgh Sports,SPORTS,4.1,556,10000,Free,0.0,Everyone,2018-07-26,3.3,Sports
LineStar For DK,SPORTS,4.3,1387,50000,Free,0.0,Everyone,2018-06-06,14.0,Sports
Visuelles Wörterbuch Audio-App,FAMILY,3.1,192,10000,Free,0.0,Everyone,2017-07-07,66.0,Education
Fodbold DK Pro,SPORTS,4.6,315,1000,Paid,2.99,Everyone,2018-06-06,4.3,Sports
10 Minutes a Day Times Tables,FAMILY,4.1,681,100000,Free,0.0,Everyone,2014-07-03,48.0,Education
dk Verk,BUSINESS,4.4,9,500,Free,0.0,Everyone,2018-03-14,31.0,Business
e-Boks.dk,PRODUCTIVITY,3.2,6752,1000000,Free,0.0,Everyone,2018-03-21,3.3,Productivity
Account Class-11 Solutions (D K Goel),FAMILY,4.5,663,50000,Free,0.0,Everyone,2018-02-09,25.0,Education
Dating.dk,SOCIAL,3.7,2111,100000,Free,0.0,Mature 17+,2018-08-06,11.0,Social
Account Class-12 Solutions (D K Goel) Vol-1,FAMILY,4.4,708,50000,Free,0.0,Everyone,2018-02-12,33.0,Education
Salah Widget (DK+Malmo),LIFESTYLE,4.5,532,10000,Free,0.0,Everyone,2015-06-28,6.4,Lifestyle
PK and DK Audio App,FAMILY,5.0,2,100,Free,0.0,Everyone,2017-10-25,3.9,Entertainment
dk,FAMILY,4.8,5,10,Free,0.0,Everyone,2017-09-18,1.5,Education
Account Class-12 Solutions (D K Goel) Vol-2,FAMILY,4.6,124,10000,Free,0.0,Everyone,2018-04-17,23.0,Education
DK Browser,COMMUNICATION,4.0,1,10,Free,0.0,Everyone,2017-04-25,2.4,Communication
Discovery K!ds Play!,FAMILY,4.1,19388,1000000,Free,0.0,Everyone,2018-05-03,35.0,Entertainment
Transport DK,MAPS_AND_NAVIGATION,4.1,204,10000,Free,0.0,Everyone,2017-05-29,11.0,Maps & Navigation
DK Murali,SOCIAL,4.8,65,500,Free,0.0,Teen,2017-02-25,7.1,Social
GirlTalk.dk,SOCIAL,4.3,3,100,Free,0.0,Teen,2017-09-22,5.3,Social
NY mobilbank DK - Danske Bank,FINANCE,2.8,851,100000,Free,0.0,Everyone,2018-06-26,30.0,Finance
Advanced Download Manager Pro,TOOLS,4.7,6505,50000,Paid,2.99,Everyone,2017-11-03,2.0,Tools
Advanced Download Manager,TOOLS,4.5,569727,10000000,Free,0.0,Everyone,2017-11-03,,Tools
GetThemAll Any File Downloader,TOOLS,4.2,91186,5000000,Free,0.0,Everyone,2018-05-22,6.3,Tools
Downloader & Private Browser,TOOLS,4.3,1072565,50000000,Free,0.0,Everyone,2018-07-25,,Tools
Download All Files,TOOLS,3.8,120494,10000000,Free,0.0,Everyone,2018-06-13,2.3,Tools
Download Manager Pro FREE,PRODUCTIVITY,3.8,637,100000,Free,0.0,Everyone,2017-10-31,7.2,Productivity
Download Accelerator Plus,TOOLS,4.2,43677,1000000,Free,0.0,Everyone,2017-08-30,,Tools
Download Manager,TOOLS,3.8,79132,10000000,Free,0.0,Everyone,2018-01-03,2.2,Tools
Download Video Free,FAMILY,4.0,39682,1000000,Free,0.0,Everyone,2018-04-03,6.2,Entertainment
Fast Download Manager,TOOLS,4.0,18478,1000000,Free,0.0,Everyone,2018-08-04,1.7,Tools
DL Hughley,FAMILY,4.6,12,1000,Free,0.0,Mature 17+,2018-03-23,10.0,Entertainment
Turbo Download Manager (and Browser),TOOLS,4.0,32879,5000000,Free,0.0,Everyone,2018-08-04,3.2,Tools
D.L. Evans Bank Mobile Banking,FINANCE,4.3,85,10000,Free,0.0,Everyone,2018-05-02,30.0,Finance
The DL Hughley Show,FAMILY,4.3,23,5000,Free,0.0,Everyone,2018-05-29,11.0,Entertainment
Download Blazer,TOOLS,3.9,34612,5000000,Free,0.0,Everyone,2018-06-12,2.4,Tools
DL Image Manager,PRODUCTIVITY,5.0,2,10,Paid,0.99,Everyone,2018-07-29,1.7,Productivity
Download Manager For Android Free,TOOLS,4.0,593,100000,Free,0.0,Everyone,2018-04-12,3.3,Tools
FrostWire: Torrent Downloader & Music Player,VIDEO_PLAYERS,4.1,253207,10000000,Free,0.0,Everyone,2018-08-02,13.0,Video Players & Editors
Turbo Downloader,TOOLS,3.9,23348,5000000,Free,0.0,Everyone,2018-07-04,3.2,Tools
Trimble DL,PRODUCTIVITY,4.2,133,10000,Free,0.0,Everyone,2018-01-12,7.9,Productivity
Insave-Download for Instagram,PHOTOGRAPHY,4.3,46242,1000000,Free,0.0,Everyone,2016-09-20,5.2,Photography
+Download 4 Instagram Twitter,SOCIAL,4.5,40467,1000000,Free,0.0,Everyone,2018-08-02,22.0,Social
Advanced Download Manager Holo,TOOLS,4.4,16192,1000000,Free,0.0,Everyone,2016-07-13,1.6,Tools
G-Download Manager,TOOLS,4.1,802,50000,Free,0.0,Everyone,2018-05-24,9.4,Tools
Video Downloader,VIDEO_PLAYERS,4.2,58981,10000000,Free,0.0,Everyone,2018-08-03,5.4,Video Players & Editors
DL Calculator,SPORTS,4.5,177,10000,Free,0.0,Everyone,2015-09-17,1.1,Sports
Inst Download - Video & Photo,VIDEO_PLAYERS,4.6,148715,10000000,Free,0.0,Everyone,2017-12-20,3.3,Video Players & Editors
Vuze Torrent Downloader,VIDEO_PLAYERS,4.1,24565,1000000,Free,0.0,Everyone,2016-03-04,5.5,Video Players & Editors
IDM Internet Download Manager,PRODUCTIVITY,3.9,1322,100000,Free,0.0,Everyone,2016-10-25,4.2,Productivity
TorrDroid - Torrent Downloader,TOOLS,4.7,59632,1000000,Free,0.0,Everyone,2018-04-03,10.0,Tools
Download Manager - File & Video,TOOLS,3.9,8780,1000000,Free,0.0,Everyone,2018-06-13,5.0,Tools
AndStream - Streaming Download,VIDEO_PLAYERS,4.3,38607,1000000,Free,0.0,Everyone,2017-03-19,2.9,Video Players & Editors
DM Me - Chat,SOCIAL,2.9,90,10000,Free,0.0,Mature 17+,2018-07-09,30.0,Social
DM Screen,BOOKS_AND_REFERENCE,4.4,283,10000,Free,0.0,Everyone 10+,2018-01-12,5.4,Books & Reference
DM for IG 😘 - Image & Video Saver for Instagram,SOCIAL,3.7,55,5000,Free,0.0,Teen,2018-03-03,3.7,Social
DM for WhatsApp,COMMUNICATION,4.4,25,5000,Free,0.0,Everyone,2018-06-03,2.9,Communication
Fifth Edition DM Tools,FAMILY,4.1,942,100000,Free,0.0,Everyone,2017-01-19,3.0,Role Playing
DM airdisk,TOOLS,2.8,11,1000,Free,0.0,Everyone,2016-08-05,11.0,Tools
Diabetes mellitus (DM) from zero to hero,MEDICAL,4.9,18,1000,Free,0.0,Everyone,2018-01-17,3.0,Medical
Auto DM for Twitter 🔥,SOCIAL,3.4,44,1000,Free,0.0,Teen,2018-05-21,6.3,Social
DM HiDisk,TOOLS,2.8,54,5000,Free,0.0,Everyone,2018-06-07,20.0,Tools
DM EVOLUTION,GAME,2.5,450,10000,Free,0.0,Everyone,2018-07-23,97.0,Card
Daily DM,PERSONALIZATION,4.7,51,1000,Free,0.0,Everyone,2013-10-04,0.2529296875,Personalization
Dungeons and Dragons DM Tools,BOOKS_AND_REFERENCE,3.1,50,1000,Paid,1.99,Everyone,2017-02-22,4.9,Books & Reference
DM airdisk Pro,TOOLS,3.2,11,1000,Free,0.0,Everyone,2017-09-20,36.0,Tools
Convert Coordinates DM to DMS,MAPS_AND_NAVIGATION,4.3,15,5000,Free,0.0,Everyone,2013-02-03,0.16015625,Maps & Navigation
DM security - Dragon Mobile,TOOLS,3.9,27,1000,Free,0.0,Everyone,2017-04-26,3.0,Tools
DM 24/7,TOOLS,3.6,7,1000,Free,0.0,Everyone,2018-08-01,16.0,Tools
DM Storage (for twitter),SOCIAL,3.2,6,100,Free,0.0,Everyone,2014-11-26,0.447265625,Social
DM Tracker,COMMUNICATION,3.5,11,1000,Free,0.0,Everyone,2018-07-26,5.2,Communication
DM Tuning,SPORTS,3.3,64,5000,Free,0.0,Everyone,2018-04-04,5.7,Sports
Aster DM Healthcare,MEDICAL,2.4,32,5000,Free,0.0,Everyone,2017-11-21,8.5,Medical
Fake Chat (Direct Message),SOCIAL,4.4,5985,500000,Free,0.0,Everyone,2017-07-06,5.9,Social
Interactive NPC DM Tool,FAMILY,2.8,5,50,Paid,0.99,Everyone,2015-01-31,0.6142578125,Role Playing
DM Buddy » Learn Digital Marketing,FAMILY,5.0,3,500,Free,0.0,Everyone,2017-07-11,1.7,Education
Basketball Dynasty Manager 16,SPORTS,4.4,426,5000,Paid,1.99,Everyone,2016-06-01,21.0,Sports
Disciple Maker’s (DM) Lab,FAMILY,5.0,3,100,Free,0.0,Everyone,2018-08-01,4.0,Education
DN,NEWS_AND_MAGAZINES,3.3,78,10000,Free,0.0,Everyone,2018-07-02,17.0,News & Magazines
DN eAvis,NEWS_AND_MAGAZINES,2.9,61,10000,Free,0.0,Everyone,2017-02-01,4.1,News & Magazines
DN Sync,NEWS_AND_MAGAZINES,4.1,56,1000,Free,0.0,Everyone 10+,2016-06-13,0.02734375,News & Magazines
DN Reader,NEWS_AND_MAGAZINES,4.6,18,100,Free,0.0,Everyone,2014-03-13,1.8,News & Magazines
e-DN - den digitala tidningen från Dagens Nyheter,NEWS_AND_MAGAZINES,2.2,160,50000,Free,0.0,Everyone 10+,2018-05-24,32.0,News & Magazines
MultiPicture Live Wallpaper dn,PERSONALIZATION,4.3,505,10000,Paid,1.99,Everyone,2013-02-10,0.28125,Personalization
DN Blog,SOCIAL,5.0,20,10,Free,0.0,Teen,2018-07-23,4.2,Social
Dagens Nyheter,NEWS_AND_MAGAZINES,2.5,2055,100000,Free,0.0,Everyone,2018-07-04,17.0,News & Magazines
DN.VR,NEWS_AND_MAGAZINES,3.0,29,5000,Free,0.0,Everyone 10+,2018-05-23,37.0,News & Magazines
DN - Diário de Notícias,NEWS_AND_MAGAZINES,3.7,794,100000,Free,0.0,Everyone,2018-07-26,15.0,News & Magazines
DN Employee,FAMILY,5.0,1,10,Free,0.0,Everyone,2018-06-25,3.8,Education
DN Calculators,FINANCE,5.0,12,100,Free,0.0,Everyone,2013-09-05,0.7568359375,Finance
Writing Wizard Premium - Handwriting,FAMILY,4.1,89,5000,Paid,4.49,Everyone,2017-12-03,33.0,Education
Sverige Tidningar,NEWS_AND_MAGAZINES,4.1,905,50000,Free,0.0,Everyone,2018-07-30,4.0,News & Magazines
Svenska Dagbladet,NEWS_AND_MAGAZINES,2.6,820,100000,Free,0.0,Everyone,2018-02-13,,News & Magazines
Dragon Nest M,FAMILY,4.6,11872,100000,Free,0.0,Teen,2018-07-17,62.0,Role Playing
Downtown Mafia: Gang Wars (Mobster Game) Free,FAMILY,4.5,69013,1000000,Free,0.0,Teen,2017-09-02,,Role Playing
Guardian Hunter: SuperBrawlRPG,FAMILY,4.5,364013,1000000,Free,0.0,Everyone 10+,2018-08-06,27.0,Role Playing
ES Remote,FAMILY,3.3,707,100000,Free,0.0,Everyone,2014-11-20,15.0,Entertainment
Destiny Ninja Shall we date otome games love story,GAME,4.4,13079,500000,Free,0.0,Everyone 10+,2018-04-20,30.0,Adventure
Day Night Live Wallpaper (All),PERSONALIZATION,4.7,4856,50000,Paid,2.49,Everyone,2018-01-31,18.0,Personalization
CritDice - Dice Roller,FAMILY,4.7,2910,50000,Free,0.0,Everyone,2016-10-30,5.3,Entertainment
Cursive Writing Wizard - Handwriting,FAMILY,4.0,3745,1000000,Free,0.0,Everyone,2017-12-03,31.0,Education
Free Poker Games : Downtown Casino - Texas Holdem,GAME,4.5,2032,50000,Free,0.0,Teen,2018-06-05,50.0,Card
WFVS 2018 | WhatApp Full Video Status & Downloader,PRODUCTIVITY,4.3,596,50000,Free,0.0,Everyone,2018-07-04,22.0,Productivity
Maher EL Mouaikly - Offline,FAMILY,4.6,166,10000,Free,0.0,Everyone,2017-05-24,2.6,Entertainment
Darkness Rises,FAMILY,4.7,456474,5000000,Free,0.0,Teen,2018-07-24,86.0,Role Playing
NARUTO X BORUTO NINJA VOLTAGE,GAME,4.4,267395,5000000,Free,0.0,Everyone 10+,2018-07-19,71.0,Action
Sword Art Online: Integral Factor,FAMILY,4.0,45359,1000000,Free,0.0,Everyone 10+,2018-07-26,32.0,Role Playing
Mahalaxmi Dindarshika 2018,PRODUCTIVITY,4.2,25427,1000000,Free,0.0,Everyone,2018-01-05,9.2,Productivity
Google Docs,PRODUCTIVITY,4.3,815974,100000000,Free,0.0,Everyone,2018-08-06,,Productivity
"Microsoft To-Do: List, Task & Reminder",PRODUCTIVITY,4.1,14432,1000000,Free,0.0,Everyone,2018-07-31,16.0,Productivity
"Any.do: To-do list, Calendar, Reminders & Planner",PRODUCTIVITY,4.5,298854,10000000,Free,0.0,Everyone,2018-08-05,,Productivity
PDF Reader - Scan、Edit & Share,BUSINESS,4.3,54520,10000000,Free,0.0,Everyone,2018-07-30,,Business
Notepad & To do list,PRODUCTIVITY,4.3,226295,10000000,Free,0.0,Everyone,2018-06-06,4.2,Productivity
To Do List,PRODUCTIVITY,4.7,253155,5000000,Free,0.0,Everyone,2018-03-19,3.5,Productivity
File Viewer for Android,TOOLS,4.1,7063,1000000,Free,0.0,Everyone,2018-01-25,,Tools
"Polaris Office - Word, Docs, Sheets, Slide, PDF",PRODUCTIVITY,4.3,549900,10000000,Free,0.0,Everyone,2018-07-18,60.0,Productivity
Google Keep,PRODUCTIVITY,4.4,691474,100000000,Free,0.0,Everyone,2018-08-06,,Productivity
do,FAMILY,3.1,1073,100000,Free,0.0,Everyone,2016-06-08,5.9,Strategy
Does not Commute,GAME,4.0,154108,5000000,Free,0.0,Everyone,2015-10-13,78.0,Racing
Do It Later: Tasks & To-Dos,PRODUCTIVITY,4.5,123412,50000000,Free,0.0,Everyone,2018-04-13,,Productivity
Todoist: To-do lists for task management & errands,PRODUCTIVITY,4.5,155998,10000000,Free,0.0,Everyone,2018-08-05,12.0,Productivity
To Do Reminder with Alarm,PRODUCTIVITY,4.4,72161,1000000,Free,0.0,Everyone,2018-03-21,4.9,Productivity
To-Do Calendar Planner,PRODUCTIVITY,4.2,30291,1000000,Free,0.0,Everyone,2018-05-29,,Productivity
Wunderlist: To-Do List & Tasks,PRODUCTIVITY,4.6,404610,10000000,Free,0.0,Everyone,2018-04-06,,Productivity
wikiHow: how to do anything,BOOKS_AND_REFERENCE,4.4,43088,1000000,Free,0.0,Teen,2017-04-19,3.0,Books & Reference
"Ike - To-Do List, Task List",PRODUCTIVITY,4.6,6320,100000,Free,0.0,Everyone,2016-12-10,6.3,Productivity
Kung Fu Do Fighting,GAME,4.0,271214,10000000,Free,0.0,Teen,2018-07-25,,Arcade
"My Effectiveness: To do, Tasks",PRODUCTIVITY,4.6,14089,500000,Free,0.0,Everyone,2018-08-05,8.4,Productivity
Do it (Tomorrow),PRODUCTIVITY,4.3,26452,1000000,Free,0.0,Everyone,2014-11-03,4.0,Productivity
Do Not Disturb,PRODUCTIVITY,4.3,6120,100000,Free,0.0,Everyone,2017-11-22,1.9,Productivity
To-Do List Widget,PRODUCTIVITY,3.9,7801,1000000,Free,0.0,Everyone,2013-09-28,0.1962890625,Productivity
NoteToDo. Notes. To do list,PRODUCTIVITY,4.5,57449,1000000,Free,0.0,Everyone,2018-08-04,5.0,Productivity
"Memory Helper - To do list, Notepad, Notes, Memo",PRODUCTIVITY,4.7,7566,500000,Free,0.0,Everyone,2018-07-21,4.0,Productivity
"2Do - Reminders, To-do List & Notes",PRODUCTIVITY,4.3,4649,100000,Free,0.0,Everyone,2018-06-19,30.0,Productivity
"TickTick: To Do List with Reminder, Day Planner",PRODUCTIVITY,4.6,25370,1000000,Free,0.0,Everyone,2018-08-06,,Productivity
"Notes : Colorful Notepad Note,To Do,Reminder,Memo",LIFESTYLE,4.6,10484,1000000,Free,0.0,Everyone,2018-06-09,9.0,Lifestyle
"Time Planner - Schedule, To-Do List, Time Tracker",PRODUCTIVITY,4.2,2537,500000,Free,0.0,Everyone,2018-01-10,8.5,Productivity
MyLifeOrganized: To-Do List,PRODUCTIVITY,4.3,4441,100000,Free,0.0,Everyone,2018-06-18,,Productivity
ColorNote Notepad Notes,PRODUCTIVITY,4.6,2401017,100000000,Free,0.0,Everyone,2018-06-27,,Productivity
Cal - Google Calendar + Widget,PRODUCTIVITY,4.2,86172,1000000,Free,0.0,Everyone,2016-02-01,13.0,Productivity
"Clean My House – Chore To Do List, Task Scheduler",PRODUCTIVITY,4.1,661,100000,Free,0.0,Everyone,2018-06-21,3.4,Productivity
"Goal Meter: Goal Tracker, Habit Changer,To-Do List",PRODUCTIVITY,4.6,7969,100000,Free,0.0,Everyone,2018-02-06,20.0,Productivity
To-do list,PRODUCTIVITY,4.4,688,50000,Free,0.0,Everyone,2018-07-17,4.4,Productivity
Do Not Crash,FAMILY,3.7,56664,1000000,Free,0.0,Everyone,2015-02-05,8.3,Casual
Do I Snore or Grind,MEDICAL,4.4,2295,100000,Free,0.0,Everyone,2018-07-09,19.0,Medical
How well do you know me?,GAME,3.9,1290,100000,Free,0.0,Everyone,2018-07-26,6.4,Word
EasyNote Notepad | To Do List,TOOLS,4.3,15618,1000000,Free,0.0,Everyone,2017-11-27,2.4,Tools
Apex Launcher,PERSONALIZATION,4.3,266434,10000000,Free,0.0,Everyone,2018-08-04,,Personalization
Adobe Fill & Sign: Easy PDF Form Filler,PRODUCTIVITY,4.3,11402,1000000,Free,0.0,Everyone,2017-11-07,5.3,Productivity
DO YOU KNOW THE WAY Soundboard,FAMILY,4.5,1007,100000,Free,0.0,Everyone,2018-07-01,5.2,Entertainment
Dude Perfect 2,GAME,4.5,401648,10000000,Free,0.0,Everyone,2017-04-12,70.0,Action
Endless Ducker,GAME,4.5,8193,500000,Free,0.0,Everyone,2016-09-16,41.0,Arcade
Dude Perfect,SPORTS,4.5,97,10000,Free,0.0,Everyone,2017-06-28,1.9,Sports
that's lit,GAME,4.7,1115,100000,Free,0.0,Everyone,2017-07-07,39.0,Arcade
All Type DP,FAMILY,4.3,1853,500000,Free,0.0,Everyone,2018-05-10,5.8,Entertainment
Dp For WhatsApp,PERSONALIZATION,4.4,1623,1000000,Free,0.0,Mature 17+,2018-06-23,11.0,Personalization
DP and Status for WhatsApp 2018,SOCIAL,4.5,787,100000,Free,0.0,Everyone,2018-02-17,6.9,Social
DP Editor,PHOTOGRAPHY,4.3,18,5000,Free,0.0,Teen,2018-08-04,15.0,Photography
DP & Status,FAMILY,4.3,1922,500000,Free,0.0,Everyone,2018-01-09,4.7,Entertainment
Dp for girls,ART_AND_DESIGN,4.2,175,50000,Free,0.0,Everyone,2017-05-26,8.2,Art & Design
DP Maker,PHOTOGRAPHY,4.2,784,100000,Free,0.0,Everyone,2018-04-29,18.0,Photography
Download Instant DP (Full HD),TOOLS,4.3,1283,100000,Free,0.0,Everyone,2018-08-04,4.4,Tools
Square DP For Whatsapp,PHOTOGRAPHY,4.2,67,10000,Free,0.0,Everyone,2017-03-29,15.0,Photography
Profile pictures for WhatsApp,PERSONALIZATION,4.7,10786,500000,Free,0.0,Mature 17+,2018-05-20,9.4,Personalization
DP and Status,FAMILY,4.1,623,100000,Free,0.0,Everyone,2017-08-11,3.0,Entertainment
Dp For Whatsapp,SOCIAL,4.3,39,5000,Free,0.0,Everyone,2017-04-13,12.0,Social
DP & Status for Whatsapp 2018,PERSONALIZATION,4.1,293,100000,Free,0.0,Everyone,2018-08-03,3.4,Personalization
DP Creator for WhatsApp,PHOTOGRAPHY,3.8,4813,100000,Free,0.0,Everyone,2016-03-19,5.1,Photography
Dp For FB,PHOTOGRAPHY,4.5,12,1000,Free,0.0,Teen,2017-10-19,2.0,Photography
Best DP and Status (Daily Updates Photos),FAMILY,4.1,3003,1000000,Free,0.0,Everyone,2018-05-07,3.2,Entertainment
Profile Pictures and DP for Whatsapp,SOCIAL,4.3,48,5000,Free,0.0,Everyone,2017-05-12,11.0,Social
All Types DP & Status Maker,PHOTOGRAPHY,4.5,16,1000,Free,0.0,Teen,2018-07-12,14.0,Photography
DP Photo Editor,PHOTOGRAPHY,4.1,88,10000,Free,0.0,Everyone,2017-09-29,7.7,Photography
Status For WhatsApp DP - pro,PERSONALIZATION,4.4,49,10000,Free,0.0,Teen,2018-05-31,12.0,Personalization
"Marathi DP - status and message,jokes,Video app",FAMILY,4.3,694,100000,Free,0.0,Everyone,2018-08-01,3.8,Entertainment
Cute Images for Whatsapp,FAMILY,4.4,634,100000,Free,0.0,Teen,2015-12-23,8.1,Entertainment
Profile Pictures - Best DP Status,FAMILY,4.3,131,50000,Free,0.0,Everyone,2017-11-29,5.4,Entertainment
Dp for Facebook,SOCIAL,4.1,56,5000,Free,0.0,Everyone,2017-05-16,10.0,Social
Fifa World Cup 2018: Photo Frame Editor & DP Maker,PHOTOGRAPHY,4.6,666,100000,Free,0.0,Everyone,2018-06-20,8.7,Photography
DP and Status Images | All Latest Status 2018,LIFESTYLE,4.7,25,10000,Free,0.0,Teen,2017-07-22,3.8,Lifestyle
Best DP and Status,SOCIAL,4.2,93,10000,Free,0.0,Teen,2017-11-29,5.6,Social
"100000+ Messages - DP, Status, Jokes & GIF 2018",LIFESTYLE,3.7,121,10000,Free,0.0,Mature 17+,2017-12-29,3.8,Lifestyle
Instant DP Downloader for Instagram,SOCIAL,4.7,38,5000,Free,0.0,Everyone,2018-08-04,4.1,Social
DP Display Pictures Life Quotes Motivational GM,SOCIAL,4.4,39,5000,Free,0.0,Everyone,2018-01-01,11.0,Social
Latest DP and Status Pro 2018,FAMILY,4.7,19,1000,Free,0.0,Everyone,2018-01-05,5.7,Entertainment
Best DP And Video Status 2018 For Whatsapp,FAMILY,4.2,91,10000,Free,0.0,Everyone,2018-05-31,3.8,Entertainment
Qeek for Instagram - Zoom profile insta DP,SOCIAL,4.6,12111,500000,Free,0.0,Everyone,2018-05-03,9.1,Social
DP Battle,FAMILY,4.5,132,5000,Free,0.0,Everyone,2017-03-26,2.5,Entertainment
Faceoff DP Battle App,FAMILY,4.8,38,1000,Free,0.0,Everyone,2018-06-15,6.7,Entertainment
Insta Square Profile DP,PHOTOGRAPHY,3.7,42,5000,Free,0.0,Everyone,2015-09-01,11.0,Photography
Name Art DP - Focus n Filter Text 2018,ART_AND_DESIGN,4.3,132,10000,Free,0.0,Everyone,2018-01-04,7.7,Art & Design
DP Status 2017,PHOTOGRAPHY,4.2,302,50000,Free,0.0,Everyone,2017-06-15,7.0,Photography
Dairy Queen,FOOD_AND_DRINK,3.6,742,100000,Free,0.0,Everyone,2018-07-25,43.0,Food & Drink
DQ Texas,FOOD_AND_DRINK,4.1,336,100000,Free,0.0,Everyone,2018-05-18,13.0,Food & Drink
DQ Events,BUSINESS,2.3,41,10000,Free,0.0,Everyone,2017-12-20,20.0,Business
Dash Quest Heroes,GAME,4.3,8432,500000,Free,0.0,Everyone 10+,2018-07-16,59.0,Adventure
Coupons for Dairy Queen,FOOD_AND_DRINK,4.6,42,100,Free,0.0,Teen,2018-07-18,3.9,Food & Drink
DRAGON QUEST VIII,FAMILY,4.5,7812,50000,Paid,19.99,Everyone 10+,2017-04-04,27.0,Role Playing
ODTMobile v4,BUSINESS,4.0,3,1000,Free,0.0,Everyone,2018-04-17,16.0,Business
DRAGON QUEST III,FAMILY,4.2,1661,10000,Paid,9.99,Everyone,2018-03-09,63.0,Role Playing
LightMeter (noAds),PHOTOGRAPHY,4.6,617,10000,Paid,1.99,Everyone,2016-11-22,12.0,Photography
DRAGON QUEST,FAMILY,4.2,9659,100000,Paid,2.99,Everyone,2017-03-10,30.0,Role Playing
DRAGON QUEST II,FAMILY,4.5,2576,10000,Paid,4.99,Everyone,2018-03-09,44.0,Role Playing
SONIC Drive-In,FOOD_AND_DRINK,4.3,19373,1000000,Free,0.0,Everyone,2018-07-31,43.0,Food & Drink
DRAGON QUEST VI,FAMILY,4.4,3358,100000,Paid,14.99,Everyone,2018-08-01,17.0,Role Playing
McDonald's,FOOD_AND_DRINK,3.6,145646,10000000,Free,0.0,Everyone,2018-07-31,42.0,Food & Drink
DQT GPS,BUSINESS,4.0,3,500,Free,0.0,Everyone,2015-10-05,6.3,Business
Discovery Insure,MAPS_AND_NAVIGATION,2.8,1911,100000,Free,0.0,Everyone,2018-03-17,20.0,Maps & Navigation
Taco Bell,LIFESTYLE,3.8,28140,1000000,Free,0.0,Everyone,2018-07-30,16.0,Lifestyle
LightMeter Free,PHOTOGRAPHY,4.1,5485,1000000,Free,0.0,Everyone,2016-04-28,13.0,Photography
CHRONO TRIGGER (Upgrade Ver.),FAMILY,3.8,11250,100000,Paid,9.99,Everyone 10+,2018-06-12,6.3,Role Playing
ODTMobile,BUSINESS,3.4,15,10000,Free,0.0,Everyone,2016-03-10,2.7,Business
Whataburger,FOOD_AND_DRINK,4.5,5093,500000,Free,0.0,Everyone,2018-04-10,56.0,Food & Drink
FINAL FANTASY DIMENSIONS,FAMILY,4.3,8450,100000,Paid,13.99,Everyone,2017-03-15,1.1,Role Playing
Arby's,FOOD_AND_DRINK,3.1,194,100000,Free,0.0,Everyone,2018-07-12,26.0,Food & Drink
RPG Dragon Lapis,FAMILY,4.6,13492,100000,Free,0.0,Teen,2018-07-09,56.0,Role Playing
Find Fast Food,SHOPPING,3.3,272,100000,Free,0.0,Everyone,2012-11-11,0.7666015625,Shopping
Jungle book-The Great Escape,GAME,3.9,2362,100000,Free,0.0,Everyone,2013-07-17,25.0,Action
Bunny Skater,GAME,4.2,139432,10000000,Free,0.0,Everyone,2013-11-20,4.7,Adventure
DQSalmaan - A fan made App,FAMILY,4.9,707,10000,Free,0.0,Everyone,2018-02-04,6.0,Entertainment
Culver's,LIFESTYLE,3.9,1638,100000,Free,0.0,Everyone,2018-04-11,4.9,Lifestyle
Wendy’s – Food and Offers,FOOD_AND_DRINK,3.4,6512,1000000,Free,0.0,Everyone,2018-04-12,18.0,Food & Drink
World Webcams,WEATHER,3.7,7896,1000000,Free,0.0,Everyone,2013-11-25,,Weather
Dunkin' Donuts,FOOD_AND_DRINK,4.2,68270,1000000,Free,0.0,Everyone,2018-06-20,66.0,Food & Drink
SUBWAY®,FOOD_AND_DRINK,3.8,21381,1000000,Free,0.0,Everyone,2018-07-24,41.0,Food & Drink
The Walking Zombie: Dead City,GAME,4.6,58575,1000000,Free,0.0,Teen,2018-02-21,96.0,Action
Monster Fishing 2018,SPORTS,4.4,32881,1000000,Free,0.0,Everyone,2018-08-07,76.0,Sports
Call Blocker & Blacklist,COMMUNICATION,4.0,6,1000,Free,0.0,Everyone,2018-07-13,4.2,Communication
Panera Bread,FOOD_AND_DRINK,4.2,10225,1000000,Free,0.0,Everyone,2018-08-06,36.0,Food & Drink
IHOP®,FOOD_AND_DRINK,4.2,441,100000,Free,0.0,Everyone,2018-04-03,24.0,Food & Drink
Starbucks,FOOD_AND_DRINK,4.5,455496,10000000,Free,0.0,Everyone,2018-08-01,35.0,Food & Drink
myGrow,PRODUCTIVITY,4.6,84,1000,Paid,4.29,Mature 17+,2016-04-29,23.0,Productivity
Dr. Parking 4,GAME,4.4,475369,50000000,Free,0.0,Everyone,2018-03-06,13.0,Racing
Dr. Driving 2,GAME,4.6,358633,10000000,Free,0.0,Everyone,2018-05-03,19.0,Racing
Anti-virus Dr.Web Light,TOOLS,4.5,1094094,100000000,Free,0.0,Everyone,2018-07-10,,Tools
dr.fone - Recovery & Transfer wirelessly & Backup,TOOLS,3.7,23347,5000000,Free,0.0,Everyone,2018-05-28,7.6,Tools
Dr. Truck Driver : Real Truck Simulator 3D,FAMILY,4.1,1626,100000,Free,0.0,Everyone 10+,2018-07-05,96.0,Simulation
Dr. Cares - Pet Rescue 911 🐶,FAMILY,4.2,14432,500000,Free,0.0,Everyone,2017-09-21,35.0,Casual
Dr. Panda Town,FAMILY,4.0,36578,1000000,Free,0.0,Everyone,2018-08-03,,Education
Dr. Parker : Parking Simulator,GAME,4.5,14253,1000000,Free,0.0,Everyone,2018-01-18,81.0,Racing
Dr. Parker : Real car parking simulation,GAME,4.6,15829,1000000,Free,0.0,Everyone,2018-07-24,95.0,Racing
Dr. Battery - Fast Charger - Super Cleaner 2018,TOOLS,4.5,101738,1000000,Free,0.0,Everyone,2018-07-26,10.0,Tools
"Dr. Safety - Antivirus, Booster, Cleaner, AppLock",TOOLS,4.4,372553,10000000,Free,0.0,Everyone,2018-08-06,21.0,Tools
DR TV,VIDEO_PLAYERS,3.3,6716,500000,Free,0.0,Mature 17+,2018-06-25,4.7,Video Players & Editors
Real Car Dr Parking Master: Parking Games 2018,FAMILY,4.2,3345,1000000,Free,0.0,Everyone,2018-05-12,27.0,Simulation
Doctor Kids,FAMILY,4.2,200450,10000000,Free,0.0,Everyone,2018-07-26,25.0,Casual
Dr. Rocket,GAME,4.0,42182,1000000,Free,0.0,Everyone,2018-01-06,3.4,Arcade
Dr. Muscle,HEALTH_AND_FITNESS,4.0,87,10000,Free,0.0,Everyone,2018-07-28,33.0,Health & Fitness
Dr. Dominoes,GAME,4.0,2700,500000,Free,0.0,Everyone,2018-01-03,5.7,Board
Dr. Sudoku,FAMILY,3.5,2310,500000,Free,0.0,Everyone,2018-01-04,3.1,Puzzle
Dr.Web Security Space,TOOLS,4.5,594406,10000000,Free,0.0,Everyone,2018-07-20,,Tools
Dr. Unblock,FAMILY,3.9,3847,1000000,Free,0.0,Everyone,2018-01-03,4.3,Puzzle
Dr. Gomoku,GAME,3.9,85317,5000000,Free,0.0,Everyone,2018-01-15,4.5,Board
Dr. Panda Farm,FAMILY,4.1,265,10000,Paid,2.99,Everyone,2016-07-21,46.0,Education
DR.MEEP,FAMILY,4.4,54,500,Paid,2.99,Everyone,2018-06-29,33.0,Puzzle
Dr. Panda Art Class,FAMILY,4.2,1013,50000,Paid,2.99,Everyone,2017-04-26,58.0,Education
Dr. Panda's Swimming Pool,FAMILY,4.4,2311,100000,Paid,1.99,Everyone,2015-01-15,9.3,Casual
Dr. Pixel: Pill mania Classic,FAMILY,4.3,2419,100000,Free,0.0,Everyone,2018-03-31,6.2,Puzzle
Dr. Chess,GAME,4.1,97209,1000000,Free,0.0,Everyone,2018-01-14,6.7,Board
Super Dr. Parking 3D,FAMILY,4.0,4518,1000000,Free,0.0,Everyone,2017-12-17,41.0,Simulation
Dr Dre - Beatmaker,GAME,4.3,146,10000,Free,0.0,Mature 17+,2018-02-28,6.0,Music
Dr. Panda & Toto's Treehouse,FAMILY,4.4,3397,50000,Paid,3.99,Everyone,2014-12-09,9.5,Casual
Dr. Cares - Amy's Pet Clinic 🐈 🐕,FAMILY,4.5,3580,100000,Free,0.0,Everyone,2018-04-30,60.0,Casual
Dr. Splorchy Presents Space Heroes,GAME,4.6,18,100,Paid,4.99,Mature 17+,2018-07-23,31.0,Adventure
Pet Vet Dr - Animals Hospital,FAMILY,3.7,11748,1000000,Free,0.0,Teen,2016-10-31,36.0,Casual
Dr.Android Repair Master 2017,PRODUCTIVITY,3.8,1205,100000,Free,0.0,Everyone,2018-06-10,4.3,Productivity
DR CONTROL,FAMILY,3.4,267,10000,Free,0.0,Everyone,2017-03-08,1.5,Entertainment
Dr Driving Racer,GAME,4.3,183,10000,Free,0.0,Everyone,2018-06-14,68.0,Racing
Dr. McDougall Mobile Cookbook,HEALTH_AND_FITNESS,3.8,76,1000,Paid,4.99,Everyone,2015-01-26,1.2,Health & Fitness
Dr. Seuss's ABC,FAMILY,4.7,429,10000,Paid,3.99,Everyone,2018-02-26,12.0,Books & Reference
Dr. Booster - Boost Game Speed,TOOLS,4.4,138872,10000000,Free,0.0,Everyone,2018-05-15,22.0,Tools
Dr. Panda Hospital,FAMILY,4.4,1091,50000,Paid,2.99,Everyone,2013-12-05,45.0,Education
Dr. Panda Café Freemium,FAMILY,4.1,11788,1000000,Free,0.0,Everyone,2017-08-10,62.0,Educational
Dr. Panda Ice Cream Truck Free,FAMILY,4.4,23022,1000000,Free,0.0,Everyone,2018-08-02,80.0,Role Playing
Dr. Doug's Tips,BOOKS_AND_REFERENCE,4.0,22,1000,Free,0.0,Everyone,2016-09-01,34.0,Books & Reference
Dr. 2048,FAMILY,3.9,1985,500000,Free,0.0,Everyone,2017-12-30,3.5,Puzzle
Dr. Panda Restaurant 2,FAMILY,4.3,3725,100000,Paid,2.99,Everyone,2016-02-17,67.0,Educational
Dr. Panda Supermarket,FAMILY,4.2,1357,50000,Paid,2.99,Everyone,2016-02-16,58.0,Educational
Dr. Shogi,GAME,3.3,19291,1000000,Free,0.0,Everyone,2018-01-02,5.1,Board
DR Sebi's Alkaline List,FAMILY,4.0,68,5000,Free,0.0,Everyone,2017-04-05,5.5,Education
DraStic DS Emulator,GAME,4.6,87766,1000000,Paid,4.99,Everyone,2016-07-19,12.0,Action
NDS Emulator - For Android 6,GAME,4.1,14002,1000000,Free,0.0,Everyone,2018-07-26,19.0,Arcade
Free DS Emulator,GAME,4.1,22896,1000000,Free,0.0,Everyone,2018-07-26,19.0,Arcade
nds4droid,GAME,3.4,107778,10000000,Free,0.0,Everyone,2016-02-12,8.8,Arcade
MegaNDS (NDS Emulator),GAME,3.4,2218,500000,Free,0.0,Everyone,2017-10-18,11.0,Arcade
DS file,PRODUCTIVITY,4.1,10676,1000000,Free,0.0,Everyone,2018-05-23,12.0,Productivity
DS finder,TOOLS,4.0,2596,500000,Free,0.0,Everyone,2018-07-19,32.0,Tools
DS get,TOOLS,3.4,71852,5000000,Free,0.0,Everyone,2018-05-23,22.0,Tools
DS cloud,TOOLS,3.2,4908,500000,Free,0.0,Everyone,2018-05-23,38.0,Tools
DS photo,VIDEO_PLAYERS,3.8,7335,1000000,Free,0.0,Everyone,2018-07-17,,Video Players & Editors
DS video,VIDEO_PLAYERS,3.8,12443,1000000,Free,0.0,Everyone,2018-08-06,,Video Players & Editors
DS note,PRODUCTIVITY,3.9,2046,100000,Free,0.0,Everyone,2018-06-11,60.0,Productivity
DS cam,PRODUCTIVITY,3.6,3227,500000,Free,0.0,Everyone,2018-07-26,35.0,Productivity
DS router,TOOLS,3.8,253,50000,Free,0.0,Everyone,2018-06-13,15.0,Tools
EmuBox - Fast Retro Emulator,GAME,3.9,1576,50000,Free,0.0,Everyone,2018-08-05,43.0,Arcade
Synology Drive,PRODUCTIVITY,3.2,368,100000,Free,0.0,Everyone,2018-08-02,,Productivity
DS Creator 2.0,TOOLS,1.0,2,500,Free,0.0,Everyone,2018-03-23,4.4,Tools
DS App Manager,TOOLS,4.6,14,1000,Free,0.0,Everyone,2015-03-21,2.1,Tools
DS Helpdesk Plus,BUSINESS,3.6,21,100,Paid,12.99,Everyone,2017-01-30,,Business
DS,FAMILY,4.9,15,100,Free,0.0,Everyone,2016-01-19,23.0,Casual
DS Connector 2.0,TOOLS,2.6,5,500,Free,0.0,Everyone,2018-03-23,0.62109375,Tools
DS Barometer - Altimeter and Weather Information,WEATHER,3.9,2962,100000,Free,0.0,Everyone,2018-07-09,4.2,Weather
DS-L4 Viewer,PHOTOGRAPHY,3.5,13,1000,Free,0.0,Everyone,2018-01-29,7.9,Photography
DS Tower Defence,GAME,3.2,768,100000,Free,0.0,Everyone,2013-06-05,1.4,Arcade
NDS-controller,TOOLS,3.3,35,1000,Free,0.0,Everyone,2017-10-23,0.89453125,Tools
RetroArch,GAME,3.8,21423,1000000,Free,0.0,Everyone,2018-05-04,84.0,Action
DS Speedometer & Odometer,MAPS_AND_NAVIGATION,3.9,22382,1000000,Free,0.0,Everyone,2018-03-22,6.6,Maps & Navigation
MegaN64 (N64 Emulator),FAMILY,4.6,877576,10000000,Free,0.0,Everyone,2016-05-14,12.0,Casual
DS-20000S,PRODUCTIVITY,1.8,12,1000,Free,0.0,Everyone,2018-08-03,14.0,Productivity
Learn DS [BETA],FAMILY,4.3,9,500,Free,0.0,Everyone,2017-02-12,5.0,Education
Deep Sleep Battery Saver Pro,TOOLS,3.9,1417,10000,Paid,3.28,Everyone,2017-08-15,2.9,Tools
DS-Students,FAMILY,4.8,5,100,Free,0.0,Everyone,2018-07-03,8.4,Education
DS Thermometer,WEATHER,3.7,631,100000,Free,0.0,Everyone,2015-05-30,3.0,Weather
PhotoFrame for Synology DS,PHOTOGRAPHY,4.0,1,10,Paid,4.99,Everyone,2017-02-02,2.6,Photography
Deep Sleep Battery Saver,TOOLS,4.1,22032,1000000,Free,0.0,Everyone,2017-08-17,3.7,Tools
Draft Simulator for FUT 18,SPORTS,4.6,162933,5000000,Free,0.0,Everyone,2018-05-11,100.0,Sports
DS Flashlight,TOOLS,4.0,127,10000,Free,0.0,Everyone,2015-05-30,5.8,Tools
dt Pro,FINANCE,4.8,4,1000,Free,0.0,Everyone,2017-05-16,4.5,Finance
DT Manager,PRODUCTIVITY,4.0,9,500,Free,0.0,Everyone,2015-05-21,3.1,Productivity
Real Sheet ∞: Pathfinder + DT,FAMILY,3.5,2,50,Paid,2.99,Everyone,2017-03-20,22.0,Role Playing
DT Fieldlink,BUSINESS,3.0,2,500,Free,0.0,Everyone,2017-09-19,49.0,Business
DT Driving Test Theory,FAMILY,4.6,477,10000,Free,0.0,Everyone,2018-02-22,1.6,Education
DT Smart,TOOLS,1.6,39,1000,Free,0.0,Everyone,2017-12-07,8.9,Tools
Truck Simulator DT 3D,FAMILY,3.8,110,5000,Free,0.0,Everyone,2017-04-23,22.0,Simulation
DT Baby Cam,TOOLS,1.7,10,500,Free,0.0,Everyone,2017-12-05,23.0,Tools
Bloons TD 5,FAMILY,4.6,190086,1000000,Paid,2.99,Everyone,2018-07-13,94.0,Strategy
WPBS-DT,FAMILY,5.0,3,500,Free,0.0,Everyone,2015-04-03,6.3,Entertainment
ReadyOp DT,COMMUNICATION,4.6,8,1000,Free,0.0,Everyone,2018-07-06,1.1,Communication
Soccer Manager 2018,SPORTS,4.4,63779,1000000,Free,0.0,Everyone,2018-07-16,95.0,Sports
Online Soccer Manager (OSM),SPORTS,4.5,1312936,10000000,Free,0.0,Everyone,2018-07-31,21.0,Sports
DT-VR,FAMILY,3.8,25,1000,Free,0.0,Everyone,2016-08-09,9.5,Entertainment
Dt Tracking,AUTO_AND_VEHICLES,4.0,4,100,Free,0.0,Everyone,2016-10-28,24.0,Auto & Vehicles
DT Simple Interval Timer,SPORTS,4.1,10,1000,Free,0.0,Everyone,2014-02-17,1.5,Sports
DT CLOTHINGS,SHOPPING,5.0,1,10,Free,0.0,Everyone,2018-07-25,7.9,Shopping
Dt. Jyothi Srinivas,HEALTH_AND_FITNESS,5.0,18,100,Free,0.0,Everyone,2018-02-06,13.0,Health & Fitness
DT future1 cam,TOOLS,1.0,1,50,Free,0.0,Everyone,2018-03-27,24.0,Tools
PES CLUB MANAGER,SPORTS,4.4,783025,10000000,Free,0.0,Everyone,2018-06-07,,Sports
Riptide GP: Renegade,GAME,4.7,4328,100000,Paid,2.99,Everyone 10+,2018-06-01,,Racing
Wheelie Challenge,GAME,4.6,137338,5000000,Free,0.0,Everyone,2018-07-13,51.0,Racing
DT NO.I,HEALTH_AND_FITNESS,2.4,44,1000,Free,0.0,Everyone,2018-08-01,49.0,Health & Fitness
DTPay,SHOPPING,4.5,18,1000,Free,0.0,Everyone,2018-07-11,0.970703125,Shopping
Top Soccer Manager,SPORTS,4.4,199739,10000000,Free,0.0,Everyone,2018-08-06,66.0,Sports
The Secret Daily Teachings,LIFESTYLE,4.3,206,1000,Paid,4.99,Everyone,2018-02-11,32.0,Lifestyle
Spring flowers theme couleurs d t space,ART_AND_DESIGN,5.0,1,100,Free,0.0,Everyone,2018-04-18,2.9,Art & Design
Soccer Board Tactics,SPORTS,4.1,6231,100000,Free,0.0,Everyone,2018-02-09,8.9,Sports
Dirt Trackin Sprint Cars,GAME,3.8,499,10000,Paid,3.99,Everyone,2018-05-10,47.0,Racing
senior easy phone,PERSONALIZATION,3.9,168,50000,Free,0.0,Teen,2015-03-27,2.1,Personalization
dt.se,NEWS_AND_MAGAZINES,3.1,124,10000,Free,0.0,Everyone,2018-06-29,12.0,News & Magazines
WhatsVPN - Unlimited Free VPN,TOOLS,4.7,24985,500000,Free,0.0,Everyone,2018-07-27,7.8,Tools
Cache Cleaner-DU Speed Booster (booster & cleaner),TOOLS,4.5,12759815,100000000,Free,0.0,Everyone,2018-07-25,15.0,Tools
du app,LIFESTYLE,3.5,7578,1000000,Free,0.0,Everyone,2018-07-24,25.0,Lifestyle
DU Battery Saver - Battery Charger & Battery Life,TOOLS,4.5,13479633,100000000,Free,0.0,Everyone,2018-06-05,14.0,Tools
DU Antivirus Security - Applock & Privacy Guard,TOOLS,4.6,436615,10000000,Free,0.0,Everyone,2018-06-05,10.0,Tools
DU Cleaner – Memory cleaner & clean phone cache,TOOLS,4.5,465831,10000000,Free,0.0,Everyone,2018-07-23,8.9,Tools
DU Launcher - Boost Your Phone,PERSONALIZATION,4.5,67707,1000000,Free,0.0,Everyone,2016-02-07,4.8,Personalization
DU Security,TOOLS,4.4,4847,100000,Free,0.0,Everyone,2016-06-29,3.2,Tools
DU Browser—Browse fast & fun,COMMUNICATION,4.3,1133539,10000000,Free,0.0,Everyone,2016-04-01,4.7,Communication
DU Privacy-hide apps、sms、file,VIDEO_PLAYERS,4.4,21762,1000000,Free,0.0,Everyone,2017-08-16,,Video Players & Editors
DU Browser Mini(Small&Fast),TOOLS,4.2,20941,1000000,Free,0.0,Everyone,2016-12-23,2.0,Tools
Caller ID & Call Block - DU Caller,COMMUNICATION,4.6,93930,5000000,Free,0.0,Everyone,2018-08-01,14.0,Communication
Lock Screen - DU Locker & Lock screen wallpaper,TOOLS,4.5,5174,100000,Free,0.0,Everyone,2018-04-26,4.7,Tools
du View,FAMILY,3.8,935,50000,Free,0.0,Teen,2018-03-26,22.0,Entertainment
DU Emoji Keyboard（Simeji）,TOOLS,4.3,19234,500000,Free,0.0,Everyone,2017-02-23,14.0,Tools
"DU GIF Maker: GIF Maker, Video to GIF & GIF Editor",PHOTOGRAPHY,4.6,7605,500000,Free,0.0,Everyone,2018-04-10,4.3,Photography
DU Flashlight - Brightest LED & Flashlight Free,TOOLS,4.3,73821,5000000,Free,0.0,Everyone,2018-03-07,,Tools
Upgrade for Android DU Master,TOOLS,3.6,12993,1000000,Free,0.0,Everyone,2017-01-09,5.2,Tools
Modern: DU Launcher Theme,PERSONALIZATION,4.2,868,50000,Free,0.0,Everyone,2015-10-15,0.3017578125,Personalization
Weather Forecast Pro,WEATHER,4.7,14051,100000,Paid,3.99,Everyone,2018-08-04,8.7,Weather
Night: DU Launcher Theme,PERSONALIZATION,4.3,1419,50000,Free,0.0,Everyone,2015-10-15,0.4736328125,Personalization
DU Collage Maker - Photo Collage & Grid & Layout,PHOTOGRAPHY,4.7,4595,100000,Free,0.0,Everyone,2017-09-04,2.5,Photography
Du Chinese – Mandarin Lessons,FAMILY,4.8,3390,100000,Free,0.0,Everyone,2017-10-03,9.2,Education
Portes du Soleil,SPORTS,3.1,500,50000,Free,0.0,Everyone,2018-02-16,39.0,Sports
Sword of Chaos - Lame du Chaos,GAME,4.5,23599,100000,Free,0.0,Teen,2018-06-01,96.0,Action
Hadith du jour,FAMILY,4.4,276,50000,Free,0.0,Everyone,2016-03-22,,Education
Bible du Semeur-BDS (French),BOOKS_AND_REFERENCE,4.5,313,50000,Free,0.0,Everyone,2018-08-04,6.9,Books & Reference
La citadelle du musulman,BOOKS_AND_REFERENCE,4.5,314,50000,Free,0.0,Everyone,2016-03-17,9.8,Books & Reference
Clean My Android,PRODUCTIVITY,4.7,101163,5000000,Free,0.0,Everyone,2018-07-31,6.2,Productivity
Citation du Jour - Motivation,FAMILY,4.1,321,100000,Free,0.0,Everyone,2015-02-14,0.892578125,Education
La Poupée du Voyant,FAMILY,4.4,265,50000,Free,0.0,Everyone,2017-01-06,8.2,Entertainment
Star Chart,FAMILY,4.3,128808,10000000,Free,0.0,Everyone,2018-08-02,,Education
APUS Booster - Space Cleaner & Booster,PRODUCTIVITY,4.6,1048766,10000000,Free,0.0,Everyone,2018-08-03,13.0,Productivity
Officiel du SCRABBLE LAROUSSE,BOOKS_AND_REFERENCE,3.4,116,5000,Paid,4.6,Everyone,2016-10-13,48.0,Books & Reference
"GO Security－AntiVirus, AppLock, Booster",TOOLS,4.7,1251479,10000000,Free,0.0,Everyone,2018-07-24,,Tools
iSmart DV,VIDEO_PLAYERS,3.6,5692,1000000,Free,0.0,Everyone,2018-07-27,31.0,Video Players & Editors
dv Prompter,VIDEO_PLAYERS,3.7,321,50000,Free,0.0,Everyone,2017-03-14,1.3,Video Players & Editors
Sports DV,LIFESTYLE,2.1,86,10000,Free,0.0,Everyone,2018-07-17,29.0,Lifestyle
Live DV,PHOTOGRAPHY,2.0,16,1000,Free,0.0,Everyone,2018-05-09,17.0,Photography
Mini DV,AUTO_AND_VEHICLES,3.5,12,5000,Free,0.0,Everyone,2018-05-29,19.0,Auto & Vehicles
DV-2019 Results,FAMILY,4.3,158,10000,Free,0.0,Everyone,2018-06-14,2.6,Entertainment
AKASO DV,TOOLS,2.4,99,10000,Free,0.0,Everyone,2018-07-26,71.0,Tools
DV-LOTTERY 2019 REGISTRATION,FAMILY,4.5,97,10000,Free,0.0,Everyone,2018-01-20,2.6,Entertainment
Selfie DV,TOOLS,2.8,29,1000,Free,0.0,Everyone,2017-04-24,14.0,Tools
DV 2019 Entry Guide,BOOKS_AND_REFERENCE,4.5,92,10000,Free,0.0,Everyone,2017-10-18,5.1,Books & Reference
Porch DV,HOUSE_AND_HOME,2.8,5,1000,Free,0.0,Everyone,2018-06-02,13.0,House & Home
DV 2019 - EDV Photo & Form,BOOKS_AND_REFERENCE,3.9,314,50000,Free,0.0,Everyone,2016-10-24,2.6,Books & Reference
SDV Cam,TOOLS,3.2,67,10000,Free,0.0,Everyone,2017-06-02,65.0,Tools
XDV,PHOTOGRAPHY,3.1,6827,1000000,Free,0.0,Everyone,2018-04-20,8.7,Photography
WiFi Action Camera,SPORTS,2.4,551,100000,Free,0.0,Everyone,2014-03-13,0.8818359375,Sports
DV Car Service,MAPS_AND_NAVIGATION,4.6,10,100,Free,0.0,Everyone,2017-08-09,25.0,Maps & Navigation
DV Lottery Photo,VIDEO_PLAYERS,2.9,23,5000,Free,0.0,Everyone,2016-12-16,4.0,Video Players & Editors
DV Lottery Photo Tool,PHOTOGRAPHY,4.0,223,50000,Free,0.0,Everyone,2017-10-28,1.7,Photography
iCam - Webcam Video Streaming,TOOLS,3.7,770,10000,Paid,4.99,Everyone,2016-10-07,2.4,Tools
DV KING 4K,PHOTOGRAPHY,2.3,3,100,Free,0.0,Everyone,2018-07-17,8.5,Photography
Wifi Action Camera,PHOTOGRAPHY,2.9,118,50000,Free,0.0,Everyone,2018-07-24,26.0,Photography
US DV Lottery 2020 Apply,TRAVEL_AND_LOCAL,4.6,41,10000,Free,0.0,Everyone,2018-01-14,2.0,Travel & Local
DV-2019 PHOTO TOOL,FAMILY,4.3,21,1000,Free,0.0,Everyone,2018-01-20,2.5,Entertainment
DV ASSIST,FAMILY,5.0,1,100,Free,0.0,Everyone,2018-08-02,18.0,Education
4K Ultra Camera,PHOTOGRAPHY,4.2,382,100000,Free,0.0,Everyone,2018-07-30,2.9,Photography
DV Lottery Simulator,FAMILY,4.6,13,1000,Free,0.0,Everyone,2016-10-20,1.3,Entertainment
U.S.A DV Lottery Process,FAMILY,4.5,8,1000,Free,0.0,Everyone,2017-03-12,1.7,Education
DV Statistics,SOCIAL,4.2,6,100,Free,0.0,Everyone,2015-10-08,2.7,Social
DV 2018 Winners Guide,BOOKS_AND_REFERENCE,4.8,11,1000,Free,0.0,Everyone,2017-07-23,0.59375,Books & Reference
MelifeCam-M,VIDEO_PLAYERS,3.5,81,10000,Free,0.0,Everyone,2016-07-21,22.0,Video Players & Editors
DV-2019 UK/British,FAMILY,4.6,166,5000,Free,0.0,Everyone,2018-03-11,4.2,Entertainment
GoPlus Cam,VIDEO_PLAYERS,3.5,3484,500000,Free,0.0,Everyone,2017-12-18,41.0,Video Players & Editors
GoAction,VIDEO_PLAYERS,3.6,1522,100000,Free,0.0,Everyone,2018-07-17,65.0,Video Players & Editors
DV Youth,LIFESTYLE,5.0,5,100,Free,0.0,Everyone,2016-04-25,15.0,Lifestyle
DV KING,PHOTOGRAPHY,3.0,2,100,Free,0.0,Everyone,2017-09-19,9.3,Photography
DENVER ACTION CAM 3,PHOTOGRAPHY,2.9,66,10000,Free,0.0,Everyone,2016-11-16,8.9,Photography
4K VIDEO PLAYER ULTRA HD,VIDEO_PLAYERS,3.7,20,5000,Free,0.0,Everyone,2017-05-01,24.0,Video Players & Editors
US DV Lottery 2019,TRAVEL_AND_LOCAL,4.6,14,1000,Free,0.0,Everyone,2018-04-12,4.0,Travel & Local
Hotel Insanity,GAME,4.2,3816,100000,Free,0.0,Teen,2016-07-07,31.0,Arcade
SportCAM,TOOLS,3.2,427,100000,Free,0.0,Everyone,2018-05-04,9.5,Tools
SportLook,PHOTOGRAPHY,2.5,1283,100000,Free,0.0,Everyone,2018-06-21,8.2,Photography
DW - Breaking World News,NEWS_AND_MAGAZINES,4.4,17671,1000000,Free,0.0,Everyone 10+,2018-08-06,17.0,News & Magazines
"DW Learn German - A1, A2, B1 and placement test",FAMILY,4.3,902,100000,Free,0.0,Everyone,2017-09-28,1.8,Education
DW Mobile,BUSINESS,2.7,33,10000,Free,0.0,Everyone,2018-01-23,,Business
DW Spectrum™ IPVMS Mobile,BUSINESS,4.0,44,10000,Free,0.0,Everyone,2018-06-19,30.0,Business
DW Amharic by AudioNow Digital,NEWS_AND_MAGAZINES,4.5,322,10000,Free,0.0,Everyone,2018-06-26,31.0,News & Magazines
DW VMAX,TOOLS,3.4,843,100000,Free,0.0,Everyone,2017-05-04,8.5,Tools
News: DW Español,NEWS_AND_MAGAZINES,4.3,25,1000,Free,0.0,Everyone,2018-04-26,6.3,News & Magazines
DW Contacts & Phone & Dialer,COMMUNICATION,4.3,21186,1000000,Free,0.0,Everyone,2018-08-04,10.0,Communication
DW Arabic By dw-arab.com,NEWS_AND_MAGAZINES,4.3,386,50000,Free,0.0,Everyone,2017-10-27,6.0,News & Magazines
Learn German: Die Bienenretter,FAMILY,4.0,25,5000,Free,0.0,Everyone,2017-07-26,79.0,Educational
News: DW Hausa,NEWS_AND_MAGAZINES,4.9,9,1000,Free,0.0,Everyone,2018-04-26,6.3,News & Magazines
DW Spectrum™ IP VMS,BUSINESS,3.4,102,10000,Free,0.0,Everyone,2016-04-14,2.4,Business
DW Audio,FAMILY,4.9,38,1000,Free,0.0,Everyone,2017-06-16,5.0,Education
DW Contacts widget,TOOLS,4.3,56,1000,Paid,0.99,Everyone,2014-06-05,2.0,Tools
DW فارسی By dw-arab.com,NEWS_AND_MAGAZINES,4.7,11,1000,Free,0.0,Everyone,2017-03-26,4.4,News & Magazines
German Listening,FAMILY,4.8,18298,500000,Free,0.0,Everyone,2018-07-23,8.0,Education
Deaf World DW,COMMUNICATION,4.3,298,10000,Free,0.0,Teen,2017-11-28,,Communication
DW Event,EVENTS,4.3,9,1000,Free,0.0,Everyone,2018-05-29,39.0,Events
DW Witness,BUSINESS,4.0,6,500,Free,0.0,Everyone,2018-05-14,3.5,Business
Downvids Helper - One touch DW,VIDEO_PLAYERS,3.5,197,10000,Free,0.0,Everyone,2017-02-05,9.8,Video Players & Editors
DW Security,BUSINESS,5.0,6,100,Free,0.0,Everyone,2018-07-25,15.0,Business
News: RFI Hausa,NEWS_AND_MAGAZINES,4.7,10,1000,Free,0.0,Everyone,2018-04-28,6.3,News & Magazines
DW Contacts Wear,TOOLS,4.2,37,5000,Free,0.0,Everyone,2015-03-09,2.2,Tools
Hausa Radio,NEWS_AND_MAGAZINES,4.4,3375,100000,Free,0.0,Everyone,2018-07-31,4.2,News & Magazines
Digi Dex for DW Next Order @PS4,TOOLS,4.2,155,10000,Free,0.0,Everyone,2018-02-24,16.0,Tools
DW Timer,TOOLS,5.0,9,100,Free,0.0,Everyone,2017-04-05,1.5,Tools
RETRO Shocked DW-6000,PERSONALIZATION,5.0,13,100,Paid,1.49,Everyone,2017-04-04,0.48828125,Personalization
VMAX IP Plus Mobile Client,BUSINESS,2.0,9,1000,Free,0.0,Everyone,2017-06-09,3.4,Business
DW Maps,TRAVEL_AND_LOCAL,3.7,35,10000,Free,0.0,Everyone,2017-06-06,13.0,Travel & Local
DW Missed call cleaner patch,TOOLS,3.9,65,5000,Free,0.0,Everyone,2014-11-27,0.052734375,Tools
Swahili Radio,NEWS_AND_MAGAZINES,4.5,171,10000,Free,0.0,Everyone,2018-05-30,4.8,News & Magazines
DX,SHOPPING,3.1,6697,500000,Free,0.0,Everyone,2018-02-01,11.0,Shopping
Direct Express®,FINANCE,4.5,6156,500000,Free,0.0,Everyone,2017-05-09,6.6,Finance
Retro City Rampage DX,GAME,4.7,416,10000,Paid,2.99,Teen,2017-01-12,16.0,Action
PORTABLE SOCCER DX,SPORTS,4.4,552,5000,Paid,1.0,Everyone,2018-06-19,1.6,Sports
Across Age DX,FAMILY,3.8,5964,500000,Free,0.0,Teen,2015-01-09,48.0,Role Playing
ZOOKEEPER DX TouchEdition,FAMILY,4.2,3195,100000,Paid,0.99,Everyone,2015-11-26,4.6,Puzzle
Ham DX Cluster & Spots Finder,COMMUNICATION,4.5,115,5000,Free,0.0,Everyone,2016-07-15,2.8,Communication
DX Alerts,LIFESTYLE,4.5,22,1000,Free,0.0,Everyone,2016-07-19,23.0,Lifestyle
Piczle Lines DX,FAMILY,4.6,281,5000,Free,0.0,Everyone,2018-04-15,26.0,Puzzle
PORTABLE SOCCER DX Lite,SPORTS,4.2,15068,1000000,Free,0.0,Everyone,2018-06-19,2.5,Sports
DX Spots Free,TOOLS,4.5,46,1000,Free,0.0,Everyone,2018-05-18,24.0,Tools
3DAnimeGirl DX DreamPortrait KAWAII Girl DressUp,FAMILY,4.2,449,10000,Free,0.0,Teen,2018-02-16,56.0,Casual
Bubble Shooter DX,FAMILY,4.2,636,100000,Free,0.0,Everyone,2018-06-21,4.0,Casual
DX Alert,TOOLS,4.1,27,1000,Free,0.0,Everyone,2016-04-28,2.5,Tools
Age of Procreation DX,FAMILY,4.3,1894,100000,Free,0.0,Mature 17+,2016-04-22,40.0,Simulation
Chronolink DX,FAMILY,5.0,7,10,Paid,0.99,Everyone,2017-07-06,73.0,Puzzle
DX Simulation for OOO Dx Belt,FAMILY,4.6,67,10000,Free,0.0,Everyone,2018-08-04,31.0,Simulation
Differential Dx Free,MEDICAL,4.0,238,50000,Free,0.0,Everyone 10+,2018-01-07,,Medical
Tricky Bike Stunt Rider DX,FAMILY,4.4,16,500,Free,0.0,Everyone,2018-07-29,45.0,Simulation
DX Simulation Belt for Build henshin,FAMILY,4.5,182,10000,Free,0.0,Everyone,2018-07-11,39.0,Simulation
Active Soccer 2 DX,SPORTS,3.6,28,500,Paid,2.99,Everyone,2017-03-28,48.0,Sports
DX Simulation for Kabuto Henshin Belt 2018,FAMILY,4.6,14,5000,Free,0.0,Everyone,2018-08-06,7.2,Simulation
Elemental Galaxy Dx - Match3,FAMILY,4.0,127,10000,Free,0.0,Everyone,2014-03-11,14.0,Puzzle
DX Simulation for Double Dx Henshin Belt 2018,FAMILY,4.6,33,5000,Free,0.0,Everyone,2018-08-06,11.0,Simulation
Mircules DX Cluster Lite,COMMUNICATION,4.5,51,5000,Free,0.0,Everyone,2016-05-10,21.0,Communication
DX Simulation Belt for Decade henshin,FAMILY,4.5,64,5000,Free,0.0,Everyone,2018-07-27,32.0,Simulation
Human Dx,MEDICAL,4.8,6,500,Free,0.0,Everyone,2018-08-04,16.0,Medical
Santa's Monster Shootout DX,GAME,5.0,4,50,Paid,1.99,Teen,2013-08-15,33.0,Action
DX Glow - Clock Widget,PERSONALIZATION,4.4,5,50,Paid,0.99,Everyone,2015-03-20,3.4,Personalization
MBU DX Cluster,TOOLS,4.0,5,500,Free,0.0,Everyone,2015-06-16,1.6,Tools
Dress Up RagazzA13 DX,FAMILY,3.5,13,100,Paid,0.99,Everyone,2016-09-16,42.0,Simulation
Cloud DX Connected Health,HEALTH_AND_FITNESS,5.0,6,100,Free,0.0,Everyone,2017-07-19,11.0,Health & Fitness
DX Simulation for X-aid Dx Belt,FAMILY,4.0,35,5000,Free,0.0,Everyone,2018-08-04,48.0,Simulation
Unstoppaball DX,FAMILY,4.2,5,50,Paid,1.49,Everyone,2014-05-20,40.0,Puzzle
Differential Dx,MEDICAL,4.0,8,500,Paid,3.99,Everyone,2018-01-19,,Medical
Sokoban Land DX,FAMILY,3.9,46,10000,Paid,2.99,Everyone,2018-01-29,20.0,Puzzle
Multiple Sclerosis Dx & Mgmt.,MEDICAL,4.5,131,10000,Free,0.0,Everyone,2017-09-25,60.0,Medical
Dx Ludo,FAMILY,3.6,215,50000,Free,0.0,Everyone,2011-04-18,2.6,Puzzle
My Dy Dice - 3D Dice Roller,LIFESTYLE,4.2,9,100,Free,0.0,Everyone,2016-09-20,22.0,Lifestyle
Dy So Exam,FAMILY,3.0,6,1000,Free,0.0,Everyone,2017-07-03,3.2,Education
edp re:dy,TOOLS,3.0,172,10000,Free,0.0,Everyone,2018-06-20,,Tools
Dr. D. Y. Patil Vidyapeeth GBS,FAMILY,4.0,3,100,Free,0.0,Everyone,2017-02-14,5.3,Education
edp re:dy smarthome,TOOLS,3.4,30,5000,Free,0.0,Everyone,2017-06-07,22.0,Tools
KPS CHAUHAN DY/DX,FAMILY,4.9,37,100,Free,0.0,Everyone,2018-07-28,10.0,Education
DY TECHNICAL GYAN,BUSINESS,4.0,2,10,Free,0.0,Everyone,2018-01-17,3.3,Business
JONACK (D Story Teller),FAMILY,4.4,152,10000,Free,0.0,Everyone,2015-11-28,1.2,Entertainment
American Sniper City Fight Shooting Assassin,GAME,4.1,395,50000,Free,0.0,Teen,2017-11-24,54.0,Action
Guardians of Ancora,FAMILY,4.4,969,50000,Free,0.0,Everyone,2018-07-20,26.0,Educational
Train Sim Pro,FAMILY,4.0,1763,10000,Paid,1.49,Everyone,2018-06-25,,Simulation
Cute Dolphin Keyboard,PERSONALIZATION,4.5,237,10000,Free,0.0,Everyone,2018-07-30,6.4,Personalization
Truck Transport Raw Material,FAMILY,4.2,632,100000,Free,0.0,Everyone,2018-07-20,50.0,Simulation
Hidden Camera Detector,TOOLS,3.9,167,10000,Free,0.0,Everyone,2017-11-08,2.5,Tools
Street Skater 3D,GAME,3.6,120852,10000000,Free,0.0,Teen,2017-10-24,21.0,Action
DYPSOET,FAMILY,5.0,8,50,Free,0.0,Everyone,2018-08-07,7.4,Education
Triceratops - Dino Robot,FAMILY,4.4,3032,1000000,Free,0.0,Everyone,2017-12-18,30.0,Casual
Differential Equations Steps,FAMILY,3.6,1185,100000,Free,0.0,Everyone,2017-04-11,3.9,Education
Dz Dinars Numbers to letters,PRODUCTIVITY,4.7,2807,100000,Free,0.0,Everyone,2016-12-15,9.8,Productivity
dz NEWS Algerie,NEWS_AND_MAGAZINES,4.2,2318,100000,Free,0.0,Everyone,2014-12-13,4.5,News & Magazines
Siyaha Dz,TRAVEL_AND_LOCAL,4.5,289,10000,Free,0.0,Everyone,2018-03-13,9.8,Travel & Local
CCP DZ : Fill out a check | Number in letters DZD,FINANCE,4.7,642,10000,Free,0.0,Everyone,2018-04-27,3.2,Finance
3G DZ Configuration,COMMUNICATION,4.3,488,50000,Free,0.0,Everyone,2015-11-19,2.5,Communication
3G/4G Config Dz,TOOLS,4.2,2058,100000,Free,0.0,Everyone,2017-05-15,2.3,Tools
Drugs Dz - Algeria,MEDICAL,4.4,187,10000,Free,0.0,Everyone,2017-07-29,,Medical
IRIS : Customer Service - DZ Algeria,TRAVEL_AND_LOCAL,4.7,57,1000,Free,0.0,Everyone,2018-03-10,7.0,Travel & Local
Numbers Into Words,PRODUCTIVITY,4.4,457,50000,Free,0.0,Everyone,2014-05-06,0.548828125,Productivity
Météo Algérie DZ,WEATHER,4.1,1238,100000,Free,0.0,Everyone,2014-12-17,4.7,Weather
DZ Popup Video Player,VIDEO_PLAYERS,4.5,83,5000,Free,0.0,Everyone,2018-05-16,4.5,Video Players & Editors
DZ PROMOS - Promotions & Sale Alerts in Algeria,SHOPPING,4.1,331,50000,Free,0.0,Everyone,2017-08-10,10.0,Shopping
JNews DZ - Algerian Newspapers,NEWS_AND_MAGAZINES,4.0,146,10000,Free,0.0,Everyone,2016-07-16,3.0,News & Magazines
Ouedkniss,SHOPPING,4.3,10355,1000000,Free,0.0,Teen,2018-06-19,0.8271484375,Shopping
Files To SD Card Pro,TOOLS,4.2,994,100000,Free,0.0,Everyone,2018-05-18,2.8,Tools
My Ooredoo Algeria,TOOLS,4.2,3606,100000,Free,0.0,Everyone,2018-06-24,17.0,Tools
PHARMAGUIDE (DZ),HEALTH_AND_FITNESS,4.1,131,5000,Free,0.0,Everyone,2016-04-01,3.4,Health & Fitness
لعبة تقدر تربح DZ,FAMILY,4.2,238,10000,Free,0.0,Everyone,2016-11-18,6.8,Education
chat dz,COMMUNICATION,5.0,8,100,Free,0.0,Teen,2018-03-14,29.0,Communication
Devise Dz,FINANCE,4.0,26,1000,Free,0.0,Everyone,2017-05-29,3.6,Finance
BAC DZ Questionnaire,FAMILY,4.0,38,5000,Free,0.0,Everyone,2018-05-25,,Education
Ludo Dz,GAME,4.5,17,500,Free,0.0,Everyone,2017-08-27,28.0,Board
Agent HQ for The Division,FAMILY,4.1,1060,100000,Free,0.0,Everyone,2018-02-17,2.5,Entertainment
infirmiers,MEDICAL,4.7,125,10000,Free,0.0,Everyone,2018-06-07,23.0,Medical
DZ sim,TOOLS,4.4,417,10000,Free,0.0,Everyone,2018-04-26,15.0,Tools
Tuberculose Dz,MEDICAL,4.9,26,1000,Free,0.0,Everyone,2016-11-06,6.1,Medical
DZ Fly Algérie Horaire Vols,TRAVEL_AND_LOCAL,3.6,114,10000,Free,0.0,Everyone,2016-10-31,10.0,Travel & Local
3G to 4G Converter - Simulator,TOOLS,4.2,268,10000,Free,0.0,Everyone,2018-02-21,2.4,Tools
ChangeDA - Cours du DZD sur le marché parallèle,FINANCE,4.4,188,10000,Free,0.0,Everyone,2018-07-28,3.3,Finance
Tunisian Dinar: Exchange rate,FINANCE,4.5,625,10000,Free,0.0,Everyone,2018-03-30,3.8,Finance
love sms good morning,COMMUNICATION,4.2,10,5000,Free,0.0,Everyone,2016-04-28,3.1,Communication
DZ Blagues,FAMILY,4.2,580,10000,Free,0.0,Everyone,2012-12-19,2.1,Entertainment
EA SPORTS UFC®,SPORTS,4.5,2371338,50000000,Free,0.0,Teen,2017-07-24,37.0,Sports
NBA LIVE Mobile Basketball,SPORTS,4.4,1690802,50000000,Free,0.0,Everyone,2018-05-21,58.0,Sports
Need for Speed™ No Limits,GAME,4.4,3344300,50000000,Free,0.0,Everyone 10+,2018-07-24,22.0,Racing
Real Racing 3,FAMILY,4.5,354454,10000000,Free,0.0,Everyone,2018-07-02,71.0,Racing
Madden NFL Football,FAMILY,4.5,1455952,10000000,Free,0.0,Everyone,2018-05-15,,Sports
EA SPORTS™ FIFA 18 Companion,SPORTS,3.9,282727,10000000,Free,0.0,Everyone,2017-12-07,63.0,Sports
The Simpsons™: Tapped Out,FAMILY,4.3,636995,10000000,Free,0.0,Teen,2018-07-31,49.0,Casual
Plants vs. Zombies™ 2,FAMILY,4.4,567632,10000000,Free,0.0,Everyone 10+,2018-06-12,15.0,Casual
Star Wars™: Galaxy of Heroes,FAMILY,4.5,1461698,10000000,Free,0.0,Everyone 10+,2018-05-21,67.0,Role Playing
Dungeon Keeper,FAMILY,4.0,69574,500000,Free,0.0,Everyone 10+,2018-05-24,45.0,Strategy
Lost Journey (Dreamsky),GAME,4.5,32344,1000000,Paid,0.99,Everyone,2016-10-21,29.0,Adventure
TETRIS,FAMILY,4.0,199808,10000000,Free,0.0,Everyone,2018-06-14,57.0,Puzzle
Bejeweled Classic,FAMILY,4.4,203101,5000000,Free,0.0,Everyone,2018-05-31,,Casual
NBA JAM by EA SPORTS™,FAMILY,4.3,56444,500000,Paid,4.99,Everyone,2017-02-08,43.0,Sports
EA Plus,TRAVEL_AND_LOCAL,2.5,12,1000,Free,0.0,Everyone,2017-11-03,12.0,Travel & Local
TETRIS Blitz,FAMILY,4.4,201631,5000000,Free,0.0,Everyone,2018-06-01,96.0,Puzzle
POGO Games,FAMILY,3.8,32600,1000000,Free,0.0,Everyone,2017-02-22,26.0,Casual
SW Battlefront Companion,FAMILY,4.4,93870,1000000,Free,0.0,Everyone,2016-02-03,79.0,Strategy
Bejeweled Blitz,FAMILY,4.2,222664,10000000,Free,0.0,Everyone,2018-08-01,98.0,Puzzle
Peggle Blast,GAME,4.1,166251,5000000,Free,0.0,Everyone,2017-12-11,19.0,Card
Heroes of Dragon Age,GAME,4.2,70389,1000000,Free,0.0,Teen,2018-05-09,28.0,Action
SCRABBLE,GAME,3.9,172281,5000000,Free,0.0,Everyone,2018-08-01,50.0,Word
Asphalt Xtreme: Rally Racing,GAME,4.5,567984,10000000,Free,0.0,Everyone,2018-07-16,39.0,Racing
FIFA 16 Soccer,SPORTS,4.1,820577,10000000,Free,0.0,Everyone,2017-01-25,30.0,Sports
League of Stickman 2018- Ninja Arena PVP(Dreamsky),GAME,4.4,32496,1000000,Paid,0.99,Teen,2018-07-03,99.0,Action
Modern Combat 5: eSports FPS,GAME,4.3,2903386,100000000,Free,0.0,Mature 17+,2018-07-24,58.0,Action
Bejeweled Stars: Free Match 3,FAMILY,4.5,85484,1000000,Free,0.0,Everyone,2018-08-02,,Puzzle
Mass Effect: Andromeda APEX HQ,GAME,3.4,4490,100000,Free,0.0,Everyone 10+,2017-09-21,92.0,Action
Mirror’s Edge™ Companion,GAME,3.4,1995,100000,Free,0.0,Everyone,2016-06-28,43.0,Action
Stickman Legends: Shadow Wars,GAME,4.4,38419,1000000,Paid,0.99,Everyone 10+,2018-08-03,100.0,Action
MLB Perfect Inning 2018,SPORTS,4.2,42767,1000000,Free,0.0,Everyone,2018-07-26,72.0,Sports
Gear.Club - True Racing,GAME,4.4,140658,1000000,Free,0.0,Everyone,2018-08-01,37.0,Racing
Plants vs. Zombies™ Watch Face,FAMILY,3.5,33178,1000000,Free,0.0,Everyone,2015-02-02,3.1,Casual
Real Football,SPORTS,4.1,585564,10000000,Free,0.0,Everyone,2018-06-01,33.0,Sports
Typical EA Game,FAMILY,4.6,33,100,Free,0.0,Everyone,2017-11-18,3.3,Casual
EB Mobile,FAMILY,1.7,1172,10000,Free,0.0,Everyone,2017-10-09,5.6,Education
EB Events,TRAVEL_AND_LOCAL,3.3,97,10000,Free,0.0,Everyone,2016-01-27,16.0,Travel & Local
i am EB,PHOTOGRAPHY,5.0,1,10,Free,0.0,Teen,2017-02-01,5.4,Photography
EB-Link,BUSINESS,4.8,6,100,Free,0.0,Everyone,2018-06-07,11.0,Business
Exchange Bank - EB Mobile,FINANCE,4.6,8,1000,Free,0.0,Everyone,2018-05-02,31.0,Finance
TANGEDCO Mobile App (Official),BUSINESS,3.3,2915,500000,Free,0.0,Everyone,2017-11-03,3.3,Business
Free E B Garamond Cool Font,PERSONALIZATION,4.2,410,100000,Free,0.0,Everyone,2018-04-20,6.1,Personalization
Epson iProjection,PRODUCTIVITY,3.5,3930,1000000,Free,0.0,Everyone,2018-03-22,18.0,Productivity
TN e Sevai TN EB Bill Patta Citta EC Birth All Hub,SOCIAL,3.7,23,5000,Free,0.0,Everyone,2018-04-26,16.0,Social
EB Scanner,PRODUCTIVITY,5.0,9,50,Free,0.0,Everyone,2018-02-11,25.0,Productivity
eBay Kleinanzeigen for Germany,SHOPPING,4.6,318142,10000000,Free,0.0,Teen,2018-08-03,,Shopping
Mental Hospital:EB 2 Lite,GAME,4.1,5341,100000,Free,0.0,Teen,2014-04-30,8.8,Action
EB Annual Meetings,BOOKS_AND_REFERENCE,3.5,11,1000,Free,0.0,Everyone,2018-04-13,15.0,Books & Reference
UP EB Bill Payment & Details,SOCIAL,5.0,3,50,Free,0.0,Teen,2018-07-11,2.4,Social
Tamilnadu EB Online Payment,FINANCE,3.7,155,100000,Free,0.0,Everyone,2018-07-30,3.9,Finance
Online Kerala EB Bill Pay,FINANCE,4.0,37,5000,Free,0.0,Everyone,2017-11-16,3.9,Finance
বাংলাflix,FAMILY,4.2,1111,100000,Free,0.0,Everyone,2018-06-05,7.3,Entertainment
TNEB Quick Pay Easy,FINANCE,4.5,28,10000,Free,0.0,Teen,2018-01-29,1.4,Finance
TNEB,BUSINESS,3.8,1777,100000,Free,0.0,Everyone,2014-05-18,0.92578125,Business
TNEB Bill Checker / TNEB Bill Status,FINANCE,2.5,2,1000,Free,0.0,Everyone,2018-03-03,5.0,Finance
Skin Disease,BEAUTY,4.0,1,100,Free,0.0,Everyone,2017-08-30,2.2,Beauty
Bihar Land Records - RoR and EB Quick Pay,TOOLS,4.0,8,1000,Free,0.0,Everyone,2018-08-07,2.2,Tools
TNEB Reading,TOOLS,4.1,28,10000,Free,0.0,Everyone,2017-10-19,2.5,Tools
RPG ブレイジング ソウルズ アクセレイト,FAMILY,3.4,159,1000,Paid,10.99,Teen,2018-04-26,3.1,Role Playing
Tamilnadu Electricity Info,TOOLS,3.6,216,10000,Free,0.0,Everyone,2014-11-09,0.7919921875,Tools
Punjab Online - Land Records • EB Bill Pay • RC/DL,TOOLS,3.4,16,5000,Free,0.0,Everyone,2018-08-07,4.0,Tools
"energyly (TNEB,BESCOM,MH,DL..)",TOOLS,3.9,627,10000,Free,0.0,Everyone,2017-02-21,4.1,Tools
Paraglider Dashboard,SPORTS,4.6,549,50000,Free,0.0,Everyone,2018-03-03,2.8,Sports
Goodbox - Mega App,COMMUNICATION,4.3,3429,100000,Free,0.0,Everyone,2018-03-08,,Communication
Exército Brasileiro,PRODUCTIVITY,4.7,1730,100000,Free,0.0,Everyone,2018-02-01,16.0,Productivity
EB Cash Collections,BUSINESS,5.0,1,5,Free,0.0,Everyone,2018-07-31,4.3,Business
TN Electricity (TNEB),LIFESTYLE,3.9,73,10000,Free,0.0,Everyone,2016-12-21,3.8,Lifestyle
Electrician Calculator Pro,TOOLS,3.9,47,1000,Paid,14.99,Everyone,2014-06-03,0.263671875,Tools
"Call Blocker - Blacklist, SMS Blocker",COMMUNICATION,4.2,30350,1000000,Free,0.0,Everyone,2018-01-16,3.7,Communication
英漢字典 EC Dictionary,FAMILY,4.3,55408,1000000,Free,0.0,Everyone,2018-01-08,,Education
EC - AP & Telangana,BOOKS_AND_REFERENCE,3.5,10,5000,Free,0.0,Everyone,2017-11-10,3.0,Books & Reference
"TN Patta, Chitta, EC",TOOLS,4.1,633,100000,Free,0.0,Everyone,2016-10-21,3.8,Tools
TN Patta Chitta EC Info,TOOLS,4.2,1611,100000,Free,0.0,Everyone,2018-08-06,2.7,Tools
EC music dictionary,TOOLS,4.4,20,500,Paid,1.99,Everyone,2014-12-29,2.2,Tools
EC Security,LIFESTYLE,4.5,13,1000,Free,0.0,Everyone,2017-05-09,28.0,Lifestyle
TN Patta Citta & EC,BOOKS_AND_REFERENCE,3.8,48,10000,Free,0.0,Everyone,2018-03-27,1.5,Books & Reference
EC - Encumbrance Search - telangana state,BUSINESS,3.4,45,10000,Free,0.0,Everyone,2017-06-18,5.5,Business
Encumbrance Certificate - (Obsolete),BUSINESS,3.9,184,50000,Free,0.0,Everyone,2014-08-12,0.046875,Business
"My Handbook : EE, EC, EI, E&T, EEE, EECS",FAMILY,4.5,3776,100000,Free,0.0,Everyone,2017-07-24,7.7,Education
EC-HRV test,SPORTS,3.0,9,1000,Free,0.0,Everyone,2018-07-26,4.3,Sports
Barry EC,TOOLS,4.1,14,1000,Free,0.0,Everyone,2017-12-18,3.8,Tools
New Holland Agriculture T5 EC,PRODUCTIVITY,4.6,12,1000,Free,0.0,Everyone,2017-02-24,15.0,Productivity
EC Taximeter,PRODUCTIVITY,3.9,162,10000,Free,0.0,Everyone,2018-05-14,5.0,Productivity
Walk Freely (Ec Shlire),TOOLS,4.7,62,1000,Free,0.0,Everyone,2017-11-13,2.3,Tools
EC Apps List,TOOLS,4.5,2,100,Free,0.0,Everyone,2015-02-12,1.6,Tools
AP Stamps and Registration,BOOKS_AND_REFERENCE,3.4,82,10000,Free,0.0,Everyone,2018-03-27,2.7,Books & Reference
EC Calgary,FAMILY,5.0,6,100,Free,0.0,Teen,2018-06-26,8.1,Education
Victoria EC,TOOLS,5.0,5,500,Free,0.0,Everyone,2018-03-30,3.8,Tools
EC SPORTS,SPORTS,5.0,1,10,Free,0.0,Everyone,2015-05-26,6.3,Sports
ECナビ×シュフー,LIFESTYLE,4.0,576,50000,Free,0.0,Everyone,2018-06-07,7.4,Lifestyle
EC Reps,BUSINESS,4.0,1,100,Free,0.0,Everyone,2017-03-15,5.4,Business
EC Tax,FINANCE,4.9,8,500,Free,0.0,Everyone,2018-02-09,3.1,Finance
EC Fairgrounds,FAMILY,5.0,3,500,Free,0.0,Everyone,2018-07-13,5.5,Entertainment
Kiamichi EC,TOOLS,4.6,7,1000,Free,0.0,Everyone,2018-02-23,3.9,Tools
TN Patta /Chitta /EC New,SOCIAL,4.8,5,100,Free,0.0,Teen,2018-07-20,3.0,Social
HOLSTON EC,TOOLS,4.1,7,1000,Free,0.0,Everyone,2018-01-23,4.2,Tools
FILL EC,BUSINESS,4.1,13,100,Free,0.0,Everyone,2018-04-23,3.8,Business
GATE Syllabus for EC 2018 & Notifications,FAMILY,4.7,23,1000,Free,0.0,Everyone,2017-08-28,4.3,Education
EC Mover,GAME,5.0,5,10,Free,0.0,Everyone,2018-08-01,4.6,Racing
SCS eC,PRODUCTIVITY,4.4,7,100,Free,0.0,Everyone,2016-10-21,17.0,Productivity
My EF,FAMILY,3.3,4114,100000,Free,0.0,Everyone,2018-07-10,14.0,Education
EF Mentor: Words,FAMILY,4.0,403,50000,Free,0.0,Teen,2018-07-30,39.0,Education
EF Smart English for Phone,FAMILY,3.5,208,10000,Free,0.0,Everyone,2018-06-29,13.0,Education
My EF Center,FAMILY,2.8,89,10000,Free,0.0,Everyone,2018-07-23,35.0,Education
EF English Live Business,FAMILY,3.6,496,100000,Free,0.0,Everyone,2018-05-04,14.0,Education
EF Classroom,FAMILY,3.2,190,50000,Free,0.0,Everyone,2018-07-23,23.0,Education
EF English Live for phone,FAMILY,3.6,2210,100000,Free,0.0,Everyone,2018-07-24,15.0,Education
EF Smart English,FAMILY,3.7,150,5000,Free,0.0,Everyone,2018-06-11,11.0,Education
EF English Live Business Tablet,FAMILY,3.3,279,10000,Free,0.0,Everyone,2017-12-25,14.0,Education
EF English Live for tablets,FAMILY,3.1,1242,50000,Free,0.0,Everyone,2018-04-24,14.0,Education
EF Parеnts,FAMILY,4.1,435,50000,Free,0.0,Everyone,2018-06-21,17.0,Education
EF Teacher,FAMILY,3.1,16,1000,Free,0.0,Everyone,2018-04-19,17.0,Education
English Bite,FAMILY,3.5,268,10000,Free,0.0,Everyone,2016-01-25,9.8,Education
EF/VR – VR Tours of EF Schools,FAMILY,3.6,17,1000,Free,0.0,Teen,2015-09-15,15.0,Education
EF Events,EVENTS,5.0,7,100,Free,0.0,Teen,2017-10-05,4.4,Events
EF Go Ahead Tour Companion,TRAVEL_AND_LOCAL,2.3,23,1000,Free,0.0,Everyone,2018-06-18,43.0,Travel & Local
EF Sidekick,VIDEO_PLAYERS,3.1,36,5000,Free,0.0,Everyone,2017-03-20,,Video Players & Editors
EF-myHR,FINANCE,2.9,26,1000,Free,0.0,Everyone,2018-02-21,36.0,Finance
EF Spelling Bee,FAMILY,3.0,2,500,Free,0.0,Everyone,2017-10-12,9.4,Education
Education First FCU Mobile,FINANCE,2.9,204,10000,Free,0.0,Everyone,2018-05-09,29.0,Finance
Travelmoji,FAMILY,3.9,13,500,Free,0.0,Everyone,2016-06-24,10.0,Education
EF Forms,BUSINESS,5.0,2,50,Free,0.0,Everyone,2018-07-24,23.0,Business
Agenda EF,FAMILY,3.4,79,5000,Free,0.0,Everyone,2015-05-27,33.0,Education
EF App,BUSINESS,5.0,8,100,Free,0.0,Everyone,2017-01-23,20.0,Business
EF Coach,HEALTH_AND_FITNESS,4.8,17,500,Free,0.0,Everyone,2018-03-12,14.0,Health & Fitness
EF Universe: Endless Battle,FAMILY,4.2,5,50,Free,0.0,Teen,2018-07-31,54.0,Role Playing
EF Academy,HEALTH_AND_FITNESS,5.0,4,50,Free,0.0,Everyone,2018-03-23,15.0,Health & Fitness
Financial Calculator Pro EF,FINANCE,4.3,634,50000,Free,0.0,Everyone,2013-10-04,2.0,Finance
Carrier Landings Pro,FAMILY,4.6,5969,10000,Paid,12.99,Everyone,2018-06-29,31.0,Simulation
EF Calculator,PRODUCTIVITY,4.7,19,1000,Free,0.0,Everyone,2017-09-20,,Productivity
EF Financial Control Free,FINANCE,4.4,58,10000,Free,0.0,Everyone,2018-05-06,3.7,Finance
أحداث وحقائق | خبر عاجل في اخبار العالم,NEWS_AND_MAGAZINES,4.8,311,5000,Free,0.0,Everyone 10+,2018-07-15,14.0,News & Magazines
StudyLock - Education First,PARENTING,4.1,27,1000,Free,0.0,Everyone,2017-10-12,4.6,Parenting
English Conversation Courses,FAMILY,4.6,22165,1000000,Free,0.0,Everyone,2018-06-28,6.8,Education
Equestria Girls,FAMILY,4.3,392819,10000000,Free,0.0,Everyone,2016-07-22,53.0,Role Playing
eG Monitor,PRODUCTIVITY,4.6,8,100,Free,0.0,Everyone,2018-07-27,7.5,Productivity
E.G. Chess Free,GAME,4.0,505,10000,Free,0.0,Everyone,2014-12-06,23.0,Board
"EG SIM CARD (EGSIMCARD, 이지심카드)",BUSINESS,2.9,322,50000,Free,0.0,Everyone,2017-03-28,1.5,Business
EG-Boost,BUSINESS,4.1,25,1000,Free,0.0,Everyone,2017-11-27,2.4,Business
Bee Mobile EG,FINANCE,4.2,883,100000,Free,0.0,Everyone,2018-05-05,6.5,Finance
E.G. Chess,GAME,4.3,56,1000,Paid,0.99,Everyone,2014-12-06,23.0,Board
EG SIM CARD (EGSIMCARD),TRAVEL_AND_LOCAL,4.4,105,10000,Free,0.0,Everyone,2018-05-02,5.0,Travel & Local
EG Retail,BUSINESS,2.4,29,500,Free,0.0,Everyone,2018-07-05,16.0,Business
EG Movi,TOOLS,4.2,40,1000,Free,0.0,Everyone,2017-05-12,7.4,Tools
Energenie EG-PM1W Setup Wizard,TOOLS,3.1,17,1000,Free,0.0,Everyone,2014-10-10,0.5107421875,Tools
EG Classroom Decimals™,FAMILY,3.0,2,50,Paid,2.99,Everyone,2017-06-12,18.0,Education
EGW Writings 2,BOOKS_AND_REFERENCE,4.7,6547,100000,Free,0.0,Everyone,2017-12-08,16.0,Books & Reference
Alipay,FINANCE,3.4,42497,1000000,Free,0.0,Teen,2018-07-02,61.0,Finance
EGW Writings,BOOKS_AND_REFERENCE,4.7,24278,1000000,Free,0.0,Everyone,2017-12-27,3.1,Books & Reference
Bible with EGW Comments,BOOKS_AND_REFERENCE,4.7,3776,100000,Free,0.0,Everyone,2018-02-07,12.0,Books & Reference
Eg Call,COMMUNICATION,4.2,91,10000,Free,0.0,Everyone,2017-02-26,6.0,Communication
EG India,LIFESTYLE,5.0,3,100,Free,0.0,Everyone,2018-07-29,4.0,Lifestyle
Fashion Pony Girls Dress Up Makeup Game,FAMILY,4.5,256,10000,Free,0.0,Everyone,2018-07-13,30.0,Simulation
My Little Pony Celebration,FAMILY,4.3,63192,1000000,Free,0.0,Everyone,2016-07-22,17.0,Simulation
My Little Pony AR Guide,BOOKS_AND_REFERENCE,3.3,7993,1000000,Free,0.0,Everyone,2017-11-03,51.0,Books & Reference
MY LITTLE PONY: Magic Princess,FAMILY,4.4,1309728,50000000,Free,0.0,Everyone,2018-07-11,,Casual
L.A. Crime Stories 2 Mad City Crime,GAME,4.2,3946,100000,Free,0.0,Teen,2017-03-30,42.0,Racing
LA Stories 4 New Order Sandbox 2018,GAME,4.2,17453,1000000,Free,0.0,Mature 17+,2018-06-01,99.0,Racing
SDA Sabbath School Quarterly,BOOKS_AND_REFERENCE,4.7,14773,500000,Free,0.0,Everyone,2017-10-09,6.4,Books & Reference
Sirens Fashion Style Game,FAMILY,4.3,2282,500000,Free,0.0,Everyone,2018-02-20,22.0,Simulation
Equestria Amino for MLP,SOCIAL,4.8,8369,50000,Free,0.0,Teen,2018-07-13,63.0,Social
Propertyfinder,LIFESTYLE,4.2,1506,100000,Free,0.0,Everyone,2018-08-07,11.0,Lifestyle
L.A. Crime Stories Mad City Crime,GAME,4.0,30008,1000000,Free,0.0,Mature 17+,2017-03-30,99.0,Racing
My Little Pony: Story Creator,FAMILY,4.2,11002,1000000,Free,0.0,Everyone,2017-05-11,21.0,Education
Pocket Little Pony,FAMILY,4.1,47576,1000000,Free,0.0,Everyone 10+,2017-03-01,14.0,Simulation
Dance Magic Fashion Style Games,FAMILY,4.6,2533,100000,Free,0.0,Everyone,2018-02-27,46.0,Simulation
Inventory & Barcode scanner & WIFI scanner,PRODUCTIVITY,4.6,1880,50000,Paid,1.49,Everyone,2018-07-01,18.0,Productivity
MLP Colouring Adventures,FAMILY,3.8,7379,1000000,Free,0.0,Everyone,2017-03-28,61.0,Entertainment
Miraculous Ladybug & Cat Noir - The Official Game,GAME,4.5,185382,10000000,Free,0.0,Everyone,2018-07-30,99.0,Action
Fashion Girls Dress up Makeup,FAMILY,4.4,115,10000,Free,0.0,Everyone,2018-07-13,31.0,Simulation
My Little Pony: Harmony Quest,FAMILY,4.1,148405,10000000,Free,0.0,Everyone,2018-03-05,26.0,Casual
Home Pony 2,FAMILY,4.0,20977,1000000,Free,0.0,Everyone,2018-06-18,26.0,Simulation
Eh Volevi!,FAMILY,3.9,1619,100000,Free,0.0,Everyone,2017-10-07,7.0,Entertainment
VITEK EH DVR Viewer (Pro),TOOLS,3.5,78,10000,Free,0.0,Everyone,2013-10-11,3.3,Tools
Eh Bee Wallpapers HD,PERSONALIZATION,5.0,4,100,Free,0.0,Everyone,2018-04-24,3.9,Personalization
EH!,LIFESTYLE,4.6,10,1000,Free,0.0,Everyone,2018-07-18,8.7,Lifestyle
Arogyam EH,MEDICAL,3.6,18,1000,Free,0.0,Everyone,2018-05-12,3.5,Medical
Betul Ke Bohong Eh?,GAME,4.2,601,100000,Free,0.0,Everyone,2015-04-03,6.4,Trivia
Eh Amego!,GAME,3.8,13388,500000,Free,0.0,Everyone,2015-08-24,7.1,Arcade
EH kontrollrakendus,TOOLS,3.4,43,5000,Free,0.0,Everyone,2017-10-10,2.3,Tools
Fit the Fat 2,SPORTS,3.8,35746,5000000,Free,0.0,Everyone,2017-12-15,55.0,Sports
My Theme Park: RollerCoaster & Water Park Tycoon,FAMILY,4.2,128,10000,Free,0.0,Everyone 10+,2018-06-12,41.0,Strategy
Doomsday Preppers™,FAMILY,4.2,137167,1000000,Free,0.0,Everyone,2017-01-17,52.0,Strategy
TAXI DRIVER,FAMILY,3.7,7203,1000000,Free,0.0,Everyone,2016-01-11,32.0,Simulation
Crazy Doctor,FAMILY,4.0,267636,10000000,Free,0.0,Teen,2014-03-03,13.0,Role Playing
MazeMilitia Classic Multiplayer Shooting Game,GAME,4.4,1294,50000,Free,0.0,Mature 17+,2018-03-08,44.0,Action
Endress+Hauser Operations,BUSINESS,4.5,234,10000,Free,0.0,Everyone,2018-04-16,3.4,Business
ZOMBIE RIPPER,GAME,3.7,16073,500000,Free,0.0,Mature 17+,2017-11-14,94.0,Action
Soldiers of Glory: Modern War,FAMILY,4.2,64815,5000000,Free,0.0,Teen,2018-06-01,23.0,Strategy
Driving School 3D 2017,FAMILY,3.9,5075,500000,Free,0.0,Everyone,2017-04-04,48.0,Simulation
Retro Camera,PHOTOGRAPHY,4.0,125616,10000000,Free,0.0,Everyone,2017-03-10,,Photography
Horror Hospital,GAME,3.7,63986,1000000,Free,0.0,Teen,2017-10-10,26.0,Action
Ludo Family Dice Game,FAMILY,4.2,3593,500000,Free,0.0,Everyone,2018-03-07,19.0,Board
Mad Skills Motocross,GAME,4.0,32522,1000000,Free,0.0,Everyone,2016-01-25,44.0,Racing
Masterchef Cooking Games: Fun Restaurant & Kitchen,FAMILY,3.9,1036,100000,Free,0.0,Everyone,2018-07-06,33.0,Casual
US Army Training Courses Game,FAMILY,4.1,27130,5000000,Free,0.0,Everyone,2017-12-08,35.0,Simulation
Pineapple Pen,GAME,4.3,157264,10000000,Free,0.0,Everyone,2016-12-30,65.0,Arcade
Instant Buttons: The Best Soundboard,FAMILY,4.5,157322,5000000,Free,0.0,Teen,2018-01-05,9.2,Entertainment
Guess The Emoji,GAME,4.5,76627,5000000,Free,0.0,Everyone,2018-07-03,23.0,Word
Camping RV Caravan Parking 3D,GAME,3.3,5290,500000,Free,0.0,Everyone,2014-12-18,48.0,Racing
Grand Bat Superhero Flying Assault Rescue Mission,GAME,4.4,1094,500000,Free,0.0,Teen,2018-07-09,37.0,Action
Zombie Frontier,GAME,4.2,326689,10000000,Free,0.0,Teen,2018-05-30,20.0,Action
eHub,BUSINESS,4.2,6969,100000,Free,0.0,Everyone,2018-06-29,4.8,Business
Voice Changer,FAMILY,4.1,138050,10000000,Free,0.0,Everyone,2018-04-19,5.7,Entertainment
Heart Surgery Emergency Doctor,FAMILY,4.1,2248,100000,Free,0.0,Teen,2017-04-28,29.0,Educational
RUN JUMP RUN-fun games for free,GAME,4.4,661,100000,Free,0.0,Everyone,2018-04-20,42.0,Action
100 Doors of Revenge,FAMILY,4.1,105766,10000000,Free,0.0,Teen,2018-05-24,48.0,Puzzle
Lie Detector Prank,FAMILY,3.9,80313,10000000,Free,0.0,Everyone,2017-11-22,3.7,Casual
Virtual Mother Surgery Doctor : Emergency Hospital,FAMILY,3.9,70,10000,Free,0.0,Teen,2018-05-30,61.0,Educational
Princess Palace: Royal Pony,FAMILY,4.4,11442,1000000,Free,0.0,Everyone,2016-06-30,66.0,Educational
EI Mobile,FINANCE,3.8,4231,100000,Free,0.0,Everyone,2018-07-19,82.0,Finance
TAMAGO,FAMILY,3.0,42515,5000000,Free,0.0,Everyone,2018-05-23,1.6,Casual
Ei Electronics AudioLINK,TOOLS,3.4,59,10000,Free,0.0,Everyone,2017-10-19,1.8,Tools
Ei Samay - Bengali News Paper,NEWS_AND_MAGAZINES,4.3,20620,1000000,Free,0.0,Everyone,2018-07-17,,News & Magazines
NEMA ei,BUSINESS,5.0,4,100,Free,0.0,Everyone,2017-11-06,12.0,Business
the Egg - crack the egg,FAMILY,4.1,211,10000,Free,0.0,Everyone,2016-11-21,14.0,Casual
EI SmartMiles,FINANCE,2.4,9,1000,Free,0.0,Everyone,2018-01-21,3.8,Finance
Code on the egg,TOOLS,3.9,146,10000,Free,0.0,Everyone,2017-04-10,0.765625,Tools
EI Calculator,TOOLS,4.0,8,100,Free,0.0,Everyone,2016-05-23,1.5,Tools
Tamago egg,GAME,3.0,49,5000,Free,0.0,Everyone,2017-10-31,7.1,Trivia
Esporte Interativo - Notícias e Resultados Ao Vivo,SPORTS,4.4,4600,500000,Free,0.0,Everyone,2018-01-14,21.0,Sports
Let's Poke The Egg,GAME,3.4,9051,1000000,Free,0.0,Everyone,2017-02-04,23.0,Arcade
Egg,FAMILY,2.9,72,5000,Free,0.0,Mature 17+,2018-06-09,27.0,Simulation
ei Calc,TOOLS,5.0,2,10,Free,0.0,Everyone,2015-10-12,19.0,Tools
Disaster Will Strike,FAMILY,4.5,14692,1000000,Free,0.0,Everyone,2018-07-19,45.0,Puzzle
Egg: clicker,FAMILY,3.7,40678,1000000,Free,0.0,Everyone,2017-05-22,15.0,Casual
Egg for Pou,FAMILY,3.0,59096,5000000,Free,0.0,Everyone,2017-09-14,,Casual
Survival: Prison Escape,GAME,4.0,127810,10000000,Free,0.0,Mature 17+,2018-08-01,33.0,Action
Crack the blue angry birds egg,FAMILY,3.2,85,10000,Free,0.0,Everyone,2016-04-22,2.1,Puzzle
Tamago Tap Clicker Egg,FAMILY,3.6,209,50000,Free,0.0,Everyone,2016-10-19,16.0,Casual
Tap The Easter Egg!,FAMILY,3.2,111,5000,Free,0.0,Everyone,2016-03-18,3.3,Casual
Esporte Interativo Plus,SPORTS,3.7,27179,1000000,Free,0.0,Everyone,2018-07-30,20.0,Sports
EI国际,FAMILY,4.7,15,1000,Free,0.0,Everyone,2016-09-09,5.2,Education
Egg Baby,FAMILY,4.4,351607,5000000,Free,0.0,Everyone 10+,2016-06-29,8.7,Casual
Surprise Eggs,FAMILY,3.9,81543,10000000,Free,0.0,Everyone,2018-07-19,,Casual
PJ Masks: Moonlight Heroes,FAMILY,4.4,87045,10000000,Free,0.0,Everyone,2018-06-05,99.0,Casual
Crack Attack,FAMILY,4.3,31970,1000000,Free,0.0,Everyone,2017-06-07,77.0,Puzzle
Aaj Bangla: ei samay er khobor,NEWS_AND_MAGAZINES,4.9,34,1000,Free,0.0,Everyone,2017-01-15,3.8,News & Magazines
Break the Egg,FAMILY,2.6,366,50000,Free,0.0,Everyone,2018-01-05,6.0,Entertainment
"Kolkata News:Anandbazar Patrika,ei samay&AllRating",NEWS_AND_MAGAZINES,5.0,10,100,Free,0.0,Everyone,2018-07-14,5.0,News & Magazines
PJ Masks: HQ,FAMILY,4.1,13731,1000000,Free,0.0,Everyone,2018-06-22,55.0,Entertainment
Ei Somoy & Dainik Sangbad & Statesman (PDF),NEWS_AND_MAGAZINES,4.0,4,100,Free,0.0,Everyone,2018-07-25,5.3,News & Magazines
TAMAGO Monsters Returns,GAME,4.1,104583,1000000,Free,0.0,Everyone,2016-08-18,37.0,Arcade
EJ Elite Prospects League,SPORTS,3.3,3,1000,Free,0.0,Everyone,2018-02-23,12.0,Sports
Super Sport Car Simulator,FAMILY,4.2,58553,1000000,Free,0.0,Everyone,2016-12-25,50.0,Simulation
EJ Insight,NEWS_AND_MAGAZINES,4.0,33,1000,Free,0.0,Everyone,2014-09-30,0.2734375,News & Magazines
Ambulance Rescue Simulator 17,FAMILY,4.3,6669,1000000,Free,0.0,Everyone,2018-03-01,31.0,Simulation
Bad Piggies HD,FAMILY,4.4,764967,10000000,Free,0.0,Everyone,2018-07-05,69.0,Puzzle
EJ messenger,COMMUNICATION,5.0,1,10,Free,0.0,Teen,2017-10-18,25.0,Communication
Traffic Sniper Counter Attack,GAME,4.3,5339,1000000,Free,0.0,Teen,2017-12-05,38.0,Action
Rope Superhero Unlimited,GAME,4.4,6735,1000000,Free,0.0,Mature 17+,2017-05-10,26.0,Action
Extreme Super Car Driving 3D,GAME,3.9,23104,1000000,Free,0.0,Everyone,2015-08-05,48.0,Racing
Footej Camera,PHOTOGRAPHY,4.3,13258,1000000,Free,0.0,Everyone,2018-06-20,,Photography
Sport Car Simulator,FAMILY,4.0,48731,5000000,Free,0.0,Everyone,2018-04-19,68.0,Simulation
Fast Racing Car Simulator,GAME,3.8,8482,1000000,Free,0.0,Everyone,2015-08-10,45.0,Racing
Silence Premium Do Not Disturb,TOOLS,4.5,3356,10000,Paid,2.95,Everyone,2018-02-17,,Tools
Beach Head Shooting Assault,GAME,3.8,555,100000,Free,0.0,Teen,2018-03-02,44.0,Action
Stickman Warriors Heroes 2,GAME,4.4,13714,1000000,Free,0.0,Everyone 10+,2017-04-15,41.0,Action
Dead Target Zombie Shooting US Sniper Killer Squad,GAME,4.3,240,50000,Free,0.0,Teen,2017-10-03,65.0,Action
Learn Music Notes,FAMILY,4.7,143,1000,Paid,1.99,Everyone,2018-06-17,4.4,Music
Luxury Car Simulator,FAMILY,3.9,35989,1000000,Free,0.0,Everyone,2015-08-07,46.0,Simulation
Dubai Racing,GAME,4.2,16237,500000,Free,0.0,Everyone,2015-12-23,23.0,Racing
Office Bike Racing Simulator,FAMILY,3.8,21149,1000000,Free,0.0,Everyone,2015-10-09,30.0,Simulation
Pregnant Mom Surgery Newborn Twins Baby Birth Care,FAMILY,4.3,95,10000,Free,0.0,Teen,2018-02-24,28.0,Educational
Pet Beauty Salon,FAMILY,3.8,20292,1000000,Free,0.0,Everyone,2015-05-24,47.0,Educational
Booking Revolution,SPORTS,4.2,140883,5000000,Free,0.0,Teen,2018-07-21,59.0,Sports
Nights Keeper (do not disturb),LIFESTYLE,4.5,16426,500000,Free,0.0,Everyone,2017-02-26,1.6,Lifestyle
Farming Simulator 16,FAMILY,4.2,32812,500000,Paid,2.99,Everyone,2018-04-10,14.0,Simulation
Lily & Leo - Crazy Circus Day,FAMILY,3.6,8091,1000000,Free,0.0,Everyone,2018-06-05,43.0,Casual
WIZARD Card Game,GAME,4.0,48,1000,Paid,1.99,Everyone,2014-12-15,4.1,Card
Fake Call From Wengie Prank,FAMILY,3.5,352,50000,Free,0.0,Everyone,2017-07-23,3.8,Entertainment
Robot Fighting Games™ - Real Boxing Champions 3D,GAME,4.4,30,5000,Free,0.0,Everyone,2018-07-02,47.0,Action
Ghost Hunting camera,GAME,3.5,3048,500000,Free,0.0,Teen,2017-03-06,24.0,Action
Santa Panda Bubble Christmas,GAME,4.1,101,10000,Free,0.0,Everyone,2017-03-14,31.0,Arcade
TeamWard – live help for LoL,FAMILY,4.8,3136,100000,Free,0.0,Everyone,2018-06-27,2.7,Entertainment
3D Metal Piano Keys Keyboard Theme,FOOD_AND_DRINK,4.4,467,100000,Free,0.0,Everyone,2018-07-01,7.3,Food & Drink
OffRoad US Army Train Driving Simulator,FAMILY,4.3,1216,500000,Free,0.0,Everyone 10+,2018-06-11,59.0,Simulation
Do Not Disturb! 2 - Challenge Your Prank Skills!,FAMILY,4.0,34417,1000000,Free,0.0,Everyone,2018-08-06,48.0,Educational
WiFi Tether Router,COMMUNICATION,4.2,5599,100000,Paid,2.9,Everyone,2018-07-02,1.3,Communication
Local weather Forecast,WEATHER,4.4,5482,1000000,Free,0.0,Everyone,2018-08-07,12.0,Weather
Kiss Me! Lip Kissing Test,FAMILY,3.5,191,50000,Free,0.0,Everyone,2018-05-18,5.0,Entertainment
Smoke Effect Name Art Maker-Avatar Text Art Editor,PERSONALIZATION,4.3,1961,100000,Free,0.0,Everyone,2018-06-29,6.6,Personalization
The Emirates App,TRAVEL_AND_LOCAL,4.4,22776,1000000,Free,0.0,Everyone,2018-08-06,55.0,Travel & Local
ek tuhi,VIDEO_PLAYERS,4.7,316,10000,Free,0.0,Everyone,2014-07-04,2.8,Video Players & Editors
Master E.K,FAMILY,5.0,90,1000,Free,0.0,Everyone,2017-08-11,,Education
EK Platinum,LIFESTYLE,3.8,52,10000,Free,0.0,Everyone,2017-12-26,10.0,Lifestyle
EK Bailey Preaching Conference,EVENTS,5.0,3,500,Free,0.0,Everyone,2018-07-02,30.0,Events
Ek Maratha,SOCIAL,4.8,725,10000,Free,0.0,Teen,2016-10-12,3.7,Social
Ek Onkar,FAMILY,4.9,107,10000,Free,0.0,Everyone,2016-04-03,18.0,Entertainment
Racing Moto,GAME,4.3,697805,50000000,Free,0.0,Everyone,2018-07-03,7.4,Racing
Pyaar Ek Dhoka,FAMILY,5.0,18,50,Free,0.0,Everyone,2018-02-13,1.3,Casual
Duaa Ek Ibaadat,BOOKS_AND_REFERENCE,4.9,122,5000,Free,0.0,Everyone,2016-04-10,26.0,Books & Reference
Ek Onkar Mantras,LIFESTYLE,4.9,82,5000,Free,0.0,Everyone,2016-08-07,5.0,Lifestyle
Alex Fuel Calculator for EK,TOOLS,4.9,19,500,Free,0.0,Everyone,2018-06-15,3.3,Tools
Ringtones Of Ek Onkar,FAMILY,4.5,6,1000,Free,0.0,Everyone,2017-05-31,3.9,Entertainment
Ek Kahani Aisi Bhi Season 2 - The Horror Story,FAMILY,4.5,28,1000,Free,0.0,Teen,2018-07-20,5.6,Entertainment
Ek Bander Ne Kholi Dukan,FAMILY,5.0,10,10000,Free,0.0,Everyone,2017-06-26,3.0,Entertainment
Hum Ek Hain 2.02,SOCIAL,5.0,2,10,Free,0.0,Teen,2018-03-18,1.8,Social
Ek Kahani Aisi Bhi Season 3 - The Horror Story,FAMILY,3.0,1,100,Free,0.0,Teen,2018-07-21,5.8,Entertainment
Sai Baba - Sabka Malik Ek,PRODUCTIVITY,4.9,42,1000,Free,0.0,Everyone,2018-05-26,38.0,Productivity
Ek Vote,PRODUCTIVITY,5.0,43,500,Free,0.0,Everyone,2017-11-07,6.2,Productivity
Asha Ek Hope - ALS/ MND,MEDICAL,5.0,2,100,Free,0.0,Everyone,2018-05-23,11.0,Medical
Airplane Pilot Car Transporter,FAMILY,4.1,182363,10000000,Free,0.0,Everyone,2018-07-27,62.0,Simulation
Ek Kauwa Pyasa Tha,FAMILY,4.1,35,50000,Free,0.0,Everyone,2017-06-25,3.1,Entertainment
Train Racing Games 3D 2 Player,GAME,4.3,192374,10000000,Free,0.0,Everyone,2018-01-09,56.0,Racing
Video Maker with Photo and Music,PHOTOGRAPHY,4.3,4871,1000000,Free,0.0,Everyone,2018-03-19,30.0,Photography
SIM Card Info,TOOLS,4.1,4234,1000000,Free,0.0,Everyone,2018-05-25,1.9,Tools
Toilet Ek Prem Katha Songs Lyrics in Hindi,FAMILY,4.7,3,1000,Free,0.0,Everyone,2017-08-10,2.0,Entertainment
Sanu Ek Pal Chain Song Videos - RAID Movie Songs,FAMILY,4.9,11,5000,Free,0.0,Everyone,2018-03-08,4.3,Entertainment
"Phogy, 3D Camera",PHOTOGRAPHY,4.0,35725,1000000,Free,0.0,Everyone,2015-02-11,9.9,Photography
Ek Qissa He Quran Se (Qurani Waqiyat),FAMILY,5.0,4,100,Free,0.0,Everyone,2017-10-30,2.0,Entertainment
Lyrics of Ek Paheli Leela,FAMILY,5.0,4,500,Free,0.0,Everyone,2016-04-23,2.3,Entertainment
Exiled Kingdoms RPG,FAMILY,4.6,49210,1000000,Free,0.0,Everyone 10+,2018-07-05,99.0,Role Playing
Sabka Malik Ek Sai,SOCIAL,4.2,17,1000,Free,0.0,Teen,2013-05-25,5.1,Social
Voice Lock Screen,LIFESTYLE,3.7,6667,1000000,Free,0.0,Everyone,2018-04-02,2.7,Lifestyle
Shabad Gurubani Punjabi mp3 free - Ek Onkar Satnam,FAMILY,5.0,5,100,Free,0.0,Everyone,2018-01-19,64.0,Entertainment
Bus Driver 3D: Hill Station,FAMILY,4.3,31705,5000000,Free,0.0,Everyone,2017-11-06,49.0,Simulation
Extreme Motorbike Jump 3D,FAMILY,4.0,94308,10000000,Free,0.0,Everyone,2016-12-25,79.0,Simulation
el,FAMILY,4.3,32405,1000000,Free,0.0,Everyone,2014-12-18,47.0,Casual
El Pollo Loco - Loco Rewards,FOOD_AND_DRINK,4.0,848,100000,Free,0.0,Everyone,2018-02-23,25.0,Food & Drink
El Chavo,FAMILY,4.0,751,10000,Paid,0.99,Everyone,2014-11-04,49.0,Casual
EL AL Flights,TRAVEL_AND_LOCAL,3.1,1563,100000,Free,0.0,Everyone,2018-05-24,36.0,Travel & Local
DreamStream By EL AL,TRAVEL_AND_LOCAL,3.4,595,100000,Free,0.0,Everyone,2016-01-18,22.0,Travel & Local
Learn English with El Chavo.,FAMILY,4.2,6133,100000,Free,0.0,Everyone,2015-10-01,7.0,Education
Learn Math with el Chavo,FAMILY,4.2,840,100000,Free,0.0,Everyone,2018-06-28,60.0,Education
El Nuevo Día,NEWS_AND_MAGAZINES,4.1,8011,500000,Free,0.0,Everyone 10+,2018-06-13,13.0,News & Magazines
EL NORTE,NEWS_AND_MAGAZINES,3.4,2436,100000,Free,0.0,Everyone,2018-06-26,,News & Magazines
El Laberinto del Demonio 3D,FAMILY,4.0,20421,1000000,Free,0.0,Teen,2015-08-20,31.0,Puzzle
Learn to code with el Chavo,FAMILY,3.9,5933,1000000,Free,0.0,Everyone,2018-03-27,60.0,Educational
El Falı,FAMILY,4.8,36968,1000000,Free,0.0,Everyone,2017-11-03,16.0,Entertainment
El Laberinto del Demonio 2,FAMILY,4.1,3654,100000,Free,0.0,Teen,2017-04-14,25.0,Puzzle
TV Local El Salvador,FAMILY,4.3,323,10000,Free,0.0,Everyone,2018-05-08,3.6,Entertainment
Tigo Money El Salvador,FINANCE,4.3,4642,100000,Free,0.0,Everyone,2018-07-23,3.5,Finance
Hangman,FAMILY,4.4,23302,5000000,Free,0.0,Everyone,2018-03-24,12.0,Puzzle
El Dorado App,TRAVEL_AND_LOCAL,4.4,221,10000,Free,0.0,Everyone,2018-04-06,33.0,Travel & Local
Adivina el cantante de Trap y Reggaeton,GAME,4.5,1914,100000,Free,0.0,Everyone,2018-06-29,24.0,Trivia
The translator,TOOLS,4.5,23805,1000000,Free,0.0,Everyone,2017-08-13,4.1,Tools
Fernanfloo,GAME,4.8,526595,10000000,Free,0.0,Everyone 10+,2018-06-26,49.0,Arcade
Weather 14 Days,WEATHER,4.4,279917,10000000,Free,0.0,Everyone,2018-07-18,,Weather
The dollar in mexico,FINANCE,4.5,4254,100000,Free,0.0,Everyone,2017-08-29,3.2,Finance
Real Madrid App,SPORTS,4.6,161423,5000000,Free,0.0,Everyone,2018-08-01,73.0,Sports
OWLIE BOO,FAMILY,4.6,834,100000,Free,0.0,Everyone,2018-03-15,22.0,Puzzle
Trazado de tuberia El Tubero,TOOLS,4.5,313,10000,Paid,1.97,Everyone,2015-03-29,4.4,Tools
Weather by eltiempo.es,WEATHER,4.2,67854,5000000,Free,0.0,Everyone,2018-08-02,,Weather
The Game of Life,GAME,4.4,18652,100000,Paid,2.99,Everyone,2018-07-04,63.0,Board
Spanish English Translator,BOOKS_AND_REFERENCE,4.2,87919,10000000,Free,0.0,Teen,2018-05-28,,Books & Reference
The Holy Rosary,LIFESTYLE,4.7,56197,1000000,Free,0.0,Everyone,2018-08-06,15.0,Lifestyle
Western Union US - Send Money Transfers Quickly,FINANCE,4.5,80904,5000000,Free,0.0,Everyone,2018-07-05,16.0,Finance
"Maps, GPS Navigation & Directions, Street View",MAPS_AND_NAVIGATION,4.2,207440,10000000,Free,0.0,Everyone,2018-07-23,6.4,Maps & Navigation
Human Anatomy Atlas 2018: Complete 3D Human Body,MEDICAL,4.5,2923,100000,Paid,24.99,Everyone,2018-05-25,25.0,Medical
Red Hands – 2-Player Games,GAME,4.2,93608,10000000,Free,0.0,Everyone,2018-02-09,,Action
Narcos: Cartel Wars,FAMILY,4.7,244797,5000000,Free,0.0,Teen,2018-07-30,52.0,Strategy
Get 'Em,GAME,4.1,7904,500000,Free,0.0,Everyone 10+,2016-10-26,21.0,Action
EM Launcher for EMUI,PERSONALIZATION,4.1,3175,500000,Free,0.0,Everyone,2018-04-06,2.3,Personalization
Live Hold’em Pro Poker - Free Casino Games,GAME,4.6,1123190,10000000,Free,0.0,Teen,2018-08-07,,Card
Beach Shoot Em Up: Head Hunter,GAME,4.4,1218,500000,Free,0.0,Everyone 10+,2018-03-06,15.0,Action
Connect'Em,FAMILY,4.5,49381,1000000,Free,0.0,Everyone,2018-06-25,6.8,Puzzle
Stick 'Em Up 2 Starter Edition,GAME,3.8,2102,100000,Free,0.0,Everyone 10+,2015-09-11,40.0,Action
Shoot`Em Down: Shooting game,GAME,3.9,7972,500000,Free,0.0,Teen,2017-08-12,88.0,Action
Texas Hold’em Poker + | Social,GAME,3.5,4416,500000,Free,0.0,Teen,2017-01-18,59.0,Casino
PlayTexas Hold'em Poker Free,GAME,3.8,3543,1000000,Free,0.0,Teen,2018-03-10,,Card
EM Launcher Pro,PERSONALIZATION,4.2,35,1000,Paid,3.99,Everyone,2016-04-02,0.0234375,Personalization
HAWK – Force of an Arcade Shooter. Shoot 'em up,GAME,4.6,190274,5000000,Free,0.0,Everyone,2018-07-09,46.0,Arcade
Shoot Em Down Free,FAMILY,3.7,2850,500000,Free,0.0,Everyone,2018-02-09,39.0,Puzzle
Game for KIDS: KIDS match'em,FAMILY,4.4,7006,1000000,Free,0.0,Everyone,2016-10-23,6.9,Education
Texas Hold'em Poker,GAME,3.6,12846,1000000,Free,0.0,Teen,2017-12-29,14.0,Casino
Nuke Em All,FAMILY,3.4,2714,500000,Free,0.0,Mature 17+,2017-11-19,52.0,Casual
Poker Equity Calculator Pro for No Limit Hold'em,GAME,4.0,21,5000,Paid,0.99,Everyone,2017-09-10,14.0,Card
Poker Live! 3D Texas Hold'em,GAME,4.3,6143,100000,Free,0.0,Teen,2018-07-25,37.0,Casino
"CBS Sports App - Scores, News, Stats & Watch Live",SPORTS,4.3,91035,5000000,Free,0.0,Everyone,2018-08-04,,Sports
Fun Texas Hold'em Poker,GAME,4.5,32831,500000,Free,0.0,Teen,2017-05-12,24.0,Casino
Elevator Simulator Lift EM ALL,FAMILY,4.4,2941,100000,Free,0.0,Teen,2018-07-31,28.0,Simulation
Dragonplay™ Poker Texas Holdem,GAME,4.5,197979,1000000,Free,0.0,Teen,2018-08-07,,Card
Punch em,GAME,4.1,2208,500000,Free,0.0,Everyone,2018-05-24,4.4,Arcade
Zynga Poker – Texas Holdem,GAME,4.4,1986068,50000000,Free,0.0,Teen,2018-07-25,52.0,Casino
Boyaa Poker (En) – Social Texas Hold’em,GAME,4.3,71468,1000000,Free,0.0,Teen,2018-06-12,51.0,Card
World Series of Poker – WSOP Free Texas Holdem,GAME,4.5,910051,10000000,Free,0.0,Teen,2018-08-02,76.0,Card
Connect'Em Halloween,FAMILY,4.5,6673,500000,Free,0.0,Everyone,2016-09-23,4.4,Puzzle
Yahoo Fantasy Sports - #1 Rated Fantasy App,SPORTS,4.2,277939,5000000,Free,0.0,Mature 17+,2018-08-02,,Sports
Texas Holdem Poker Pro,GAME,4.5,114479,5000000,Free,0.0,Teen,2017-12-20,26.0,Card
Rage Fight of Streets - Beat Em Up Game,GAME,4.3,1489,100000,Free,0.0,Teen,2018-05-13,67.0,Action
HANGAME Casino - Baccarat & Texas Hold'em,GAME,4.1,8608,500000,Free,0.0,Teen,2018-05-17,46.0,Casino
PokerStars Play: Free Texas Holdem Poker Game,GAME,4.6,14989,500000,Free,0.0,Teen,2018-07-06,78.0,Card
Yoong: Kick 'Em Up!,SPORTS,4.3,7107,100000,Free,0.0,Everyone,2015-12-16,33.0,Sports
Texas Holdem Poker,GAME,4.0,127831,10000000,Free,0.0,Teen,2017-12-20,26.0,Card
Instabridge - Free WiFi Passwords and Hotspots,TOOLS,4.4,211308,10000000,Free,0.0,Everyone,2018-08-02,,Tools
Big Fish Casino – Play Slots & Vegas Games,GAME,4.4,382100,10000000,Free,0.0,Teen,2018-07-11,,Casino
LocaToWeb - Live GPS tracking,SPORTS,4.6,200,1000,Paid,2.49,Everyone,2018-08-02,3.0,Sports
TRANSFORMERS: Forged to Fight,GAME,4.6,291941,10000000,Free,0.0,Everyone 10+,2018-07-27,90.0,Action
Texas Holdem & Omaha Poker: Pokerist,GAME,4.3,187200,10000000,Free,0.0,Teen,2018-07-31,28.0,Card
Governor of Poker 2 - OFFLINE POKER GAME,GAME,4.3,246538,5000000,Free,0.0,Teen,2018-03-06,60.0,Card
Squadron - Bullet Hell Shooter,GAME,4.2,177542,10000000,Free,0.0,Everyone,2016-05-02,40.0,Arcade
Telemundo Deportes - En Vivo,SPORTS,4.5,36255,1000000,Free,0.0,Everyone,2018-08-01,25.0,Sports
Holy Knight EN,FAMILY,4.0,26202,1000000,Free,0.0,Teen,2018-05-05,41.0,Role Playing
Hello English: Learn English,FAMILY,4.6,750321,10000000,Free,0.0,Everyone,2018-08-07,,Education
Dictionary - Merriam-Webster,BOOKS_AND_REFERENCE,4.5,454412,10000000,Free,0.0,Everyone,2018-05-18,,Books & Reference
English in a Month Free,FAMILY,3.8,6577,1000000,Free,0.0,Everyone,2017-07-23,13.0,Education
Words With Friends – Play Free,GAME,4.3,711719,10000000,Free,0.0,Everyone,2018-07-11,,Word
FRANCE 24,NEWS_AND_MAGAZINES,4.3,47069,5000000,Free,0.0,Everyone 10+,2018-06-25,,News & Magazines
JW Library,BOOKS_AND_REFERENCE,4.9,922752,10000000,Free,0.0,Everyone,2018-06-15,,Books & Reference
Learn Body Parts in English,FAMILY,4.0,7243,1000000,Free,0.0,Everyone,2016-12-06,42.0,Education
ai.type keyboard Plus + Emoji,TOOLS,4.5,57076,100000,Paid,4.49,Everyone,2018-07-24,35.0,Tools
Edmodo,FAMILY,4.1,200214,10000000,Free,0.0,Everyone,2018-08-06,18.0,Education
Learn English Daily,FAMILY,4.5,7881,500000,Free,0.0,Everyone,2018-05-06,53.0,Education
Orfox: Tor Browser for Android,COMMUNICATION,4.2,44233,10000000,Free,0.0,Everyone,2018-07-02,31.0,Communication
"NewsDog - Latest News, Breaking News, Local News",NEWS_AND_MAGAZINES,4.4,291901,10000000,Free,0.0,Mature 17+,2018-07-20,4.3,News & Magazines
Keyboard ManMan,TOOLS,4.4,121304,10000000,Free,0.0,Everyone,2018-03-11,,Tools
RightNow English Conversation,FAMILY,4.0,5118,1000000,Free,0.0,Everyone,2018-03-02,11.0,Education
HTC Sense Input - EN,TOOLS,4.3,24175,5000000,Free,0.0,Everyone,2015-10-30,8.5,Tools
"busuu: Learn Languages - Spanish, English & More",FAMILY,4.3,207294,10000000,Free,0.0,Everyone 10+,2018-08-01,21.0,Education
Classic Words Solo,GAME,4.4,135739,5000000,Free,0.0,Everyone,2018-08-07,,Word
"Ginger Keyboard - Emoji, GIFs, Themes & Games",PRODUCTIVITY,4.4,162831,5000000,Free,0.0,Everyone,2018-08-01,43.0,Productivity
English Audio Books - Librivox,FAMILY,4.0,10773,1000000,Free,0.0,Everyone,2017-11-29,10.0,Education
Learn Top 300 English Words,FAMILY,4.7,61600,1000000,Free,0.0,Everyone,2018-02-24,3.4,Education
"Univision Deportes: Liga MX, MLS, Fútbol En Vivo",SPORTS,4.2,75566,5000000,Free,0.0,Everyone,2018-07-23,,Sports
Chess Free,GAME,4.5,1375988,50000000,Free,0.0,Everyone,2018-06-07,15.0,Board
Oxford Dictionary of English : Free,BOOKS_AND_REFERENCE,4.1,364452,10000000,Free,0.0,Everyone,2018-07-11,7.1,Books & Reference
English Hindi Dictionary,BOOKS_AND_REFERENCE,4.4,384368,10000000,Free,0.0,Everyone,2018-08-04,,Books & Reference
English to Hindi Dictionary,BOOKS_AND_REFERENCE,4.1,71328,5000000,Free,0.0,Everyone,2017-06-11,11.0,Books & Reference
EO.TRADE - Coin sale,FINANCE,4.3,95,10000,Free,0.0,Everyone,2018-06-05,1.5,Finance
EO Network,BUSINESS,3.5,13,1000,Free,0.0,Teen,2017-09-20,21.0,Business
The EO Bar,HEALTH_AND_FITNESS,4.7,416,10000,Paid,6.99,Everyone,2018-07-02,34.0,Health & Fitness
EO Global,BUSINESS,2.6,13,1000,Free,0.0,Everyone,2016-10-20,8.9,Business
EO SouthAsia,BUSINESS,4.2,8,100,Free,0.0,Teen,2018-04-25,19.0,Business
FAST EO,EVENTS,5.0,1,10,Free,0.0,Everyone,2018-05-15,,Events
EO Bijbel Open,LIFESTYLE,4.3,102,10000,Free,0.0,Everyone,2016-11-24,41.0,Lifestyle
Masha and the Bear,FAMILY,4.4,15105,1000000,Free,0.0,Everyone,2018-06-11,36.0,Education
Free games: Masha and the Bear,FAMILY,4.3,34514,5000000,Free,0.0,Everyone,2018-07-20,60.0,Puzzle
Masha and the Bear Child Games,FAMILY,4.1,288606,10000000,Free,0.0,Everyone,2018-05-08,92.0,Adventure
Masha and Bear: Cooking Dash,FAMILY,4.3,151374,10000000,Free,0.0,Everyone,2018-06-05,54.0,Role Playing
Masha and the Bear: Evolution,FAMILY,4.5,2062,500000,Free,0.0,Everyone,2018-06-14,42.0,Strategy
Masha and the Bear. Games for kids,FAMILY,4.6,6231,1000000,Free,0.0,Everyone,2018-07-13,31.0,Educational
Masha and The Bear Jam Day Match 3 games for kids,FAMILY,4.6,50060,1000000,Free,0.0,Everyone,2018-08-07,98.0,Puzzle
Where's My Water?,FAMILY,4.7,188740,1000000,Paid,1.99,Everyone,2018-07-05,69.0,Puzzle
Frozen Free Fall,FAMILY,4.3,1574546,50000000,Free,0.0,Everyone,2018-07-27,37.0,Puzzle
Urban Car Simulator,FAMILY,4.2,23292,1000000,Free,0.0,Everyone,2017-09-19,20.0,Simulation
Masha and the Bear: House Cleaning Games for Girls,FAMILY,4.5,43852,10000000,Free,0.0,Everyone,2018-07-19,77.0,Role Playing
Masha and The Bear Puzzle Game,FAMILY,4.3,13330,1000000,Free,0.0,Everyone,2018-05-24,73.0,Puzzle
Masha and the Bear. Educational Games,FAMILY,4.5,46369,10000000,Free,0.0,Everyone,2018-07-13,33.0,Educational
Bluetooth Pair,TOOLS,3.5,1960,1000000,Free,0.0,Everyone,2018-08-04,2.7,Tools
Sports Car Driving Simulator 2018,GAME,4.3,2178,500000,Free,0.0,Everyone,2018-03-28,57.0,Racing
Masha and the Bear: Good Night!,FAMILY,4.6,29155,1000000,Free,0.0,Everyone,2018-07-26,83.0,Educational
Masha and the Bear: Climb Racing and Car Games,FAMILY,4.5,2200,1000000,Free,0.0,Everyone,2018-07-23,73.0,Racing
Episode - Choose Your Story,FAMILY,4.3,1842381,50000000,Free,0.0,Teen,2018-07-31,,Simulation
Out There Chronicles - Ep. 1,FAMILY,4.4,1516,50000,Paid,2.99,Everyone,2017-11-27,44.0,Role Playing
EP Spotter,FAMILY,3.4,9,500,Free,0.0,Everyone,2016-09-28,28.0,Entertainment
EP Mobile,MEDICAL,4.3,267,50000,Free,0.0,Everyone,2018-07-08,2.3,Medical
EP RSS Reader,COMMUNICATION,3.8,4,100,Free,0.0,Everyone,2018-07-16,0.87109375,Communication
Out There Chronicles - Ep. 2,FAMILY,4.5,144,1000,Paid,2.99,Teen,2018-01-26,70.0,Role Playing
EP Church Annapolis,LIFESTYLE,5.0,2,100,Free,0.0,Everyone,2017-01-14,8.8,Lifestyle
EP Horlogerie,LIFESTYLE,4.9,18,1000,Free,0.0,Everyone,2018-03-28,24.0,Lifestyle
EP Radio,FAMILY,5.0,3,50,Free,0.0,Everyone,2018-03-26,0.150390625,Entertainment
The Great Wobo Escape Ep. 1,GAME,4.2,5449,500000,Free,0.0,Everyone 10+,2016-09-13,20.0,Action
The Visitor: Ep.2 - Sleepover Slaughter,GAME,4.3,5731,1000000,Free,0.0,Mature 17+,2018-01-02,31.0,Adventure
Superbrothers Sword & Sworcery,GAME,4.4,11023,100000,Paid,3.99,Teen,2018-01-26,16.0,Adventure
EP Lab Digest,MEDICAL,2.3,11,500,Free,0.0,Everyone,2018-07-12,12.0,Medical
EP Research Service,BOOKS_AND_REFERENCE,4.7,14,1000,Free,0.0,Everyone,2018-03-05,27.0,Books & Reference
EP Kalkulator el. energije,TOOLS,4.4,13,100,Free,0.0,Everyone,2015-02-20,1.5,Tools
The Great Wobo Escape Ep.1,FAMILY,4.3,11,500,Paid,1.99,Everyone 10+,2016-05-03,20.0,Action
The Visitor: Ep.1 - Kitty Cat Carnage,GAME,4.4,3017,500000,Free,0.0,Mature 17+,2018-01-02,39.0,Adventure
Dr.Slender Ep 1 Guide (Eng),GAME,4.0,454,10000,Free,0.0,Teen,2014-12-02,27.0,Arcade
Decay: The Mare - Ep.1 (Trial),GAME,3.6,5291,100000,Free,0.0,Teen,2014-05-24,7.2,Adventure
What's Your Story?™ ft Charmed,FAMILY,4.1,39661,1000000,Free,0.0,Teen,2018-08-02,47.0,Role Playing
EP Gem Hunter,GAME,4.6,79,1000,Free,0.0,Everyone 10+,2016-01-17,31.0,Action
EP Chain Reaction,FAMILY,3.9,249,10000,Free,0.0,Everyone,2016-04-10,21.0,Casual
Gate Of Death Ep: 1,GAME,4.4,7,100,Free,0.0,Everyone,2016-10-07,34.0,Adventure
Sonic 4™ Episode I,GAME,3.7,8014,100000,Paid,2.99,Everyone,2016-04-04,37.0,Arcade
Naruto Shippuden - Watch Free!,VIDEO_PLAYERS,3.9,141515,10000000,Free,0.0,Teen,2014-04-23,5.7,Video Players & Editors
Operate Now: Hospital,FAMILY,4.3,254861,10000000,Free,0.0,Teen,2018-08-01,52.0,Simulation
Multi Surgery ER Emergency Hospital : Doctor Game,FAMILY,4.1,227,10000,Free,0.0,Teen,2018-06-21,69.0,Educational
ER Surgery Simulator,FAMILY,3.6,19601,1000000,Free,0.0,Everyone 10+,2018-06-06,56.0,Casual
Dentist Surgery ER Emergency Doctor Hospital Games,FAMILY,3.5,2580,100000,Free,0.0,Everyone,2018-07-06,53.0,Simulation
Eye Transplant : ER Emergency Hospital,FAMILY,3.9,1938,1000000,Free,0.0,Teen,2018-05-25,62.0,Educational
Lifeguard Beach Rescue ER Emergency Hospital Games,FAMILY,3.9,519,100000,Free,0.0,Everyone,2018-08-07,76.0,Simulation
Hospital ER Emergency Heart Surgery: Doctor Games,FAMILY,3.8,1652,100000,Free,0.0,Everyone,2018-07-11,71.0,Simulation
Superhero Doctor 2 -ER Surgery,FAMILY,4.0,39647,10000000,Free,0.0,Everyone 10+,2017-09-30,72.0,Casual
Noot-Noot-er!,FAMILY,4.5,74,5000,Free,0.0,Everyone,2017-11-22,2.8,Entertainment
Doctor X - ER On Wheels,FAMILY,3.6,12781,1000000,Free,0.0,Everyone,2018-06-06,51.0,Casual
Foot Surgery Hospital Simulator: ER Doctor Games,FAMILY,3.9,314,100000,Free,0.0,Everyone,2018-01-15,28.0,Casual
ER Heart Surgery - Emergency Simulator Game,FAMILY,4.3,429,100000,Free,0.0,Everyone,2018-07-19,40.0,Educational
Pregnant Mom ER Emergency Doctor Hospital Games,FAMILY,4.0,325,50000,Free,0.0,Everyone,2018-06-12,27.0,Educational
Doctr – ER wait times in Canada,MEDICAL,4.2,980,50000,Free,0.0,Everyone,2018-08-04,,Medical
Plastic Surgery Surgeon Simulator Er Doctor Games,FAMILY,3.7,3482,500000,Free,0.0,Everyone,2018-08-07,37.0,Casual
Shoulder Surgery ER Emergency Doctor Game,FAMILY,3.9,55,10000,Free,0.0,Teen,2017-11-07,46.0,Educational
Superhero Doctor 3 ER Surgery,FAMILY,4.2,2801,500000,Free,0.0,Everyone,2017-03-22,50.0,Casual
Mom Doctor ER Emergency Family Game,FAMILY,3.5,173,10000,Free,0.0,Everyone,2018-01-26,49.0,Educational
ER Blood Draw Doctor & Surgeon,FAMILY,4.0,154,50000,Free,0.0,Teen,2018-06-13,58.0,Educational
"ER Emergency Hospital - Brain, Knee, Eye Surgery",FAMILY,3.8,25,1000,Free,0.0,Teen,2017-07-21,41.0,Educational
Super Doctor 1-Pregnant Mom ER Surgery Simulator,FAMILY,4.1,290,10000,Free,0.0,Teen,2018-05-23,73.0,Role Playing
Multi Surgery Hospital Pro: Virtual Doctor ER Game,FAMILY,4.2,23,1000,Free,0.0,Teen,2018-04-03,33.0,Casual
Clumsy Santa ER Surgery,FAMILY,4.1,214,100000,Free,0.0,Teen,2016-12-22,46.0,Casual
Little Eye Surgery Simulator - ER Doctor Game,FAMILY,4.4,12,1000,Free,0.0,Teen,2018-04-20,19.0,Casual
Spinal Cord Surgery Doctor: Operation ER surgery,FAMILY,3.7,52,10000,Free,0.0,Everyone 10+,2018-02-26,32.0,Role Playing
Super Doctor 2 - My Newborn Baby ER Injection,FAMILY,4.7,54,1000,Free,0.0,Teen,2018-06-25,92.0,Role Playing
Virtual Brain Surgery Simulator : Kid ER Emergency,FAMILY,3.8,20,5000,Free,0.0,Teen,2018-02-23,55.0,Educational
Crazy ER Open Heart Surgery Simulator,FAMILY,4.0,2936,500000,Free,0.0,Everyone,2017-10-26,45.0,Simulation
ER Injection Simulator: Blood Test Doctor Hospital,FAMILY,4.2,3263,1000000,Free,0.0,Everyone 10+,2018-05-29,47.0,Role Playing
Kids Doctor ER Emergency Rescue Kids Hospital Game,FAMILY,3.8,515,100000,Free,0.0,Everyone,2018-07-20,85.0,Simulation
Heart Surgery Doctor - ER Emergency Game,FAMILY,3.9,2510,500000,Free,0.0,Everyone 10+,2018-07-19,48.0,Educational
Virtual Mom Surgery Doctor : ER Emergency Hospital,FAMILY,4.0,1130,100000,Free,0.0,Teen,2018-05-15,77.0,Educational
ER Doctor Kids Emergency Room,FAMILY,3.1,4798,500000,Free,0.0,Teen,2018-06-13,30.0,Casual
ER Assist,PRODUCTIVITY,5.0,3,10,Free,0.0,Everyone,2016-12-06,28.0,Productivity
Blood Injection : ER Emergency Doctor ER injection,FAMILY,3.5,246,50000,Free,0.0,Teen,2016-09-23,35.0,Casual
Lead'er,FINANCE,4.1,54,5000,Free,0.0,Everyone,2018-03-20,5.8,Finance
Doctor Games For Girls - Hospital ER,FAMILY,4.5,51,5000,Free,0.0,Everyone,2018-04-16,39.0,Casual
Open Heart Surgery Hospital ER: Crazy Doctor Sim,FAMILY,4.7,7,1000,Free,0.0,Teen,2018-04-05,25.0,Casual
Hand Doctor Games ER Surgery Simulator,FAMILY,4.1,120,10000,Free,0.0,Everyone,2018-03-13,32.0,Casual
ER Doctor City Emergency - Surgery City Doc FREE,FAMILY,3.9,1909,100000,Free,0.0,Teen,2018-06-13,84.0,Educational
ER Hospital Simulator,FAMILY,4.0,286,100000,Free,0.0,Everyone,2018-06-28,60.0,Simulation
DMC ER Now,MEDICAL,4.3,6,1000,Free,0.0,Everyone,2017-03-16,5.3,Medical
Nose Surgery ER Simulator Lite,FAMILY,3.1,269,50000,Free,0.0,Teen,2017-06-03,39.0,Educational
Cardinal Glennon ER Reference,MEDICAL,4.2,19,1000,Free,0.0,Everyone 10+,2017-09-21,20.0,Medical
The NBC App - Watch Live TV and Full Episodes,FAMILY,4.1,58104,5000000,Free,0.0,Teen,2018-07-05,17.0,Entertainment
Scanner Radio - Fire and Police Scanner,FAMILY,4.4,175509,10000000,Free,0.0,Everyone,2018-08-07,,Entertainment
Fill 'er Up,TRAVEL_AND_LOCAL,3.2,58,5000,Free,0.0,Everyone,2017-02-27,0.017578125,Travel & Local
Ankle Surgery ER Emergency,FAMILY,3.3,10449,1000000,Free,0.0,Teen,2016-12-02,29.0,Educational
Voxer Walkie Talkie Messenger,COMMUNICATION,4.3,230564,10000000,Free,0.0,Everyone,2018-07-31,,Communication
ES File Explorer/Manager PRO,PRODUCTIVITY,4.7,81614,500000,Paid,2.99,Everyone,2018-07-11,6.6,Productivity
ES Task Manager (Task Killer ),BUSINESS,4.3,171771,10000000,Free,0.0,Everyone,2018-01-15,3.2,Business
ES Audio Player ( Shortcut ),VIDEO_PLAYERS,4.2,1236,100000,Free,0.0,Everyone,2013-07-17,0.0322265625,Video Players & Editors
ES Disk Analyzer - Storage Space,PRODUCTIVITY,4.7,5867,100000,Free,0.0,Everyone,2017-10-31,4.4,Productivity
ES App Locker,TOOLS,4.3,32207,1000000,Free,0.0,Everyone,2017-08-16,3.4,Tools
ES Chromecast plugin,LIBRARIES_AND_DEMO,4.2,23859,1000000,Free,0.0,Everyone,2014-10-29,0.83984375,Libraries & Demo
ES Material Theme for Pro,PRODUCTIVITY,4.2,14428,1000000,Free,0.0,Everyone,2015-12-03,1.2,Productivity
ES Holo Theme for Pro,PRODUCTIVITY,4.2,4737,500000,Free,0.0,Everyone,2015-11-26,1.7,Productivity
ES File Explorer,TOOLS,4.1,278,100000,Free,0.0,Everyone,2018-07-02,2.8,Tools
ES Dark Theme for free,TOOLS,4.2,7851,1000000,Free,0.0,Everyone,2017-08-22,0.35546875,Tools
ES Classic Theme,TOOLS,4.3,20865,1000000,Free,0.0,Everyone,2015-10-30,2.2,Tools
ES Themes -- Classic Theme,PERSONALIZATION,4.4,77609,1000000,Free,0.0,Everyone,2015-04-24,1.9,Personalization
ES Holo Theme,TOOLS,4.3,11449,500000,Free,0.0,Everyone,2016-02-02,1.7,Tools
"ES File Explorer & Manager, Locker Xplorer 2018",TOOLS,3.5,11,1000,Free,0.0,Everyone,2018-03-17,3.0,Tools
ES Summer Chill Theme for Free,TOOLS,4.3,940,100000,Free,0.0,Everyone,2017-08-24,0.3779296875,Tools
Furrion ES Control,VIDEO_PLAYERS,1.8,26,5000,Free,0.0,Everyone,2016-09-29,2.7,Video Players & Editors
OpenGL ES Extensions - The OpenGL Utility,TOOLS,4.2,513,50000,Free,0.0,Everyone,2018-05-06,2.0,Tools
File Ex - ES File Explorer,TOOLS,4.2,24,1000,Free,0.0,Everyone,2017-12-27,5.0,Tools
OpenGL ES CapsViewer,TOOLS,4.6,78,10000,Free,0.0,Everyone,2018-04-01,0.3662109375,Tools
ES-IPTV,VIDEO_PLAYERS,4.0,944,50000,Free,0.0,Everyone,2017-10-15,11.0,Video Players & Editors
OpenGL-ES Info,TOOLS,4.3,249,10000,Free,0.0,Everyone,2013-08-08,0.611328125,Tools
Dr. ES PV Calculator,TOOLS,5.0,19,500,Free,0.0,Everyone,2018-03-11,11.0,Tools
ES File Explorer & File Manager 2018,TOOLS,3.8,24,5000,Free,0.0,Everyone,2018-03-17,2.9,Tools
HTC Sense Input - ES,TOOLS,4.3,3509,1000000,Free,0.0,Everyone,2015-10-30,6.5,Tools
2019 Tricks Es File Explores,TOOLS,3.0,4,1000,Free,0.0,Everyone,2016-03-16,2.0,Tools
ES Billing System (Offline App),PRODUCTIVITY,5.0,1,100,Free,0.0,Everyone,2018-05-17,4.2,Productivity
ES Anywhere,BUSINESS,4.7,10,100,Free,0.0,Everyone,2017-04-28,,Business
YEBIS OpenGL ES 3.0 Tech Demo,FAMILY,4.6,380,10000,Free,0.0,Everyone,2014-03-11,6.7,Entertainment
RAR,TOOLS,4.4,669901,50000000,Free,0.0,Everyone,2018-08-07,,Tools
Advanced calculator fx 991 es plus & 991 ms plus,FAMILY,4.7,7252,500000,Free,0.0,Everyone,2018-08-02,9.2,Education
ES Solar,BUSINESS,5.0,3,100,Free,0.0,Everyone,2018-05-17,4.7,Business
File Manager by Xiaomi: release file storage space,TOOLS,4.8,337532,10000000,Free,0.0,Everyone,2018-07-11,15.0,Tools
ESLock File Recovery Lite,PRODUCTIVITY,3.0,460,50000,Free,0.0,Everyone,2016-01-05,0.1572265625,Productivity
Castle Clash: Epic Empire ES,FAMILY,4.6,584070,5000000,Free,0.0,Everyone 10+,2018-07-18,24.0,Strategy
¿Es Vegan?,FOOD_AND_DRINK,4.6,438,10000,Free,0.0,Everyone,2017-08-01,1.7,Food & Drink
Moto File Manager,TOOLS,4.1,38679,10000000,Free,0.0,Everyone,2018-02-01,5.9,Tools
School scientific calculator fx 500 es plus 500 ms,FAMILY,4.6,1553,100000,Free,0.0,Everyone,2018-08-02,9.2,Education
Esto Es Guerra TVN,FAMILY,4.5,1303,100000,Free,0.0,Everyone,2018-07-24,13.0,Entertainment
Economic Times : Market News,NEWS_AND_MAGAZINES,4.3,93708,5000000,Free,0.0,Everyone,2018-07-09,,News & Magazines
ET Markets : NSE & BSE India,FINANCE,4.2,24980,1000000,Free,0.0,Everyone,2018-07-16,9.2,Finance
HBO NOW: Stream TV & Movies,FAMILY,3.9,61230,10000000,Free,0.0,Teen,2018-07-19,,Entertainment
ET Telecom from Economic Times,NEWS_AND_MAGAZINES,4.7,273,10000,Free,0.0,Everyone,2018-08-07,6.3,News & Magazines
Égalité et Réconciliation,NEWS_AND_MAGAZINES,4.9,58,500,Paid,2.99,Everyone,2018-05-26,3.8,News & Magazines
Economic Times : Market News Go Edition,NEWS_AND_MAGAZINES,4.3,39,5000,Free,0.0,Everyone,2018-04-18,4.2,News & Magazines
Hymnes et Louanges,BOOKS_AND_REFERENCE,4.4,1877,100000,Free,0.0,Everyone,2017-03-21,5.7,Books & Reference
Lire avec Sami et Julie,FAMILY,3.6,569,100000,Free,0.0,Everyone,2014-06-13,18.0,Educational
Lettre et demande d'emploi,FAMILY,4.6,302,100000,Free,0.0,Everyone,2018-01-02,9.9,Education
MAPS.ME – Offline Map and Travel Navigation,TRAVEL_AND_LOCAL,4.5,932870,50000000,Free,0.0,Everyone,2018-07-27,,Travel & Local
Blagues et Histoires Drôles,FAMILY,3.9,859,100000,Free,0.0,Teen,2017-02-18,5.3,Entertainment
Lettre de motivation et CV,FAMILY,4.3,979,100000,Free,0.0,Everyone,2018-07-30,9.9,Education
Anime et Manga Amino en Français,SOCIAL,4.8,3782,50000,Free,0.0,Teen,2018-07-13,63.0,Social
Google Arts & Culture,FAMILY,3.7,24137,5000000,Free,0.0,Everyone,2018-06-25,,Education
"Moneycontrol – Stocks, Sensex, Mutual Funds, IPO",FINANCE,4.4,281635,5000000,Free,0.0,Everyone,2018-08-06,,Finance
CNBC: Breaking Business News & Live Market Data,FINANCE,4.2,24666,1000000,Free,0.0,Everyone,2018-07-13,,Finance
Google Earth,TRAVEL_AND_LOCAL,4.3,2339098,100000000,Free,0.0,Everyone,2018-06-18,,Travel & Local
"Groupon - Shop Deals, Discounts & Coupons",SHOPPING,4.6,1371082,50000000,Free,0.0,Teen,2018-08-03,,Shopping
"Photo Lab Picture Editor: face effects, art frames",PHOTOGRAPHY,4.5,1536512,50000000,Free,0.0,Everyone,2018-07-17,,Photography
Google News,NEWS_AND_MAGAZINES,3.9,878065,1000000000,Free,0.0,Teen,2018-08-01,13.0,News & Magazines
Empires and Allies,FAMILY,4.3,398746,10000000,Free,0.0,Everyone 10+,2018-08-06,,Strategy
Beauty and the Beast,FAMILY,4.4,70883,1000000,Free,0.0,Everyone,2018-08-07,31.0,Puzzle
Hornet - Gay Social Network,SOCIAL,4.0,163679,5000000,Free,0.0,Mature 17+,2018-08-01,,Social
Learn Italian with MosaLingua,FAMILY,4.7,1719,50000,Paid,4.99,Teen,2018-05-31,,Education
iTranslate Translator & Dictionary,PRODUCTIVITY,4.3,201718,10000000,Free,0.0,Everyone,2018-07-11,35.0,Productivity
Oggy,GAME,4.5,49971,5000000,Free,0.0,Everyone,2017-08-29,61.0,Arcade
MomentCam Cartoons & Stickers,PHOTOGRAPHY,4.2,1260143,50000000,Free,0.0,Everyone,2018-07-12,,Photography
News by The Times of India Newspaper - Latest News,NEWS_AND_MAGAZINES,4.2,522205,10000000,Free,0.0,Everyone,2018-08-07,,News & Magazines
Amino: Communities and Chats,SOCIAL,4.8,1264084,10000000,Free,0.0,Teen,2018-08-07,62.0,Social
Nike Training Club - Workouts & Fitness Plans,HEALTH_AND_FITNESS,4.6,251618,10000000,Free,0.0,Everyone,2018-07-18,93.0,Health & Fitness
Pocket Mortys,FAMILY,4.5,174215,10000000,Free,0.0,Everyone,2018-08-03,93.0,Simulation
Hangouts Dialer - Call Phones,COMMUNICATION,4.0,122512,10000000,Free,0.0,Everyone,2015-09-02,0.0771484375,Communication
"Ideal Weight, BMI Calculator",HEALTH_AND_FITNESS,4.2,112384,5000000,Free,0.0,Everyone,2018-02-23,5.0,Health & Fitness
Epson iPrint,TOOLS,4.1,108169,10000000,Free,0.0,Everyone,2018-06-25,,Tools
Offline Maps & Navigation,TRAVEL_AND_LOCAL,4.7,193364,5000000,Free,0.0,Everyone,2018-06-07,33.0,Travel & Local
Voice changer with effects,FAMILY,4.2,1260903,50000000,Free,0.0,Everyone,2018-08-02,8.7,Entertainment
Fitness & Bodybuilding,HEALTH_AND_FITNESS,4.6,95201,5000000,Free,0.0,Everyone,2018-07-09,61.0,Health & Fitness
A+ Gallery - Photos & Videos,PHOTOGRAPHY,4.5,223941,10000000,Free,0.0,Everyone,2018-08-06,,Photography
EU Mobile Money,FINANCE,3.9,460,100000,Free,0.0,Everyone,2018-07-16,6.1,Finance
European Union Simulator,FAMILY,3.6,688,50000,Free,0.0,Everyone,2016-09-20,26.0,Simulation
EU Charter,BOOKS_AND_REFERENCE,4.6,33,1000,Free,0.0,Everyone,2017-01-16,37.0,Books & Reference
EU Flags Free Live Wallpaper,PERSONALIZATION,3.4,730,100000,Free,0.0,Everyone,2013-11-18,2.3,Personalization
myLPG.eu,TRAVEL_AND_LOCAL,4.2,556,50000,Free,0.0,Everyone,2018-07-25,4.4,Travel & Local
YouCamp EU,TRAVEL_AND_LOCAL,3.4,39,1000,Paid,2.56,Everyone,2013-07-20,32.0,Travel & Local
EU Economy,PRODUCTIVITY,3.6,47,5000,Free,0.0,Everyone,2017-12-19,0.8583984375,Productivity
Flag of European Union,PERSONALIZATION,4.2,36,1000,Free,0.0,Everyone,2016-12-10,5.3,Personalization
EU Data Protection,BOOKS_AND_REFERENCE,3.5,29,1000,Free,0.0,Everyone,2016-07-15,17.0,Books & Reference
Flag Of European Union LWP,PERSONALIZATION,4.3,88,1000,Free,0.0,Everyone,2018-01-24,4.2,Personalization
Council Voting Calculator,COMMUNICATION,3.9,33,5000,Free,0.0,Everyone,2017-01-06,3.4,Communication
EU Flags Live Wallpaper,PERSONALIZATION,4.3,444,10000,Paid,0.99,Everyone,2013-11-18,12.0,Personalization
EU FTL Calculator,BUSINESS,3.6,60,10000,Free,0.0,Everyone,2018-06-01,1.8,Business
Passenger rights,TRAVEL_AND_LOCAL,3.9,442,50000,Free,0.0,Everyone,2018-01-16,2.5,Travel & Local
EU Mobile Money Partenaire Commercial,FINANCE,4.3,70,10000,Free,0.0,Everyone,2018-05-14,3.9,Finance
Eurostat Country Profiles,PRODUCTIVITY,3.7,87,10000,Free,0.0,Everyone,2018-04-12,2.0,Productivity
My EU,FAMILY,3.8,4,100,Free,0.0,Everyone,2017-05-15,13.0,Education
R-EU-READY,GAME,4.1,13,500,Free,0.0,Everyone,2016-03-02,16.0,Trivia
taxi.eu,TRAVEL_AND_LOCAL,4.1,1865,100000,Free,0.0,Everyone,2018-06-28,22.0,Travel & Local
CVRIA,BUSINESS,4.7,68,10000,Free,0.0,Everyone,2017-05-11,3.5,Business
Speed Racing Ultimate 2,GAME,4.1,66894,1000000,Free,0.0,Everyone 10+,2018-07-21,,Racing
TAXLANDIA,FAMILY,1.9,141,1000,Free,0.0,Everyone,2018-03-06,65.0,Educational
European Solidarity Corps,SOCIAL,3.6,9,1000,Free,0.0,Teen,2018-07-05,21.0,Social
Have your say on Europe,COMMUNICATION,3.8,19,500,Free,0.0,Everyone,2018-04-19,21.0,Communication
Doorstep EU,NEWS_AND_MAGAZINES,4.5,67,1000,Free,0.0,Everyone,2018-06-26,12.0,News & Magazines
EURES - Your Job in Europe,BUSINESS,2.7,358,50000,Free,0.0,Everyone,2017-09-18,2.0,Business
Invasive Alien Species Europe,FAMILY,4.5,13,1000,Free,0.0,Everyone,2017-11-20,13.0,Education
EU Exit poll,LIFESTYLE,5.0,10,100,Free,0.0,Everyone,2016-07-15,9.4,Lifestyle
Schengen/EU App,TOOLS,4.0,24,1000,Free,0.0,Everyone,2018-02-27,11.0,Tools
I Know Stuff,GAME,4.2,214923,5000000,Free,0.0,Everyone,2018-07-31,,Trivia
Brexit EU,FAMILY,4.4,7,500,Free,0.0,Everyone,2016-03-10,7.5,Casual
EU Life Explorer,NEWS_AND_MAGAZINES,4.0,2,50,Free,0.0,Everyone,2017-05-08,12.0,News & Magazines
EU VAT Checker,BUSINESS,3.1,7,1000,Free,0.0,Everyone,2011-10-12,0.0380859375,Business
daskal.eu,FAMILY,5.0,5,50,Free,0.0,Everyone,2017-10-06,15.0,Education
VAT Checker for EU company,BUSINESS,4.7,78,1000,Free,0.0,Everyone,2017-01-24,,Business
Inbox.eu,COMMUNICATION,3.7,98,10000,Free,0.0,Everyone,2018-07-11,9.7,Communication
CALIOPE EU: Air Quality,HEALTH_AND_FITNESS,3.9,21,1000,Free,0.0,Everyone,2015-10-30,2.2,Health & Fitness
Going Abroad,FAMILY,3.0,606,50000,Free,0.0,Everyone 10+,2016-08-16,42.0,Educational
Campervan.Guide Pro,TRAVEL_AND_LOCAL,4.2,238,10000,Paid,5.99,Everyone,2018-06-22,67.0,Travel & Local
Qserve EU MDR First Aid,BUSINESS,3.0,2,100,Free,0.0,Everyone,2017-05-11,17.0,Business
Strawberry Shortcake Ice Cream Island,FAMILY,4.2,32200,5000000,Free,0.0,Everyone,2017-11-06,15.0,Casual
Rail Planner Eurail/Interrail,MAPS_AND_NAVIGATION,4.2,3596,1000000,Free,0.0,Everyone,2018-06-15,31.0,Maps & Navigation
eu sou franky,BUSINESS,3.7,195,10000,Free,0.0,Everyone,2016-11-21,4.0,Business
Tasker,TOOLS,4.6,43045,1000000,Paid,2.99,Everyone,2018-06-25,,Tools
efootwear.eu - online store,SHOPPING,4.5,928,100000,Free,0.0,Everyone,2018-08-02,8.6,Shopping
ChargeHub - Find EV & Tesla Charging Stations,MAPS_AND_NAVIGATION,4.6,796,50000,Free,0.0,Everyone,2018-05-18,25.0,Maps & Navigation
PlugShare,MAPS_AND_NAVIGATION,4.7,4501,100000,Free,0.0,Teen,2018-07-25,26.0,Maps & Navigation
NEXTCHARGE - Charging Stations,MAPS_AND_NAVIGATION,4.3,891,50000,Free,0.0,Everyone,2018-07-26,6.4,Maps & Navigation
NissanConnect® EV & Services,LIFESTYLE,2.3,853,50000,Free,0.0,Everyone,2018-07-20,88.0,Lifestyle
EV Connect,MAPS_AND_NAVIGATION,2.8,25,1000,Free,0.0,Everyone,2018-08-06,5.8,Maps & Navigation
HondaLink EV,TOOLS,2.8,44,10000,Free,0.0,Everyone,2018-06-20,41.0,Tools
EV Stations Hawaii,MAPS_AND_NAVIGATION,3.6,7,1000,Free,0.0,Everyone,2017-05-30,2.5,Maps & Navigation
Emerge EV App (eBike App),LIFESTYLE,3.0,26,1000,Free,0.0,Everyone,2018-05-15,,Lifestyle
EV Trip Optimizer for Tesla,AUTO_AND_VEHICLES,3.2,46,1000,Free,0.0,Everyone,2018-06-26,6.6,Auto & Vehicles
JuiceNet - Smart EV Charging,MAPS_AND_NAVIGATION,3.5,106,5000,Free,0.0,Everyone,2018-07-09,24.0,Maps & Navigation
Zap-Map: EV charging points UK,MAPS_AND_NAVIGATION,3.8,181,10000,Free,0.0,Everyone,2018-07-06,9.8,Maps & Navigation
EV Charging,MAPS_AND_NAVIGATION,3.5,8,1000,Free,0.0,Everyone,2017-08-01,32.0,Maps & Navigation
Simple EV Calc,PRODUCTIVITY,4.2,105,1000,Free,0.0,Everyone,2017-10-16,72.0,Productivity
Electric Car Charging Points: Ev charger Stations,MAPS_AND_NAVIGATION,4.5,8,100,Free,0.0,Everyone,2018-08-03,8.1,Maps & Navigation
ELMO EV Charging,MAPS_AND_NAVIGATION,3.4,14,1000,Free,0.0,Everyone,2018-01-25,6.2,Maps & Navigation
Bolt - EV Charging Service,AUTO_AND_VEHICLES,3.0,9,100,Free,0.0,Everyone,2018-03-23,8.4,Auto & Vehicles
To-U - free EV public charging,TRAVEL_AND_LOCAL,4.4,75,1000,Free,0.0,Everyone,2018-05-23,19.0,Travel & Local
Light Meter - EV,PHOTOGRAPHY,4.0,26,1000,Free,0.0,Everyone,2018-08-02,8.5,Photography
EV Finder,TOOLS,4.3,29,1000,Free,0.0,Everyone,2017-02-07,23.0,Tools
EV Real Estate Search,LIFESTYLE,4.1,88,5000,Free,0.0,Everyone,2018-07-13,20.0,Lifestyle
Ev Dizayn,LIFESTYLE,3.6,30,5000,Free,0.0,Everyone,2015-03-04,5.2,Lifestyle
Power Plug EV charger,MAPS_AND_NAVIGATION,3.7,13,1000,Free,0.0,Everyone,2014-12-22,3.9,Maps & Navigation
Builder Craft: House Building & Exploration,FAMILY,4.2,20807,1000000,Free,0.0,Everyone 10+,2017-08-02,52.0,Simulation
Texas Hold'em EV Calculator,TOOLS,3.7,6,1000,Free,0.0,Everyone,2015-11-08,1.3,Tools
Bird - Enjoy The Ride,TRAVEL_AND_LOCAL,4.3,2649,500000,Free,0.0,Everyone,2018-08-03,25.0,Travel & Local
German Vocabulary Trainer,FAMILY,3.3,1218,100000,Free,0.0,Everyone,2012-08-24,1.0,Education
REV Robotic Enhance Vehicles,FAMILY,4.4,2558,100000,Free,0.0,Everyone,2018-01-16,61.0,Entertainment
Home Workout - No Equipment,HEALTH_AND_FITNESS,4.8,432160,10000000,Free,0.0,Everyone,2018-06-28,15.0,Health & Fitness
myChevrolet,LIFESTYLE,3.5,6747,1000000,Free,0.0,Everyone,2018-06-11,,Lifestyle
Electric Car Taxi Driver: NY City Cab Taxi Games,FAMILY,4.0,5886,1000000,Free,0.0,Everyone,2018-05-28,54.0,Simulation
EV Calculator,TOOLS,4.9,85,1000,Free,0.0,Everyone,2018-07-05,19.0,Tools
Home Decoration Game,FAMILY,4.0,17543,5000000,Free,0.0,Everyone,2018-01-25,19.0,Casual
PokeType - Dex,FAMILY,4.6,36813,500000,Free,0.0,Everyone,2018-05-01,33.0,Entertainment
Home Security Camera WardenCam - reuse old phones,HOUSE_AND_HOME,4.3,43847,1000000,Free,0.0,Everyone,2018-07-06,,House & Home
Survival Forest : Survivor Home Builder,FAMILY,3.6,9389,1000000,Free,0.0,Teen,2018-05-31,64.0,Simulation
Room Creator Interior Design,HOUSE_AND_HOME,3.9,59660,1000000,Free,0.0,Everyone,2017-03-14,72.0,House & Home
Doll House Design & Decoration 2: Girls House Game,FAMILY,3.9,2338,100000,Free,0.0,Everyone,2018-05-29,45.0,Simulation
Lux Home Decorating Room Games,FAMILY,4.0,1518,100000,Free,0.0,Everyone,2017-10-20,,Casual
eCooltra: scooter sharing. Share electric scooters,TRAVEL_AND_LOCAL,4.2,2822,100000,Free,0.0,Everyone,2018-07-27,27.0,Travel & Local
Design Home,FAMILY,4.4,539931,10000000,Free,0.0,Everyone,2018-08-06,69.0,Simulation
PeopleTV - Watch Celebrity News,FAMILY,4.3,2223,100000,Free,0.0,Teen,2018-03-28,8.6,Entertainment
News 5 Cleveland,NEWS_AND_MAGAZINES,3.7,1032,100000,Free,0.0,Everyone,2018-07-05,,News & Magazines
Water Surfer Racing In Moto,GAME,4.3,2233,1000000,Free,0.0,Everyone,2018-02-28,36.0,Racing
EW Widgets for Zooper,TOOLS,3.4,5,100,Free,0.0,Everyone,2016-12-03,1.9,Tools
The List,NEWS_AND_MAGAZINES,3.5,66,10000,Free,0.0,Everyone,2017-06-01,12.0,News & Magazines
European War 6: 1804,FAMILY,4.2,1330,10000,Paid,0.99,Teen,2018-07-18,96.0,Strategy
XCOM®: Enemy Within,FAMILY,4.2,13752,100000,Paid,9.99,Mature 17+,2017-10-24,21.0,Strategy
ABC15 Arizona,NEWS_AND_MAGAZINES,3.6,1820,100000,Free,0.0,Everyone,2018-07-05,,News & Magazines
Mobile Strike,FAMILY,3.9,903392,50000000,Free,0.0,Everyone 10+,2018-06-14,,Strategy
European War 5:Empire,FAMILY,3.8,9513,100000,Free,0.0,Everyone 10+,2018-06-08,82.0,Strategy
KMTV 3 News Now,NEWS_AND_MAGAZINES,3.8,265,10000,Free,0.0,Everyone 10+,2018-07-05,,News & Magazines
Rescue Robots Survival Games,GAME,4.0,27557,5000000,Free,0.0,Teen,2018-07-06,69.0,Action
Raytheon F-16 EW 360 VR,FAMILY,4.5,6,500,Free,0.0,Everyone,2017-06-09,22.0,Entertainment
Pregnant Emergency Surgery,FAMILY,3.8,127229,10000000,Free,0.0,Everyone,2017-09-07,34.0,Casual
Eddsworld Amino,SOCIAL,4.9,3071,10000,Free,0.0,Teen,2018-07-13,63.0,Social
TMJ4.com - WTMJ-TV Milwaukee,NEWS_AND_MAGAZINES,3.8,728,50000,Free,0.0,Everyone 10+,2018-07-05,,News & Magazines
Food Network,FAMILY,4.1,7823,500000,Free,0.0,Teen,2018-07-27,,Entertainment
Storm Shield,WEATHER,3.5,2000,100000,Free,0.0,Everyone,2018-07-31,14.0,Weather
EdiRange,TOOLS,3.0,736,100000,Free,0.0,Everyone,2017-07-05,1.8,Tools
TRANSFORMERS: Earth Wars,FAMILY,4.5,256219,10000000,Free,0.0,Everyone,2018-07-31,95.0,Strategy
Beard Live Camera Photo Editor,BEAUTY,4.7,900,5000,Free,0.0,Everyone,2018-03-25,30.0,Beauty
WPTV 5 West Palm Beach,NEWS_AND_MAGAZINES,3.8,1093,100000,Free,0.0,Everyone 10+,2018-07-05,,News & Magazines
No Pimple - Fun games,FAMILY,3.3,24091,5000000,Free,0.0,Teen,2016-08-04,16.0,Casual
WKBW 7 Eyewitness News,NEWS_AND_MAGAZINES,4.0,509,50000,Free,0.0,Everyone,2018-07-05,,News & Magazines
Web Browser for Android,COMMUNICATION,4.1,55110,1000000,Free,0.0,Everyone,2018-06-20,4.3,Communication
OMG Gross Zit - Date Nightmare,FAMILY,3.7,70105,10000000,Free,0.0,Everyone,2018-06-06,67.0,Casual
Garden Fever - Free!,FAMILY,3.9,13253,1000000,Free,0.0,Everyone,2016-08-09,12.0,Puzzle
GO SMS PRO EMOJI PLUGIN,PERSONALIZATION,3.5,84779,5000000,Free,0.0,Everyone,2018-06-04,8.5,Personalization
Bike Race - Bike Blast Rush,GAME,4.4,83891,10000000,Free,0.0,Everyone,2018-07-19,48.0,Action
Subway Simulator 3D,FAMILY,4.0,25489,1000000,Free,0.0,Everyone,2018-08-06,62.0,Simulation
XCOM: TBG,FAMILY,4.0,2294,100000,Free,0.0,Everyone,2017-01-09,95.0,Entertainment
ETERNITY WARRIORS 2,GAME,4.6,568391,5000000,Free,0.0,Teen,2014-07-01,5.2,Action
XE Currency,TRAVEL_AND_LOCAL,4.4,77585,10000000,Free,0.0,Everyone,2018-07-31,,Travel & Local
Deus Ex GO,FAMILY,4.5,9699,100000,Paid,0.99,Teen,2018-07-23,23.0,Puzzle
ADWLauncher 1 EX,PERSONALIZATION,4.3,28728,500000,Paid,2.49,Everyone,2013-07-27,2.8,Personalization
XE Currency Pro,TRAVEL_AND_LOCAL,4.4,1090,10000,Paid,1.99,Everyone,2018-05-29,,Travel & Local
GO Launcher EX UI5.0 theme,PERSONALIZATION,4.3,111634,5000000,Free,0.0,Everyone,2014-05-26,13.0,Personalization
Device Info Ex Live Wallpaper,PERSONALIZATION,4.1,2645,50000,Paid,0.99,Everyone,2015-12-20,1.1,Personalization
GO Weather EX Theme White,WEATHER,4.2,8723,500000,Free,0.0,Everyone,2014-08-27,4.6,Weather
Advanced EX for HYUNDAI,TOOLS,2.7,168,5000,Paid,4.99,Everyone,2015-03-14,0.166015625,Tools
MIUI Style GO Weather EX,WEATHER,4.2,2115,500000,Free,0.0,Everyone,2014-07-04,1.1,Weather
Remote EX for NISSAN,COMMUNICATION,2.3,223,5000,Paid,1.49,Everyone,2014-07-26,1.0,Communication
Ex Explorer : Dual view exproler / file manager,TOOLS,3.9,361,50000,Free,0.0,Everyone,2018-07-12,,Tools
Get Over Your Ex,DATING,4.1,10,5000,Free,0.0,Everyone,2017-04-12,11.0,Dating
Advanced EX for MITSUBISHI,TOOLS,2.9,33,1000,Paid,4.99,Everyone,2015-08-21,0.1376953125,Tools
Advanced EX for KIA,TOOLS,3.3,257,5000,Paid,4.99,Everyone,2015-03-14,0.15625,Tools
Money Manager Ex for Android,FINANCE,4.2,2695,100000,Free,0.0,Everyone,2018-02-26,,Finance
Airway Ex - Intubate. Anesthetize. Train.,MEDICAL,4.3,123,10000,Free,0.0,Everyone,2018-06-01,86.0,Medical
Advanced EX for NISSAN,TOOLS,2.9,164,5000,Paid,4.99,Everyone,2015-03-14,0.140625,Tools
Advanced EX for FIAT,TOOLS,3.5,138,5000,Paid,4.99,Everyone,2015-03-05,0.1376953125,Tools
Advanced EX for RENAULT,TOOLS,2.8,130,5000,Paid,4.99,Everyone,2015-03-14,0.1396484375,Tools
Aurum Blade EX,FAMILY,4.3,28151,1000000,Free,0.0,Everyone 10+,2015-06-04,17.0,Role Playing
SCI-Ex,HEALTH_AND_FITNESS,3.5,8,1000,Free,0.0,Everyone,2018-06-28,7.9,Health & Fitness
Papyrus Ex,TOOLS,4.6,1092,100000,Free,0.0,Everyone,2012-06-27,0.185546875,Tools
GLASS GO Launcher EX Theme,PERSONALIZATION,4.2,18280,1000000,Free,0.0,Everyone,2015-01-08,6.0,Personalization
Moonlight GO Weather EX,WEATHER,4.2,11510,1000000,Free,0.0,Everyone,2014-08-28,3.5,Weather
My Ex Girlfriend Comes Back,FAMILY,3.7,3258,500000,Free,0.0,Everyone,2016-03-04,26.0,Casual
An Elite Warrior Ex,GAME,4.7,15,100,Paid,0.99,Everyone,2016-11-21,93.0,Adventure
Gods Wars Ex : Vampire,FAMILY,3.9,1550,100000,Free,0.0,Teen,2017-10-28,21.0,Role Playing
BakaReader EX,BOOKS_AND_REFERENCE,4.3,8894,100000,Free,0.0,Everyone,2018-07-23,2.3,Books & Reference
Snes9x EX+,GAME,4.4,70351,5000000,Free,0.0,Everyone,2018-03-03,,Arcade
X your Ex - Break Up Treatment,HEALTH_AND_FITNESS,4.0,32,5000,Free,0.0,Everyone,2017-05-20,64.0,Health & Fitness
Ex Quotes,LIFESTYLE,4.4,129,50000,Free,0.0,Everyone 10+,2018-06-16,8.1,Lifestyle
GO Contacts EX Black & Grey,PERSONALIZATION,3.7,21,500,Paid,0.99,Everyone,2013-09-24,0.3671875,Personalization
CYANOGEN GO Launcher EX Theme,PERSONALIZATION,4.3,60298,5000000,Free,0.0,Everyone,2015-01-08,13.0,Personalization
Ex Service Taxis,BUSINESS,3.5,15,1000,Free,0.0,Everyone,2015-10-21,8.0,Business
S.O.L : Stone of Life EX,FAMILY,4.3,171220,5000000,Free,0.0,Everyone 10+,2015-07-28,42.0,Role Playing
How To Get Your Ex Back Fast,LIFESTYLE,4.0,22,5000,Free,0.0,Everyone,2018-02-07,19.0,Lifestyle
ExDialer PRO Key,COMMUNICATION,4.5,5474,100000,Paid,3.99,Everyone,2014-01-15,0.0166015625,Communication
Volume Control Ex,TOOLS,4.2,5,100,Paid,1.49,Everyone,2018-07-30,2.5,Tools
Virtual Dice EX,GAME,4.3,40,5000,Free,0.0,Everyone,2016-03-15,3.6,Board
Black Theme Go Launcher EX,PERSONALIZATION,4.1,285,50000,Free,0.0,Teen,2017-10-03,3.9,Personalization
EY Events,BUSINESS,2.5,31,10000,Free,0.0,Everyone,2018-04-04,54.0,Business
EY GlobalOne,BUSINESS,2.7,11,1000,Free,0.0,Everyone,2017-11-27,6.8,Business
EY TaxChat,FINANCE,1.2,44,1000,Free,0.0,Everyone,2018-04-09,27.0,Finance
EY India Tax Insights,BUSINESS,4.7,87,10000,Free,0.0,Everyone,2017-07-15,5.1,Business
EY Forensics,FINANCE,4.9,7,1000,Free,0.0,Everyone,2016-06-17,3.4,Finance
EY India CFO Insights,BUSINESS,4.7,37,5000,Free,0.0,Everyone,2018-06-29,10.0,Business
EY ATL Fuel Calculator,PRODUCTIVITY,4.4,15,500,Free,0.0,Everyone,2018-07-21,3.1,Productivity
Fuel Calculator for EY,TOOLS,4.7,32,1000,Free,0.0,Everyone,2018-06-15,2.7,Tools
EY Digi India Personal Tax,BUSINESS,4.0,2,100,Free,0.0,Everyone,2018-05-24,1.7,Business
Pink Guy - Ey B0ss,FAMILY,4.7,13,500,Free,0.0,Everyone,2016-05-04,1.2,Entertainment
EY Staff ENTERTAINER,LIFESTYLE,4.3,218,10000,Free,0.0,Everyone,2017-01-16,19.0,Lifestyle
Ey Sey Storytime រឿងនិទានតាឥសី,FAMILY,4.7,1327,10000,Free,0.0,Everyone,2017-05-18,44.0,Education
Eyes - The Scary Horror Game Adventure,GAME,4.4,499483,10000000,Free,0.0,Teen,2018-08-02,99.0,Adventure
EY Oil & Gas,BUSINESS,4.6,20,1000,Free,0.0,Everyone,2017-10-12,15.0,Business
Third Eye,TOOLS,4.4,19877,1000000,Free,0.0,Everyone,2018-01-07,4.5,Tools
Sudoku Master,GAME,4.4,58387,1000000,Free,0.0,Everyone,2013-12-13,3.3,Word
Jungle Monkey Run,GAME,4.4,54082,10000000,Free,0.0,Everyone,2018-07-11,21.0,Adventure
Hey That's Pretty Good!,TOOLS,4.6,222,10000,Free,0.0,Everyone,2016-07-29,10.0,Tools
Everbridge,COMMUNICATION,3.1,497,100000,Free,0.0,Everyone,2018-07-17,36.0,Communication
I am Dentist - Save my Teeth,FAMILY,4.3,7443,100000,Free,0.0,Everyone,2016-09-29,33.0,Casual
Best Auto Call Recorder Free,COMMUNICATION,3.7,7,500,Free,0.0,Everyone,2017-10-02,4.3,Communication
FilterGrid - Cam&Photo Editor,PHOTOGRAPHY,4.6,126338,1000000,Free,0.0,Everyone,2017-03-15,9.6,Photography
Etihad Airways,TRAVEL_AND_LOCAL,4.1,3674,500000,Free,0.0,Everyone,2018-07-09,61.0,Travel & Local
Beach Volleyball 3D,SPORTS,4.2,43191,5000000,Free,0.0,Everyone,2018-01-10,14.0,Sports
Organizer,PRODUCTIVITY,4.4,936,50000,Paid,2.99,Everyone,2018-06-17,5.4,Productivity
EZ Video Download for Facebook,SOCIAL,4.1,34079,1000000,Free,0.0,Teen,2017-03-14,1.3,Social
EZCast – Cast Media to TV,VIDEO_PLAYERS,3.6,32112,1000000,Free,0.0,Everyone,2018-07-04,,Video Players & Editors
EZ Cleaner - Booster Optimizer,TOOLS,4.4,6801,500000,Free,0.0,Everyone,2018-01-08,2.8,Tools
EZ PZ RPG,FAMILY,3.8,70903,1000000,Free,0.0,Everyone 10+,2016-10-27,47.0,Role Playing
EZ Receipts,FINANCE,4.0,2187,100000,Free,0.0,Everyone,2018-08-01,,Finance
EZ Thanks,BUSINESS,3.2,116,10000,Free,0.0,Everyone,2018-06-13,,Business
EZ Inspections,PRODUCTIVITY,2.8,160,10000,Free,0.0,Everyone,2018-07-27,7.6,Productivity
EZ-ELD Update,AUTO_AND_VEHICLES,3.1,14,1000,Free,0.0,Everyone,2018-02-09,4.6,Auto & Vehicles
EZ Display,PRODUCTIVITY,2.9,280,50000,Free,0.0,Everyone,2014-11-14,10.0,Productivity
EZ Web Video Cast | Chromecast,VIDEO_PLAYERS,4.1,1276,100000,Free,0.0,Everyone,2017-12-14,4.6,Video Players & Editors
ez Share Android app,PHOTOGRAPHY,3.3,1461,100000,Free,0.0,Everyone,2017-08-31,13.0,Photography
EZ File Manager(Root Explorer),PRODUCTIVITY,3.5,626,100000,Free,0.0,Everyone,2015-06-23,1.2,Productivity
EZ Launcher,PERSONALIZATION,4.2,18926,1000000,Free,0.0,Everyone,2013-09-28,2.9,Personalization
EZ-SEE,VIDEO_PLAYERS,2.8,71,10000,Free,0.0,Everyone,2018-07-18,10.0,Video Players & Editors
EZ-ELD Driver App (Free),AUTO_AND_VEHICLES,2.1,83,5000,Free,0.0,Everyone,2018-07-29,4.8,Auto & Vehicles
Ez Mirror Match,GAME,4.4,3344,500000,Free,0.0,Everyone,2018-01-03,36.0,Arcade
EZ Notes Lite,PRODUCTIVITY,4.4,69,1000,Free,0.0,Everyone,2016-07-08,3.5,Productivity
EZ Bluetooth,TOOLS,4.2,789,50000,Free,0.0,Everyone,2014-08-05,,Tools
Dream EZ,HEALTH_AND_FITNESS,4.1,107,10000,Free,0.0,Everyone,2016-03-24,50.0,Health & Fitness
Ez Texting,BUSINESS,3.3,49,10000,Free,0.0,Everyone,2012-01-18,0.0498046875,Business
EZ TV Player,VIDEO_PLAYERS,3.5,51,10000,Free,0.0,Everyone,2018-06-26,11.0,Video Players & Editors
EZ-GUI Ground Station,TOOLS,4.7,3696,50000,Free,0.0,Everyone,2017-08-10,29.0,Tools
Ez iCam,PHOTOGRAPHY,3.1,7300,1000000,Free,0.0,Teen,2018-01-12,46.0,Photography
E-Z App™ Train Control,TOOLS,4.3,33,1000,Free,0.0,Everyone,2016-12-06,46.0,Tools
EZ App Installer,TOOLS,4.1,533,100000,Free,0.0,Everyone,2017-07-22,1.4,Tools
EZ Clock & Weather Widget,WEATHER,4.2,6849,1000000,Free,0.0,Everyone,2014-03-05,1.2,Weather
EZ Pass,TOOLS,2.5,15,5000,Free,0.0,Everyone,2016-09-10,0.22265625,Tools
EZ Usenet for Easynews®,VIDEO_PLAYERS,3.9,244,10000,Free,0.0,Everyone,2016-06-23,,Video Players & Editors
EZ View,BUSINESS,3.0,287,50000,Free,0.0,Everyone,2015-10-26,9.8,Business
EZ TAG Express,TRAVEL_AND_LOCAL,3.2,86,10000,Free,0.0,Everyone,2018-05-17,39.0,Travel & Local
EZ Wifi Notification,COMMUNICATION,4.3,260,10000,Free,0.0,Everyone,2014-08-11,0.1884765625,Communication
EZ-VPNGate,TOOLS,4.3,36,5000,Free,0.0,Everyone,2017-08-21,12.0,Tools
EZ Switch Widget,PRODUCTIVITY,4.2,2412,100000,Free,0.0,Everyone,2012-09-27,0.1875,Productivity
EZ-Builder Mobile,FAMILY,4.3,51,5000,Free,0.0,Everyone,2018-04-02,57.0,Education
EZ LED,TOOLS,2.2,19,1000,Free,0.0,Everyone,2017-09-05,2.1,Tools
F&M Bank - EZ Banking,FINANCE,3.9,49,10000,Free,0.0,Everyone,2017-02-24,3.9,Finance
My EZ-Link Mobile,LIFESTYLE,2.8,3187,100000,Free,0.0,Everyone,2017-01-27,11.0,Lifestyle
EZ Financial Calculator,FINANCE,4.4,32,1000,Free,0.0,Everyone,2018-01-13,2.3,Finance
EZ Quran,BOOKS_AND_REFERENCE,4.6,595,50000,Free,0.0,Everyone,2016-06-28,8.5,Books & Reference
EZ Screenshot,TOOLS,4.4,55,5000,Free,0.0,Everyone,2017-09-12,1.4,Tools
EZ Utilities Extension,TOOLS,3.9,33,5000,Free,0.0,Everyone,2016-05-05,0.4619140625,Tools
EZ-Placard - Free Placard Calculator,TOOLS,2.9,7,1000,Free,0.0,Everyone,2017-10-26,2.4,Tools
EZ game screen recorder with audio 1080P,VIDEO_PLAYERS,4.1,40,1000,Free,0.0,Everyone,2017-07-13,3.9,Video Players & Editors
FA Player Essentials,SPORTS,5.0,7,100,Free,0.0,Everyone,2018-07-23,68.0,Sports
HTC Sense Input - FA,TOOLS,4.6,1420,100000,Free,0.0,Everyone,2015-11-09,1.6,Tools
"FEABIE: Feedees, BBW, BHM & FA",DATING,3.7,1212,100000,Free,0.0,Mature 17+,2018-02-16,,Dating
"Messages, Text and Video Chat for Messenger",SOCIAL,4.4,49580,10000000,Free,0.0,Everyone,2018-06-04,4.0,Social
All Social Networks,SOCIAL,4.2,22650,1000000,Free,0.0,Everyone,2018-05-21,1.5,Social
Facebook Face to Face Events,BUSINESS,4.4,4518,1000000,Free,0.0,Everyone,2018-03-01,26.0,Business
FA Part 1 & 2 Past Papers Solved Free – Offline,BOOKS_AND_REFERENCE,3.9,46,5000,Free,0.0,Everyone,2018-04-30,3.0,Books & Reference
CNY Slots : Gong Xi Fa Cai 发财机,GAME,3.6,33,5000,Free,0.0,Teen,2017-06-06,71.0,Casino
Il Coccodrillo Come Fa,FAMILY,3.4,17,1000,Free,0.0,Everyone,2014-11-21,0.240234375,Entertainment
Farsi Keyboard,TOOLS,4.3,9716,1000000,Free,0.0,Everyone,2018-04-10,1.3,Tools
Premier League - Official App,SPORTS,4.3,63782,5000000,Free,0.0,Everyone,2018-08-07,24.0,Sports
Golden HoYeah Slots - Real Casino Slots,GAME,4.4,201537,5000000,Free,0.0,Teen,2018-08-01,68.0,Casino
FaFaFa™ Gold Casino: Free slot machines,GAME,4.3,11051,1000000,Free,0.0,Teen,2018-06-25,44.0,Casino
Messenger Messenger,SOCIAL,4.3,38826,10000000,Free,0.0,Everyone,2018-08-07,7.0,Social
Farm Heroes Saga,FAMILY,4.4,7615646,100000000,Free,0.0,Everyone,2018-08-07,71.0,Casual
ESPN Fantasy Sports,SPORTS,4.0,176487,5000000,Free,0.0,Everyone,2017-11-21,10.0,Sports
Heart of Vegas™ Slots – Free Slot Casino Games,GAME,4.5,264282,10000000,Free,0.0,Teen,2018-07-12,48.0,Casino
Fallout Shelter,FAMILY,4.6,2721923,10000000,Free,0.0,Teen,2018-06-11,25.0,Simulation
Authy 2-Factor Authentication,TOOLS,4.3,15070,1000000,Free,0.0,Everyone,2018-07-30,6.3,Tools
Facejjang,PHOTOGRAPHY,4.1,100179,10000000,Free,0.0,Everyone,2018-05-17,96.0,Photography
Block Puzzle - Wood Legend,FAMILY,4.4,318867,10000000,Free,0.0,Everyone,2018-07-06,10.0,Puzzle
Soccer 2018,SPORTS,3.5,172373,10000000,Free,0.0,Everyone,2018-07-12,47.0,Sports
Flash Light on Call & SMS,TOOLS,4.1,25438,1000000,Free,0.0,Everyone,2018-04-24,3.2,Tools
Fart sound pranks,FAMILY,3.8,283823,50000000,Free,0.0,Everyone 10+,2016-11-23,,Casual
Facebook Creator,SOCIAL,4.2,3895,1000000,Free,0.0,Teen,2018-06-27,,Social
Swift for Facebook Lite,SOCIAL,4.3,9562,500000,Free,0.0,Teen,2018-05-31,5.8,Social
Friendly for Facebook,SOCIAL,4.5,42621,1000000,Free,0.0,Teen,2018-08-07,23.0,Social
Facebook Pages Manager,BUSINESS,4.0,1279800,50000000,Free,0.0,Everyone,2018-08-06,,Business
Mini for fb lite,TOOLS,4.0,710,100000,Free,0.0,Everyone,2018-05-24,1.1,Tools
Faster for Facebook Lite,SOCIAL,4.3,24456,1000000,Free,0.0,Teen,2018-05-29,4.6,Social
Facebook Ads Manager,BUSINESS,4.1,19051,1000000,Free,0.0,Everyone,2018-08-01,,Business
Who Viewed My FB Profile,FAMILY,3.4,121,10000,Free,0.0,Everyone,2017-12-26,6.3,Entertainment
Puffin for Facebook,SOCIAL,4.0,10743,500000,Free,0.0,Teen,2017-12-28,,Social
Lite for Facebook Messenger,COMMUNICATION,4.3,76498,1000000,Free,0.0,Teen,2018-06-20,4.3,Communication
Profile Tracker - Who Viewed My Facebook Profile,SOCIAL,4.7,37090,500000,Free,0.0,Teen,2018-08-01,4.8,Social
Who viewed my fb profile pro★★,FAMILY,4.5,6396,100000,Free,0.0,Everyone,2017-08-17,4.2,Entertainment
Video Downloader For FB: Save FB Videos 2018,TOOLS,4.3,434,50000,Free,0.0,Everyone,2018-08-08,3.6,Tools
Pink Color for Facebook,SOCIAL,4.1,5285,500000,Free,0.0,Everyone,2018-07-01,4.0,Social
Messenger,SOCIAL,4.1,68025,10000000,Free,0.0,Everyone,2018-04-16,3.9,Social
"Stickers for Imo, fb, whatsapp",SOCIAL,4.4,214,10000,Free,0.0,Teen,2016-10-23,8.7,Social
Who Viewed My Facebook Profile - Stalkers Visitors,SOCIAL,4.6,273244,5000000,Free,0.0,Everyone,2018-06-24,9.9,Social
Cover Camera for FB,PHOTOGRAPHY,3.8,742,100000,Free,0.0,Everyone,2014-03-09,1.8,Photography
MB Notifications for FB (Free),SOCIAL,3.9,3047,100000,Free,0.0,Teen,2015-04-29,1.5,Social
MultiMessage for FB Messenger,PRODUCTIVITY,4.2,182,50000,Free,0.0,Everyone,2018-04-28,7.0,Productivity
Messenger Kids – Safer Messaging and Video Chat,FAMILY,4.2,3478,500000,Free,0.0,Everyone,2018-08-06,,Communication
FB Live,BUSINESS,3.7,27,5000,Free,0.0,Everyone,2018-05-17,18.0,Business
Phoenix - Facebook & Messenger,SOCIAL,4.3,9606,100000,Free,0.0,Teen,2018-07-18,3.4,Social
Faster Social for Facebook,SOCIAL,4.2,1236,100000,Free,0.0,Teen,2018-08-02,3.3,Social
Check Your Visitors on FB ?,SOCIAL,3.6,40,5000,Free,0.0,Everyone,2017-02-17,1.5,Social
Videos downloader for Facebook:fast fb video saver,VIDEO_PLAYERS,4.3,20,5000,Free,0.0,Everyone,2018-04-27,5.1,Video Players & Editors
Stickers for Facebook,SOCIAL,4.3,11066,1000000,Free,0.0,Everyone,2018-03-13,10.0,Social
Video Download For FB,TOOLS,4.3,444,100000,Free,0.0,Everyone,2017-07-14,1.6,Tools
Video Downloader for FB : Video Download with Link,VIDEO_PLAYERS,4.5,1060,100000,Free,0.0,Everyone,2017-12-20,3.2,Video Players & Editors
Video Downloader for FB,TOOLS,4.3,53,5000,Free,0.0,Everyone,2018-08-01,3.0,Tools
FB Photographie,PHOTOGRAPHY,4.7,37,1000,Free,0.0,Everyone,2016-05-22,10.0,Photography
Lite Messenger for Facebook Lite,SOCIAL,3.8,108,10000,Free,0.0,Teen,2018-05-28,2.8,Social
Download Facebook Photo Albums,TOOLS,4.0,3840,100000,Free,0.0,Everyone,2017-06-02,2.5,Tools
Mini for Facebook lite,SOCIAL,4.1,260,10000,Free,0.0,Teen,2018-06-21,1.3,Social
funny Image Comments for FB,SOCIAL,3.9,19,5000,Free,0.0,Teen,2018-02-13,15.0,Social
IDM for Facebook ★ Downloader,PRODUCTIVITY,4.3,1905,100000,Free,0.0,Everyone,2015-10-17,3.1,Productivity
"Unlimited Group Links - Whatsapp, FB, Telegram",SOCIAL,3.4,44,10000,Free,0.0,Mature 17+,2018-07-03,2.8,Social
HD VideoDownlaoder For Fb : XXVideo Downloader,VIDEO_PLAYERS,4.2,61,10000,Free,0.0,Everyone,2018-07-30,6.1,Video Players & Editors
Barca News - app for Barcelona FC Fans,SPORTS,4.5,207,10000,Free,0.0,Everyone,2017-11-13,4.5,Sports
FC Barcelona Fantasy Manager: Real football mobile,SPORTS,4.4,15221,1000000,Free,0.0,Everyone,2017-10-02,30.0,Sports
Classic FC 64 IN 1,FAMILY,4.2,1749,100000,Free,0.0,Everyone,2017-12-29,6.2,Casual
FC Barcelona Official Keyboard,SPORTS,4.7,5229,500000,Free,0.0,Everyone,2018-05-17,20.0,Sports
Barcelona Live 2018—Goals & News for Barca FC Fans,SPORTS,4.6,342,10000,Free,0.0,Everyone,2018-08-06,38.0,Sports
Barcelona News - Sportfusion,SPORTS,4.4,382,10000,Free,0.0,Everyone,2018-03-06,20.0,Sports
Barcelona Calendar,SPORTS,4.4,670,10000,Free,0.0,Everyone,2017-11-17,3.1,Sports
"Barca News - FC Barcelona, World Foot & Transfers",SPORTS,4.8,160,10000,Free,0.0,Everyone,2018-08-04,6.4,Sports
FC Bayern Munich,SPORTS,4.6,37140,1000000,Free,0.0,Everyone,2018-08-01,71.0,Sports
FC BARCELONA EVENTS,SPORTS,4.3,6,100,Free,0.0,Everyone,2018-04-22,11.0,Sports
Cambridge English FC,FAMILY,4.4,761,50000,Free,0.0,Everyone,2016-10-06,11.0,Education
Barcelona Live - Goal Score & News for Barca Fans,SPORTS,4.4,38,10000,Free,0.0,Everyone,2017-08-17,2.6,Sports
Seattle Sounders FC,SPORTS,3.3,974,10000,Free,0.0,Everyone,2018-08-01,33.0,Sports
FCB Connect - FC Barcelona,SOCIAL,4.5,795,50000,Free,0.0,Teen,2018-06-07,21.0,Social
1. FC Köln App,SPORTS,4.6,2019,100000,Free,0.0,Everyone,2018-07-20,41.0,Sports
File Commander - File Manager/Explorer,BUSINESS,4.3,758590,100000000,Free,0.0,Everyone,2018-08-02,12.0,Business
FC Porto,SPORTS,4.9,15883,100000,Free,0.0,Everyone,2018-06-19,21.0,Sports
Fulham FC,SPORTS,4.3,401,10000,Free,0.0,Everyone,2017-08-09,2.8,Sports
Chelsea FC Official Keyboard,PRODUCTIVITY,4.5,91397,1000000,Free,0.0,Everyone,2018-07-03,14.0,Productivity
Burnley FC,SPORTS,4.9,195,5000,Free,0.0,Everyone,2018-08-01,29.0,Sports
Atlanta United FC,SPORTS,3.7,215,10000,Free,0.0,Everyone,2018-06-28,76.0,Sports
Barcelona Wallpaper HD,PERSONALIZATION,4.5,93,10000,Free,0.0,Everyone,2018-02-28,5.7,Personalization
Sydney FC Official App,SPORTS,4.6,57,5000,Free,0.0,Everyone,2018-06-26,17.0,Sports
Birmingham City FC,SPORTS,4.5,191,10000,Free,0.0,Everyone,2018-08-01,28.0,Sports
FC Browser - Focus Privacy Browser,COMMUNICATION,4.1,26,1000,Free,0.0,Everyone,2017-11-24,4.6,Communication
My AEK - Official ΑΕΚ FC app,SPORTS,4.8,3346,50000,Free,0.0,Everyone,2018-01-18,,Sports
Noticias FC Barcelona,NEWS_AND_MAGAZINES,5.0,4,100,Free,0.0,Everyone,2018-06-15,3.1,News & Magazines
Toronto FC,SPORTS,3.4,144,10000,Free,0.0,Teen,2018-05-11,79.0,Sports
Middlesbrough FC Official,SPORTS,4.5,152,10000,Free,0.0,Everyone,2018-05-29,36.0,Sports
The 5th Stand,SPORTS,4.8,1697,100000,Free,0.0,Everyone,2018-07-31,17.0,Sports
Galaxian(FC),GAME,4.5,2,100,Paid,1.99,Everyone,2015-11-13,7.8,Arcade
FC Red Bull Salzburg App,SPORTS,4.5,1526,50000,Free,0.0,Everyone,2018-08-07,89.0,Sports
FC Zenit official Android app,SPORTS,4.5,5675,100000,Free,0.0,Everyone,2018-04-18,49.0,Sports
Fan App for Portsmouth FC,SPORTS,4.5,53,1000,Free,0.0,Teen,2016-08-06,12.0,Sports
Latest Barcelona News 24h,NEWS_AND_MAGAZINES,4.5,104,10000,Free,0.0,Everyone,2018-01-06,3.0,News & Magazines
Mobile FC,SPORTS,4.1,5015,100000,Free,0.0,Everyone,2018-05-25,57.0,Sports
"FirstCry Baby & Kids Shopping, Fashion & Parenting",SHOPPING,4.1,41074,5000000,Free,0.0,Everyone,2018-06-27,16.0,Shopping
Fan App for Reading FC,SPORTS,3.6,9,500,Free,0.0,Teen,2016-08-06,13.0,Sports
Deportivo Toluca FC,SPORTS,4.7,2317,50000,Free,0.0,Everyone,2018-07-26,5.9,Sports
Underdog FC,SPORTS,4.6,216,10000,Free,0.0,Everyone,2018-08-02,40.0,Sports
Las Vegas Lights FC,SPORTS,4.9,10,500,Free,0.0,Everyone,2018-03-09,14.0,Sports
APOEL FC,SPORTS,4.6,688,10000,Free,0.0,Everyone,2015-01-07,,Sports
FD Shift Calendar Widget,TOOLS,4.1,981,100000,Free,0.0,Everyone,2011-03-16,0.0712890625,Tools
Bank FD Interest Calculator,FINANCE,4.5,166,10000,Free,0.0,Everyone,2018-01-07,3.5,Finance
FD VR Video Player - (Stored),FAMILY,3.9,751,100000,Free,0.0,Everyone,2016-11-30,17.0,Entertainment
FD Mobile,FAMILY,3.9,53,5000,Free,0.0,Everyone,2017-09-20,7.9,Entertainment
Formula DRIFT,SPORTS,4.6,169,10000,Free,0.0,Everyone,2018-07-27,19.0,Sports
FD VR - Virtual 3D Web Browser,FAMILY,3.8,729,100000,Free,0.0,Everyone,2018-03-09,30.0,Entertainment
FD Community FCU Mobile,FINANCE,4.7,175,1000,Free,0.0,Everyone,2018-06-12,12.0,Finance
Female Daily,BEAUTY,3.9,4354,100000,Free,0.0,Teen,2018-08-06,42.0,Beauty
FD VR - Virtual App Launcher,LIBRARIES_AND_DEMO,4.1,1463,100000,Free,0.0,Everyone,2016-11-30,7.4,Libraries & Demo
FD VR Player - for 360 Youtube,FAMILY,3.9,100,10000,Free,0.0,Everyone,2016-11-30,9.1,Entertainment
FD VR Store -VR Games and Apps,FAMILY,4.0,105,10000,Free,0.0,Everyone,2016-11-30,7.5,Simulation
Policy And FD Manager,FINANCE,4.3,20,500,Free,0.0,Everyone,2018-06-09,4.8,Finance
FD VR - Virtual Reality Camera,FAMILY,4.0,1007,100000,Free,0.0,Everyone,2016-11-30,7.4,Entertainment
Sports Lite,SPORTS,4.4,16,1000,Free,0.0,Everyone,2018-07-31,4.9,Sports
FD VR Theater - for Youtube VR,FAMILY,4.1,4585,1000000,Free,0.0,Everyone,2016-11-30,9.1,Entertainment
Story Time FD,FAMILY,5.0,2,10,Free,0.0,Everyone 10+,2016-03-25,4.2,Simulation
FD Calculator | Term Deposit | Fixed Deposit,FINANCE,4.8,12,1000,Free,0.0,Everyone,2018-06-13,2.7,Finance
Financial Calculator India,FINANCE,4.6,13819,1000000,Free,0.0,Everyone,2018-07-04,3.9,Finance
"FD Calculator (EMI, SIP, RD & Loan Eligilibility)",FINANCE,5.0,104,1000,Free,0.0,Everyone,2018-08-07,2.3,Finance
FD VR Cardboard Featured 360 Videos,FAMILY,4.2,76,10000,Free,0.0,Everyone,2017-12-19,35.0,Entertainment
"EMI, FD, RD - Bank Calculator",FINANCE,4.7,42,5000,Free,0.0,Everyone,2017-04-02,3.5,Finance
FD VR Player - for Youtube 3D,FAMILY,4.0,2378,500000,Free,0.0,Everyone,2016-11-30,9.1,Entertainment
RD/FD Calculator,FINANCE,4.4,92,10000,Free,0.0,Everyone,2017-01-31,1.5,Finance
FD VR Music Videos - MTV Pop and Rap in 360,FAMILY,4.9,15,1000,Free,0.0,Everyone,2017-12-19,26.0,Entertainment
FD VR - Virtual Photo Gallery,FAMILY,3.5,179,10000,Free,0.0,Everyone,2016-11-30,7.4,Entertainment
Fix Deposit Calculator (FD),FINANCE,4.1,7,1000,Free,0.0,Everyone,2018-02-06,2.1,Finance
FD Interest Calculator,FINANCE,4.2,17,5000,Free,0.0,Everyone,2015-01-18,4.7,Finance
Deposit Calculator FD & RD,FINANCE,4.4,18,10000,Free,0.0,Everyone,2017-01-21,3.4,Finance
Banking Calculator,FINANCE,4.5,3704,100000,Free,0.0,Everyone,2018-03-20,4.6,Finance
FD e-paper,NEWS_AND_MAGAZINES,3.1,183,10000,Free,0.0,Everyone,2018-07-04,7.1,News & Magazines
EMI/FD/RD/PV/IRR/BEP/EOQ Calc,FINANCE,4.5,58,10000,Free,0.0,Everyone,2015-12-09,2.7,Finance
EMI Calculator | FD Calculator | RD calculator,FINANCE,4.6,106,10000,Free,0.0,Everyone,2018-03-19,4.4,Finance
LineStar for FanDuel,SPORTS,4.3,1539,50000,Free,0.0,Teen,2018-06-06,14.0,Sports
HD Video Download for Facebook,VIDEO_PLAYERS,4.4,20755,1000000,Free,0.0,Everyone,2018-03-16,17.0,Video Players & Editors
Fire Emblem Heroes,FAMILY,4.6,407694,5000000,Free,0.0,Teen,2018-07-19,,Simulation
Santa Fe FCU Mobile Banking,FINANCE,4.3,12,1000,Free,0.0,Everyone,2018-01-22,9.0,Finance
FE Connect,TOOLS,4.8,24,5000,Free,0.0,Everyone,2017-09-14,4.5,Tools
FE Civil Engineering Exam Prep,FAMILY,2.8,9,1000,Free,0.0,Everyone,2018-07-27,21.0,Education
FE CREDIT - TET VUI,FINANCE,4.1,125,50000,Free,0.0,Everyone,2018-03-06,15.0,Finance
FE Mechanical Engineering Prep,FAMILY,1.0,2,1000,Free,0.0,Everyone,2018-07-27,21.0,Education
FE Mobile,BUSINESS,3.0,2,10,Free,0.0,Everyone,2018-07-10,8.0,Business
Comunidad De Fe Minitries,LIFESTYLE,5.0,19,500,Free,0.0,Everyone,2018-03-01,11.0,Lifestyle
Garena Free Fire,GAME,4.5,5534114,100000000,Free,0.0,Teen,2018-08-03,53.0,Action
Safe Santa Fe,FAMILY,5.0,2,1000,Free,0.0,Everyone,2016-07-04,12.0,Education
Santa Fe New Mexican e-Edition,NEWS_AND_MAGAZINES,4.1,25,1000,Free,0.0,Everyone,2018-06-21,17.0,News & Magazines
Note FE Theme And Launcher For Samsung Galaxy,PERSONALIZATION,4.4,7,1000,Free,0.0,Everyone,2017-08-28,9.8,Personalization
FE CPS,FINANCE,3.0,62,10000,Free,0.0,Everyone,2017-06-26,17.0,Finance
Santa Fe Indian Market,FAMILY,3.8,4,500,Free,0.0,Everyone,2018-07-23,30.0,Entertainment
Repair Hyundai Santa Fe,AUTO_AND_VEHICLES,3.9,22,1000,Free,0.0,Everyone,2018-01-31,97.0,Auto & Vehicles
Santa Fe Thrive,HEALTH_AND_FITNESS,5.0,2,50,Free,0.0,Everyone,2018-07-09,8.3,Health & Fitness
Theme for Samsung Galaxy Note FE,PERSONALIZATION,4.5,52,10000,Free,0.0,Everyone,2017-07-04,7.9,Personalization
Ríos de Fe,LIFESTYLE,5.0,141,1000,Free,0.0,Everyone,2018-03-24,15.0,Lifestyle
FG Mobile,FAMILY,3.3,130,5000,Free,0.0,Everyone,2017-12-21,13.0,Education
Burn Your Fat With Me! FG,HEALTH_AND_FITNESS,4.5,38487,1000000,Free,0.0,Teen,2018-07-03,60.0,Health & Fitness
FG On-The-Go,TOOLS,4.9,55,1000,Free,0.0,Everyone,2018-06-29,25.0,Tools
BROTHER IN WARS: GUNNER CITY WARLORDS,GAME,4.3,8649,1000000,Free,0.0,Teen,2018-07-26,39.0,Action
Angry Birds Space HD,GAME,4.5,43645,5000000,Free,0.0,Everyone,2018-05-25,46.0,Arcade
Survival Prison Escape v2: Free Action Game,FAMILY,4.1,44027,5000000,Free,0.0,Mature 17+,2018-02-21,52.0,Strategy
FG VOC,BUSINESS,4.8,6,1000,Free,0.0,Everyone,2018-08-07,7.7,Business
Police Car Driver,GAME,3.8,83671,10000000,Free,0.0,Everyone 10+,2018-05-04,30.0,Racing
Modern Sniper Strike: Best Commando Action 2k18,GAME,4.1,164,10000,Free,0.0,Everyone,2017-08-23,17.0,Action
Moto Fighter 3D,GAME,3.9,85410,10000000,Free,0.0,Everyone 10+,2017-09-20,39.0,Racing
BMX Boy,GAME,4.2,839206,50000000,Free,0.0,Everyone,2017-09-20,12.0,Racing
Crazy Bike attack Racing New: motorcycle racing,GAME,4.2,20364,5000000,Free,0.0,Everyone,2018-07-12,45.0,Racing
POLARIS 2MFG,FAMILY,4.8,1228,10000,Free,0.0,Everyone,2018-03-28,29.0,Education
Gun Disassembly 2,FAMILY,4.1,26347,1000000,Free,0.0,Everyone 10+,2017-09-15,48.0,Entertainment
Fields of Battle,GAME,4.1,71476,1000000,Free,0.0,Everyone 10+,2018-04-21,50.0,Action
Family Guy The Quest for Stuff,GAME,4.0,995002,10000000,Free,0.0,Mature 17+,2018-07-25,,Adventure
Ambulance Simulator 3D,FAMILY,3.9,29415,1000000,Free,0.0,Mature 17+,2016-12-11,66.0,Simulation
Leghe Fantagazzetta,SPORTS,4.1,79464,1000000,Free,0.0,Everyone,2018-08-06,27.0,Sports
Police Car Driving Sim,FAMILY,4.1,72522,10000000,Free,0.0,Everyone,2018-04-10,51.0,Simulation
Toy Attack,GAME,4.2,3878,500000,Free,0.0,Everyone,2018-04-04,69.0,Action
Field Goal Tournament,SPORTS,3.7,2980,100000,Free,0.0,Everyone,2015-09-01,21.0,Sports
Ghost In Photo,PHOTOGRAPHY,3.9,28429,5000000,Free,0.0,Teen,2018-03-16,14.0,Photography
Disney Princess Palace Pets,FAMILY,3.9,60097,1000000,Free,0.0,Everyone,2018-02-10,19.0,Entertainment
Police VAZ LADA Simulator,FAMILY,3.6,3502,500000,Free,0.0,Teen,2016-09-11,61.0,Simulation
Scary Video Maker,FAMILY,3.7,9296,500000,Free,0.0,Teen,2018-07-24,28.0,Entertainment
SnowMobile Parking Adventure,GAME,3.6,12257,1000000,Free,0.0,Everyone,2016-09-09,49.0,Racing
PBS KIDS Games,FAMILY,4.3,12919,1000000,Free,0.0,Everyone,2018-06-06,94.0,Educational
Zombie Sniper 3D III,GAME,3.9,8122,500000,Free,0.0,Mature 17+,2017-02-28,23.0,Action
Family Guy- Another Freakin' Mobile Game,FAMILY,4.5,221691,5000000,Free,0.0,Teen,2018-08-06,94.0,Puzzle
FH WiFiCam,PHOTOGRAPHY,2.6,201,10000,Free,0.0,Everyone,2017-05-02,2.5,Photography
HD Themes Volvo FH Trucks,PERSONALIZATION,4.4,40,5000,Free,0.0,Teen,2016-06-21,13.0,Personalization
Familial Hypercholesterolaemia Handbook,MEDICAL,1.0,2,100,Free,0.0,Everyone,2018-07-02,33.0,Medical
Wallpapers Volvo FH 16 Trucks,PERSONALIZATION,4.2,13,1000,Free,0.0,Teen,2016-06-18,15.0,Personalization
Puzzles Volvo FH 16 Trucks,FAMILY,4.8,10,1000,Free,0.0,Teen,2016-12-02,8.2,Puzzle
Jigsaw Volvo FH 16 Trucks,FAMILY,5.0,5,1000,Free,0.0,Teen,2016-12-01,8.1,Puzzle
Shoot Hunter-Gun Killer,GAME,4.3,320334,50000000,Free,0.0,Teen,2018-08-08,27.0,Action
studentsLife by FH Kärnten,FAMILY,4.4,108,5000,Free,0.0,Everyone,2018-03-30,,Education
FH® Cost Lookup / FH® CCSalud,MEDICAL,4.5,30,1000,Free,0.0,Everyone,2017-06-21,4.1,Medical
FH App,BUSINESS,4.9,27,100,Free,0.0,Everyone,2018-07-26,6.0,Business
FH School,FAMILY,5.0,4,100,Free,0.0,Everyone,2018-04-11,5.8,Education
Fast Motorcycle Driver 2016,GAME,4.2,28151,1000000,Free,0.0,Everyone 10+,2016-12-25,49.0,Racing
Wallpapers Volvo FH Truck,PERSONALIZATION,4.2,4,100,Free,0.0,Teen,2016-07-31,14.0,Personalization
Angry Shark 2016,FAMILY,4.0,73185,5000000,Free,0.0,Teen,2017-11-01,46.0,Simulation
First Hawaiian Bank Mobile,FINANCE,2.1,232,10000,Free,0.0,Everyone,2018-05-09,29.0,Finance
Strike! Ten Pin Bowling,SPORTS,4.2,18584,5000000,Free,0.0,Everyone,2018-06-27,49.0,Sports
My Truck,TOOLS,2.5,247,10000,Free,0.0,Everyone,2017-03-15,8.2,Tools
Talking Tom Bubble Shooter,FAMILY,4.4,687136,50000000,Free,0.0,Everyone,2018-05-25,54.0,Casual
Forgotten Hill: Fall,GAME,4.4,1063,50000,Free,0.0,Teen,2017-10-30,18.0,Adventure
Forgotten Hill Mementoes,GAME,4.6,2027,100000,Free,0.0,Teen,2018-03-19,56.0,Adventure
Talking Husky Dog,FAMILY,4.4,26545,1000000,Free,0.0,Everyone,2018-07-20,40.0,Casual
Bubble Bird Rescue,FAMILY,4.2,70753,5000000,Free,0.0,Everyone,2018-08-07,14.0,Puzzle
Forgotten Hill: Surgery,GAME,4.5,2431,100000,Free,0.0,Teen,2017-11-03,24.0,Adventure
Real Airplane Flight Simulator: Pilot Games,FAMILY,3.3,21735,1000000,Free,0.0,Everyone,2018-07-11,37.0,Simulation
Dolphin and fish coloring book,FAMILY,3.9,2249,500000,Free,0.0,Everyone,2018-05-15,,Art & Design
Forgotten Hill: Puppeteer,GAME,4.5,2917,100000,Free,0.0,Teen,2017-10-30,22.0,Adventure
Airplane Fly Hawaii,FAMILY,4.1,83427,1000000,Free,0.0,Everyone,2015-01-30,16.0,Simulation
FiSwitch,TOOLS,4.8,615,10000,Paid,1.99,Everyone,2018-07-24,2.0,Tools
Signal Info,TOOLS,4.6,424,10000,Free,0.0,Everyone,2017-12-19,3.5,Tools
Signal Spy - Monitor Signal Strength & Data Usage,TOOLS,4.4,875,100000,Free,0.0,Everyone,2017-12-31,8.5,Tools
Wi-Fi Auto-connect,COMMUNICATION,3.8,15036,1000000,Free,0.0,Everyone,2015-08-01,0.2470703125,Communication
Smart Wi-Fi Hotspot PRO,COMMUNICATION,3.7,197,10000,Paid,2.99,Everyone,2016-02-10,0.9345703125,Communication
"Talkie - Wi-Fi Calling, Chats, File Sharing",COMMUNICATION,4.2,4838,500000,Free,0.0,Everyone,2018-01-06,,Communication
Portable Wi-Fi hotspot Premium,COMMUNICATION,3.7,481,10000,Paid,0.99,Everyone,2015-12-16,0.41015625,Communication
Avast Wi-Fi Finder,PRODUCTIVITY,4.3,37277,1000000,Free,0.0,Everyone,2018-02-26,13.0,Productivity
Police Field Interview FI Card,PRODUCTIVITY,4.5,112,1000,Paid,7.99,Everyone,2017-03-16,2.4,Productivity
LG Hi-Fi Plus Manager,TOOLS,3.5,154,10000,Free,0.0,Everyone,2016-09-06,3.4,Tools
WeFi - Free Fast WiFi Connect & Find Wi-Fi Map,COMMUNICATION,4.0,13469,1000000,Free,0.0,Everyone,2018-06-05,5.1,Communication
"Talkie Pro - Wi-Fi Calling, Chats, File Sharing",COMMUNICATION,4.5,201,1000,Paid,2.99,Everyone,2018-01-06,,Communication
Safe Wi-Fi,PRODUCTIVITY,2.9,32,1000,Free,0.0,Everyone,2018-08-03,9.7,Productivity
[root] Pry-Fi,TOOLS,3.9,6736,500000,Free,0.0,Everyone,2014-02-02,0.0703125,Tools
Sat-Fi,COMMUNICATION,3.6,97,5000,Free,0.0,Everyone,2017-08-31,,Communication
WiFi Monitor Pro - analyzer of Wi-Fi networks,TOOLS,4.6,85,1000,Paid,2.99,Everyone,2018-07-05,2.4,Tools
Candy simply-Fi,LIFESTYLE,2.1,2390,100000,Free,0.0,Everyone,2018-07-17,35.0,Lifestyle
SCI-FI UI,FAMILY,4.7,15,100,Paid,1.99,Everyone,2018-04-16,3.9,Entertainment
Wi-Fi Rabbit Unlock Key,TOOLS,4.5,142,5000,Paid,1.0,Everyone,2011-06-26,0.025390625,Tools
Wi-Fi settings shortcut,TOOLS,4.1,479,50000,Free,0.0,Everyone,2013-12-13,0.0283203125,Tools
Wi-Fi Master,TOOLS,4.5,3673,500000,Free,0.0,Everyone,2018-07-24,5.8,Tools
Micro Fi,FAMILY,3.7,39,5000,Free,0.0,Everyone,2014-02-12,2.8,Education
fi,FAMILY,2.9,691,100000,Free,0.0,Everyone,2016-06-08,5.8,Strategy
Portable Wi-Fi hotspot Free,COMMUNICATION,4.0,1711,100000,Free,0.0,Everyone,2018-01-11,2.1,Communication
Wi-Fi Networks,PRODUCTIVITY,4.2,115,10000,Free,0.0,Everyone,2015-10-05,1.4,Productivity
FI CFL,FINANCE,3.7,112,10000,Free,0.0,Everyone,2018-07-05,3.9,Finance
Tassa.fi Finland,LIFESTYLE,3.6,346,50000,Free,0.0,Everyone,2018-05-22,7.5,Lifestyle
TownWiFi | Wi-Fi Everywhere,COMMUNICATION,3.9,2372,500000,Free,0.0,Everyone,2018-08-02,58.0,Communication
Jazz Wi-Fi,COMMUNICATION,3.4,49,10000,Free,0.0,Everyone,2017-02-10,4.0,Communication
Xposed Wi-Fi-Pwd,PERSONALIZATION,3.5,1042,100000,Free,0.0,Everyone,2014-08-05,0.39453125,Personalization
osmino Wi-Fi: free WiFi,TOOLS,4.2,134203,10000000,Free,0.0,Everyone,2018-08-07,4.1,Tools
Sat-Fi Voice,COMMUNICATION,3.4,37,1000,Free,0.0,Everyone,2014-11-21,14.0,Communication
Wi-Fi Visualizer,TOOLS,3.9,132,50000,Free,0.0,Everyone,2017-05-17,2.6,Tools
Lennox iComfort Wi-Fi,LIFESTYLE,3.0,552,50000,Free,0.0,Everyone,2017-03-22,7.6,Lifestyle
Sci-Fi Sounds and Ringtones,PERSONALIZATION,3.6,128,10000,Free,0.0,Everyone,2017-09-27,11.0,Personalization
Sci Fi Sounds,FAMILY,3.2,4,1000,Free,0.0,Everyone,2017-11-02,8.0,Entertainment
Free Wi-fi HotspoT,COMMUNICATION,4.1,382,50000,Free,0.0,Everyone,2018-07-20,2.3,Communication
FJ 4x4 Cruiser Offroad Driving,FAMILY,4.1,3543,500000,Free,0.0,Everyone,2017-01-04,49.0,Simulation
FJ 4x4 Cruiser Snow Driving,FAMILY,4.2,1619,500000,Free,0.0,Everyone,2018-06-04,43.0,Simulation
Wallpapers Toyota FJ Cruiser,PERSONALIZATION,4.2,78,10000,Free,0.0,Everyone,2016-06-20,10.0,Personalization
"FJ Final Join , Circles Game",GAME,4.7,32,1000,Free,0.0,Teen,2018-07-11,24.0,Arcade
FJ Drive: Mercedes-Benz Lease,AUTO_AND_VEHICLES,4.6,107,10000,Free,0.0,Everyone,2017-11-06,27.0,Auto & Vehicles
Driving n Parking School 2017,FAMILY,4.5,15,1000,Free,0.0,Everyone,2017-05-31,46.0,Simulation
Offroad Cruiser,FAMILY,4.3,42432,1000000,Free,0.0,Everyone,2016-07-13,36.0,Simulation
HD Themes Toyota Cruiser 70,PERSONALIZATION,4.5,86,10000,Free,0.0,Teen,2016-10-02,17.0,Personalization
Toyota Cruisers & Trucks Mag,TRAVEL_AND_LOCAL,4.5,10,500,Free,0.0,Everyone,2018-03-14,8.0,Travel & Local
4 x4 Offroad SUV 3D Truck Simulator Driving 2017,FAMILY,4.4,32,1000,Free,0.0,Everyone,2017-12-06,37.0,Simulation
Cake Shop - Kids Cooking,FAMILY,4.3,30668,5000000,Free,0.0,Everyone,2018-07-16,33.0,Casual
OFF-ROAD SIMULATOR 4x4 : REAL,FAMILY,4.2,109,10000,Free,0.0,Everyone,2017-04-15,25.0,Simulation
HD Themes Toyota Cruiser 200,PERSONALIZATION,3.7,3,100,Free,0.0,Teen,2016-10-01,15.0,Personalization
Fun Kid Racing - Motocross,FAMILY,4.1,59768,10000000,Free,0.0,Everyone,2018-08-07,,Racing
Offroad 4x4 Car Driving,FAMILY,4.3,26224,1000000,Free,0.0,Everyone,2017-04-29,43.0,Simulation
Motocross Beach Jumping 3D,FAMILY,4.0,105954,10000000,Free,0.0,Teen,2018-06-05,43.0,Simulation
Offroad drive : 4x4 driving game,GAME,3.5,2071,100000,Free,0.0,Everyone,2018-06-29,36.0,Racing
Hair saloon - Spa salon,FAMILY,4.2,38473,10000000,Free,0.0,Everyone,2018-04-11,23.0,Casual
Rope Hero: Vice Town,GAME,4.4,452589,10000000,Free,0.0,Mature 17+,2018-07-01,99.0,Action
Drive 4x4 Luxury SUV Jeep,GAME,4.2,2183,500000,Free,0.0,Everyone,2018-07-10,46.0,Racing
PIP Selfie Camera Photo Editor,PHOTOGRAPHY,4.4,156322,10000000,Free,0.0,Everyone,2018-02-01,,Photography
Motocross Mayhem,GAME,3.8,35171,1000000,Free,0.0,Everyone,2014-02-11,45.0,Racing
Funny Jokes,FAMILY,3.9,2505,100000,Free,0.0,Mature 17+,2018-06-18,2.9,Entertainment
Flight Simulator: Fly Plane 3D,FAMILY,4.0,660613,50000000,Free,0.0,Everyone,2017-03-01,21.0,Simulation
Motocross Fun Simulator,FAMILY,3.8,22570,1000000,Free,0.0,Everyone,2017-01-09,35.0,Simulation
Dino Defends king 3 – Dinosaur T rex Hunter Games,GAME,3.6,182,50000,Free,0.0,Teen,2018-03-01,41.0,Adventure
Fast Notes FJ,PRODUCTIVITY,4.2,12,500,Free,0.0,Everyone,2014-08-12,2.2,Productivity
Block Gun 3D: Haunted Hollow,GAME,3.8,16282,1000000,Free,0.0,Teen,2017-10-09,35.0,Action
Driving Suv Toyota Car Simulator,FAMILY,3.7,187,10000,Free,0.0,Everyone,2017-11-12,54.0,Simulation
Navy Gunner Shoot War 3D,GAME,4.0,103199,10000000,Free,0.0,Teen,2018-08-02,44.0,Action
Drift Legends,GAME,4.2,33788,1000000,Free,0.0,Everyone,2018-03-29,27.0,Racing
FK,MEDICAL,4.4,1517,100000,Free,0.0,Everyone,2018-07-13,8.5,Medical
Fairy Kingdom: World of Magic and Farming,FAMILY,4.4,129542,1000000,Free,0.0,Everyone,2018-07-23,63.0,Strategy
FK Željezničar,SPORTS,4.9,1420,10000,Free,0.0,Everyone,2018-07-12,20.0,Sports
FK CLASSIC FOR YOU,BUSINESS,5.0,1,10,Free,0.0,Everyone,2018-02-20,3.5,Business
Kernel Manager for Franco Kernel ✨,TOOLS,4.8,12700,100000,Paid,3.49,Everyone,2018-08-03,10.0,Tools
Ray Financial Calculator Pro,FINANCE,4.0,67,10000,Paid,2.99,Everyone,2017-07-03,2.4,Finance
Toy Truck Rally 3D,GAME,4.0,301895,50000000,Free,0.0,Everyone,2018-05-23,25.0,Racing
FK Crvena zvezda,SPORTS,4.9,1211,10000,Free,0.0,Everyone,2018-01-22,15.0,Sports
PRO MX MOTOCROSS 2,GAME,3.8,25275,5000000,Free,0.0,Everyone,2017-08-11,21.0,Racing
FK Željezničar Izzy,FAMILY,4.9,119,1000,Free,0.0,Everyone,2016-11-18,17.0,Entertainment
FK Atlantas,SPORTS,1.5,2,5,Free,0.0,Everyone,2018-02-21,26.0,Sports
FK Dedinje BGD,SPORTS,5.0,36,100,Free,0.0,Everyone,2017-02-11,2.6,Sports
FK Crvena Zvezda Izzy,TOOLS,4.8,1456,50000,Free,0.0,Everyone,2016-11-14,15.0,Tools
Crazy Freekick,SPORTS,3.9,47688,5000000,Free,0.0,Everyone,2016-05-18,17.0,Sports
FL State Parks Guide,TRAVEL_AND_LOCAL,3.7,871,100000,Free,0.0,Everyone,2017-10-27,45.0,Travel & Local
FL SW Fishing Regulations,SPORTS,4.6,60,1000,Paid,1.99,Everyone,2014-03-07,24.0,Sports
Permit Test FL Florida DHSMV,FAMILY,4.7,246,10000,Free,0.0,Everyone,2017-10-12,11.0,Education
FL Lottery Results,FAMILY,4.6,1481,50000,Free,0.0,Teen,2018-03-31,3.1,Entertainment
Florida DMV Permit Test -Fl,FAMILY,4.3,87,10000,Free,0.0,Everyone,2018-02-15,30.0,Education
Lottery Results: Florida,FAMILY,4.2,582,100000,Free,0.0,Teen,2018-01-22,3.2,Entertainment
Scratch-Off Guide for FL Lotto,FAMILY,4.6,25,5000,Free,0.0,Everyone,2018-07-04,5.6,Entertainment
"Charlotte County, FL",PRODUCTIVITY,4.7,10,1000,Free,0.0,Everyone,2017-02-23,7.1,Productivity
Results for FL Lottery,NEWS_AND_MAGAZINES,4.6,146,10000,Free,0.0,Everyone,2017-02-28,7.1,News & Magazines
Check Lottery Tickets - Florida,FAMILY,2.0,27,5000,Free,0.0,Teen,2017-10-17,31.0,Entertainment
Fish|Hunt FL,LIFESTYLE,3.6,853,100000,Free,0.0,Everyone,2018-03-22,34.0,Lifestyle
Florida 511,TOOLS,3.2,148,50000,Free,0.0,Everyone,2017-08-14,9.2,Tools
Florida Storms,WEATHER,3.8,116,10000,Free,0.0,Everyone,2017-12-26,36.0,Weather
FL Racing Manager 2018 Lite,SPORTS,4.0,1338,100000,Free,0.0,Everyone,2018-03-17,15.0,Sports
Florida Tides & Weather,WEATHER,3.8,30,1000,Paid,6.99,Everyone,2015-05-06,2.0,Weather
FL Tax-Verify,BUSINESS,3.8,17,5000,Free,0.0,Everyone,2016-11-09,6.1,Business
FL House,PRODUCTIVITY,4.4,29,1000,Free,0.0,Everyone,2016-11-22,,Productivity
FL Racing Manager 2015 Pro,SPORTS,4.4,656,5000,Paid,0.99,Everyone,2016-03-12,22.0,Sports
Lottery Driver- Florida Result,FAMILY,4.4,70,5000,Free,0.0,Teen,2017-04-16,4.4,Entertainment
Florida Travel Guide,TRAVEL_AND_LOCAL,3.8,11,1000,Free,0.0,Everyone,2018-07-11,86.0,Travel & Local
The Florida Trail Guide,TRAVEL_AND_LOCAL,4.3,100,5000,Free,0.0,Everyone,2017-04-01,13.0,Travel & Local
Florida - Pocket Brainbook,BOOKS_AND_REFERENCE,4.6,7,1000,Free,0.0,Everyone,2018-03-19,12.0,Books & Reference
Lottery Ticket Checker - Florida Results & Lotto,TOOLS,1.0,3,500,Free,0.0,Everyone,2017-12-12,41.0,Tools
Florida Statutes (FL Code),BOOKS_AND_REFERENCE,3.2,5,1000,Free,0.0,Everyone,2017-10-21,8.2,Books & Reference
Discovery Church Florida,LIFESTYLE,4.7,40,1000,Free,0.0,Teen,2018-06-25,8.0,Lifestyle
FL Racing Manager 2018 Pro,SPORTS,4.3,340,5000,Paid,1.99,Everyone,2018-03-17,15.0,Sports
Florida Driver License Test,FAMILY,4.5,65,5000,Free,0.0,Everyone,2016-01-30,0.458984375,Education
Free Florida DMV Test 2018,FAMILY,4.1,665,50000,Free,0.0,Everyone,2018-05-24,5.3,Education
Canvas FL,FAMILY,4.9,36,1000,Free,0.0,Teen,2018-06-25,9.4,Education
Florida Lottery Results,NEWS_AND_MAGAZINES,4.1,763,100000,Free,0.0,Everyone,2015-12-18,2.2,News & Magazines
Florida Cooling Supply HVAC,PRODUCTIVITY,4.2,6,500,Free,0.0,Everyone,2018-07-27,43.0,Productivity
Restaurant Inspections - FL,HEALTH_AND_FITNESS,3.5,143,10000,Free,0.0,Everyone,2013-06-12,0.220703125,Health & Fitness
Florida Keys,TRAVEL_AND_LOCAL,4.2,92,10000,Free,0.0,Everyone,2017-04-06,20.0,Travel & Local
South Florida AA Meetings,LIFESTYLE,5.0,10,1000,Free,0.0,Everyone,2018-05-24,21.0,Lifestyle
Florida Travel Guide - TOURIAS,TRAVEL_AND_LOCAL,3.8,80,10000,Free,0.0,Everyone,2018-07-30,37.0,Travel & Local
Florida State Gameday,SPORTS,4.7,1566,50000,Free,0.0,Everyone,2018-07-13,26.0,Sports
"News-Journal-Daytona Beach, FL",NEWS_AND_MAGAZINES,4.5,76,5000,Free,0.0,Everyone,2018-07-03,7.8,News & Magazines
"Trinity Church Deltona, FL",LIFESTYLE,5.0,33,500,Free,0.0,Everyone,2018-05-07,28.0,Lifestyle
FL Drone 2,PHOTOGRAPHY,3.3,41,5000,Free,0.0,Everyone,2017-08-17,7.8,Photography
"Beacon Baptist Jupiter, FL",LIFESTYLE,5.0,14,100,Free,0.0,Everyone,2017-10-13,2.6,Lifestyle
University of Florida,FAMILY,4.0,168,10000,Free,0.0,Everyone,2017-10-02,7.6,Education
"Ocala Star Banner, FL",NEWS_AND_MAGAZINES,4.5,75,5000,Free,0.0,Everyone,2018-07-25,8.1,News & Magazines
Alachua County Sheriff FL,LIFESTYLE,3.2,5,100,Free,0.0,Everyone,2015-05-13,9.5,Lifestyle
Lotto Results - Mega Millions Powerball Lottery US,NEWS_AND_MAGAZINES,4.5,14221,1000000,Free,0.0,Teen,2015-12-11,1.8,News & Magazines
Jax Sheriff (FL),LIFESTYLE,4.2,53,5000,Free,0.0,Everyone,2018-06-25,16.0,Lifestyle
Hidden Object Florida Vacation Adventure Fun Game,FAMILY,3.7,126,10000,Free,0.0,Everyone,2018-06-18,45.0,Casual
WFLA News Channel 8 - Tampa FL,NEWS_AND_MAGAZINES,3.8,133,10000,Free,0.0,Everyone,2018-07-18,14.0,News & Magazines
Florida Beach Wallpapers HD,TRAVEL_AND_LOCAL,5.0,3,100,Free,0.0,Everyone,2015-12-30,12.0,Travel & Local
My MLS App,LIFESTYLE,4.1,1213,100000,Free,0.0,Everyone,2018-06-04,13.0,Lifestyle
Employ Florida Mobile,BUSINESS,2.9,97,10000,Free,0.0,Everyone,2018-06-13,9.9,Business
PriorityONE Credit Union of Fl,FINANCE,4.7,178,1000,Free,0.0,Everyone,2018-06-12,12.0,Finance
Florida Wildflowers,FAMILY,5.0,5,1000,Free,0.0,Everyone,2017-07-10,69.0,Education
Florida Blue,HEALTH_AND_FITNESS,3.2,499,100000,Free,0.0,Everyone,2018-07-10,34.0,Health & Fitness
Florida Tech Mobile,FAMILY,3.8,87,5000,Free,0.0,Everyone,2016-09-13,5.4,Education
Florida Offline Road Map,TRAVEL_AND_LOCAL,3.8,144,10000,Free,0.0,Everyone,2014-10-02,8.7,Travel & Local
Florida Map offline,TRAVEL_AND_LOCAL,4.6,8,1000,Free,0.0,Everyone,2018-06-22,18.0,Travel & Local
"The Ledger - Lakeland, Florida",NEWS_AND_MAGAZINES,4.6,89,5000,Free,0.0,Everyone,2018-02-17,5.7,News & Magazines
FRONTLINE COMMANDO,GAME,4.4,1351833,10000000,Free,0.0,Teen,2013-10-28,12.0,Action
Gainesville Florida Police Department,LIFESTYLE,4.8,4,500,Free,0.0,Everyone,2017-11-22,15.0,Lifestyle
Gainesville Bus Tracker,MAPS_AND_NAVIGATION,4.2,63,10000,Free,0.0,Everyone,2015-08-25,1.6,Maps & Navigation
Florida Today,NEWS_AND_MAGAZINES,3.3,202,10000,Free,0.0,Everyone 10+,2018-06-20,38.0,News & Magazines
Florida HSMV Driver License,FAMILY,3.9,14,1000,Free,0.0,Everyone,2015-01-13,11.0,Education
WSVN - 7 News Miami,NEWS_AND_MAGAZINES,4.5,3320,100000,Free,0.0,Everyone,2018-08-03,14.0,News & Magazines
WICShopper,SHOPPING,3.9,3023,500000,Free,0.0,Everyone,2018-07-26,,Shopping
First Federal Bank of Florida,FINANCE,4.3,133,10000,Free,0.0,Everyone,2018-05-23,30.0,Finance
South Florida MLS,LIFESTYLE,4.4,133,10000,Free,0.0,Everyone,2018-06-02,13.0,Lifestyle
Football Manager Mobile 2018,SPORTS,3.9,11460,100000,Paid,8.99,Everyone,2018-06-27,,Sports
Podcast App: Free & Offline Podcasts by Player FM,NEWS_AND_MAGAZINES,4.6,66407,1000000,Free,0.0,Teen,2018-07-25,19.0,News & Magazines
Motorola FM Radio,VIDEO_PLAYERS,3.9,54815,100000000,Free,0.0,Everyone,2018-05-02,,Video Players & Editors
FN Cam,PHOTOGRAPHY,3.4,181,10000,Free,0.0,Everyone,2016-01-13,10.0,Photography
How it Works: FN SCAR assault rifle,FAMILY,4.6,44,10000,Free,0.0,Everyone,2018-01-09,45.0,Casual
FutureNet your social app,SOCIAL,4.2,2093,100000,Free,0.0,Teen,2018-03-08,7.0,Social
Ninja FN Button,FAMILY,4.8,12,1000,Free,0.0,Teen,2018-07-04,12.0,Entertainment
Wallpapers FN SCAR H,PERSONALIZATION,5.0,4,100,Free,0.0,Teen,2018-04-12,9.2,Personalization
FN,BUSINESS,5.0,14,50,Free,0.0,Everyone,2018-02-01,3.3,Business
F N Bail Bonds,LIFESTYLE,3.8,4,500,Free,0.0,Everyone,2017-01-06,14.0,Lifestyle
SB · FN 1870 Mobile Banking,FINANCE,2.9,139,10000,Free,0.0,Everyone,2017-06-19,3.3,Finance
PIP-Camera FN Photo Effect,PHOTOGRAPHY,4.6,8,1000,Free,0.0,Everyone,2016-12-04,9.0,Photography
Bullet - FN Theme,PERSONALIZATION,3.8,143,5000,Free,0.0,Everyone,2013-07-31,0.234375,Personalization
Gun Builder ELITE,GAME,4.1,88941,1000000,Free,0.0,Teen,2016-07-26,34.0,Action
Magnum 3.0 Gun Custom SImulator,GAME,4.5,16815,1000000,Free,0.0,Teen,2018-08-04,59.0,Action
Circle Colors Pack-FN Theme,PERSONALIZATION,4.2,6,50,Paid,0.99,Everyone,2013-08-09,0.0869140625,Personalization
Pint - FN Theme,PERSONALIZATION,2.5,6,100,Free,0.0,Everyone,2013-08-10,0.228515625,Personalization
HAL-9000 - FN Theme,PERSONALIZATION,3.5,159,10000,Free,0.0,Everyone,2013-08-16,0.2509765625,Personalization
Solitaire+,GAME,4.6,11235,100000,Paid,2.99,Everyone,2018-07-30,,Card
Fresh News,NEWS_AND_MAGAZINES,4.4,2207,100000,Free,0.0,Everyone,2018-07-26,9.8,News & Magazines
Future Cloud,PRODUCTIVITY,4.6,1075,100000,Free,0.0,Everyone,2018-01-22,,Productivity
Fruit Ninja Classic,GAME,4.3,85468,1000000,Paid,0.99,Everyone,2018-06-08,36.0,Arcade
Hunting Safari 3D,SPORTS,4.2,36183,5000000,Free,0.0,Teen,2018-01-20,20.0,Sports
Gun Club Armory,GAME,4.2,55014,1000000,Free,0.0,Teen,2017-12-04,28.0,Action
Ethical Hacking,FAMILY,4.1,128,10000,Free,0.0,Everyone,2018-07-09,3.2,Education
Armed Cam Gun Pack,GAME,4.2,1012,10000,Free,0.0,Teen,2015-01-18,50.0,Action
Zombie Defense,FAMILY,4.3,275048,10000000,Free,0.0,Teen,2018-06-22,41.0,Strategy
Fo File Manager,TOOLS,4.5,1916,100000,Free,0.0,Everyone,2015-12-31,0.35546875,Tools
Alarm.fo – choose your info,SOCIAL,4.4,19,1000,Free,0.0,Everyone,2018-05-29,3.1,Social
FO Bixby,PERSONALIZATION,5.0,5,100,Paid,0.99,Everyone,2018-04-25,0.8408203125,Personalization
Pin-fo,FAMILY,4.6,19,500,Free,0.0,Everyone,2016-08-15,1.6,Entertainment
Mu.F.O.,GAME,5.0,2,1,Paid,0.99,Everyone,2017-03-03,16.0,Arcade
Fo Fo Fish,GAME,3.4,5,50,Free,0.0,Everyone,2015-08-25,21.0,Arcade
Neon Blue Gaming Wallpaper&Theme fo Lenovo K8 Note,BUSINESS,4.6,7,500,Free,0.0,Everyone,2017-08-24,2.0,Business
Photo Editor Collage Maker Pro,PHOTOGRAPHY,4.5,1519671,100000000,Free,0.0,Everyone,2018-02-01,,Photography
Stylish Fonts,PERSONALIZATION,3.8,153176,10000000,Free,0.0,Everyone,2018-08-07,4.3,Personalization
4x4 Jeep Racer,GAME,4.1,7279,1000000,Free,0.0,Everyone,2018-03-09,54.0,Racing
Lalafo Pulsuz Elanlar,SHOPPING,4.4,61392,1000000,Free,0.0,Everyone,2018-08-08,,Shopping
My Earthquake Alerts - US & Worldwide Earthquakes,WEATHER,4.4,3471,100000,Free,0.0,Everyone,2018-07-24,,Weather
FunForMobile Ringtones & Chat,SOCIAL,4.4,68358,5000000,Free,0.0,Mature 17+,2016-05-07,7.2,Social
FarmersOnly Dating,DATING,3.0,1145,100000,Free,0.0,Mature 17+,2016-02-25,1.4,Dating
Free Slideshow Maker & Video Editor,PHOTOGRAPHY,4.2,162564,10000000,Free,0.0,Everyone,2018-08-05,11.0,Photography
Frontline Terrorist Battle Shoot: Free FPS Shooter,GAME,4.2,9183,1000000,Free,0.0,Mature 17+,2018-06-22,49.0,Action
BankNordik,FINANCE,3.9,28,5000,Free,0.0,Everyone,2018-08-08,15.0,Finance
Sona - Nær við allastaðni,LIFESTYLE,4.2,31,1000,Free,0.0,Everyone,2018-08-02,25.0,Lifestyle
Firefox Focus: The privacy browser,COMMUNICATION,4.4,36981,1000000,Free,0.0,Everyone,2018-07-06,4.0,Communication
Mad Dash Fo' Cash,GAME,5.0,14,100,Free,0.0,Everyone,2017-06-19,16.0,Arcade
Launcher Theme for LG K10 2018,PERSONALIZATION,4.0,649,100000,Free,0.0,Everyone,2017-03-30,11.0,Personalization
Mobile Kick,SPORTS,4.3,111809,10000000,Free,0.0,Everyone,2018-02-07,40.0,Sports
English To Shona Dictionary,BOOKS_AND_REFERENCE,4.6,60,10000,Free,0.0,Everyone,2016-07-10,3.7,Books & Reference
Posta App,MAPS_AND_NAVIGATION,3.6,8,1000,Free,0.0,Everyone,2017-09-27,,Maps & Navigation
Thumbnail Maker,PHOTOGRAPHY,4.4,26252,1000000,Free,0.0,Everyone,2018-05-26,24.0,Photography
Fon WiFi App – WiFi Connect,TOOLS,4.1,222,50000,Free,0.0,Everyone,2018-07-26,16.0,Tools
MOD-MASTER for Minecraft PE (Pocket Edition) Free,TOOLS,4.2,271908,10000000,Free,0.0,Everyone,2018-08-02,8.1,Tools
MX Player Codec (ARMv7),LIBRARIES_AND_DEMO,4.3,332083,10000000,Free,0.0,Everyone,2018-04-23,6.3,Libraries & Demo
FP Notebook,MEDICAL,4.5,410,50000,Free,0.0,Everyone,2018-03-24,60.0,Medical
FeaturePoints: Free Gift Cards,FAMILY,3.9,121321,5000000,Free,0.0,Everyone,2016-10-22,46.0,Entertainment
Draw with FP sDraw,TOOLS,4.3,3268,100000,Free,0.0,Everyone,2017-12-16,0.4560546875,Tools
FP Click sound changer,PERSONALIZATION,3.5,178,10000,Free,0.0,Everyone,2015-12-26,1.4,Personalization
FP Legacy,MAPS_AND_NAVIGATION,4.0,3,1000,Free,0.0,Everyone,2018-07-02,44.0,Maps & Navigation
Race Manager FP,GAME,3.8,196,5000,Free,0.0,Everyone,2014-11-03,11.0,Racing
FreedomPop Messaging Phone/SIM,COMMUNICATION,3.6,9894,500000,Free,0.0,Everyone,2018-07-26,39.0,Communication
PhotoFunia,PHOTOGRAPHY,4.3,316378,10000000,Free,0.0,Everyone,2017-06-03,4.4,Photography
Fingerprint Quick Action,TOOLS,4.2,8484,1000000,Free,0.0,Everyone,2018-07-22,1.7,Tools
GKPB FP Online Church,LIFESTYLE,5.0,32,1000,Free,0.0,Everyone,2017-12-31,7.9,Lifestyle
FP BW LCD View,FAMILY,3.4,16,500,Free,0.0,Everyone,2016-03-31,1.2,Entertainment
FP Charging Daydream,PERSONALIZATION,3.5,96,5000,Free,0.0,Everyone,2015-11-23,3.8,Personalization
FP Runner,GAME,3.7,38,1000,Free,0.0,Everyone,2016-06-29,29.0,Arcade
Finger Scanner Gestures,TOOLS,4.2,2531,100000,Free,0.0,Everyone,2017-07-30,3.3,Tools
FP FCU,FINANCE,3.6,48,5000,Free,0.0,Everyone,2018-04-05,26.0,Finance
Slickdeals: Coupons & Shopping,SHOPPING,4.5,33599,1000000,Free,0.0,Everyone,2018-07-30,12.0,Shopping
SCM FPS Status,BUSINESS,4.2,123,10000,Free,0.0,Everyone,2018-04-28,3.3,Business
Hondata Mobile,MAPS_AND_NAVIGATION,4.3,334,10000,Free,0.0,Everyone,2016-08-23,0.66015625,Maps & Navigation
FreedomPop Friends for Free Data,TOOLS,4.4,58,5000,Free,0.0,Everyone,2018-07-24,2.5,Tools
Fisher-Price® Smart Connect™,TOOLS,2.7,422,50000,Free,0.0,Everyone,2018-02-23,72.0,Tools
Fingerprint Lock Screen Prank,TOOLS,4.1,10786,1000000,Free,0.0,Everyone,2017-12-09,4.3,Tools
Fast Tract Diet,HEALTH_AND_FITNESS,4.4,35,1000,Paid,7.99,Everyone,2018-08-08,2.4,Health & Fitness
FP Разбитый дисплей,FAMILY,4.5,922,50000,Free,0.0,Everyone,2014-09-20,0.5390625,Entertainment
Chat For Strangers - Video Chat,SOCIAL,3.4,622,100000,Free,0.0,Mature 17+,2018-05-23,,Social
FreedomPop Diagnostics,TOOLS,2.9,452,100000,Free,0.0,Everyone,2017-07-17,7.0,Tools
NFP 2018,EVENTS,4.8,8,500,Free,0.0,Everyone,2018-01-09,16.0,Events
AAFP,MEDICAL,3.8,63,10000,Free,0.0,Everyone,2018-06-22,24.0,Medical
Modern Counter Terrorist FPS Shoot,GAME,4.0,795,100000,Free,0.0,Teen,2017-08-29,41.0,Action
FQ METER,PRODUCTIVITY,3.9,17,1000,Free,0.0,Everyone,2017-04-23,2.4,Productivity
Monster Ride Pro,GAME,5.0,1,10,Free,0.0,Everyone,2018-03-05,24.0,Racing
BEBONCOOL GAMEPAD V1.0,GAME,3.9,404,100000,Free,0.0,Everyone,2017-08-30,2.2,Arcade
Union League,FAMILY,4.0,939,10000,Free,0.0,Everyone,2018-06-08,38.0,Role Playing
Fortune Quest: Savior,FAMILY,3.6,135,10000,Free,0.0,Everyone 10+,2018-06-01,75.0,Role Playing
Modern Counter 3: FPS Multiplayers battlegro 3,FAMILY,4.1,17,1000,Free,0.0,Everyone,2018-03-16,50.0,Strategy
Modern Strike Online,GAME,4.3,834117,10000000,Free,0.0,Teen,2018-07-30,44.0,Action
Trine 2: Complete Story,GAME,3.8,252,10000,Paid,16.99,Teen,2015-02-27,11.0,Action
Modern Counter Terror Attack – Shooting Game,GAME,4.2,340,50000,Free,0.0,Mature 17+,2017-10-27,72.0,Action
Big Hunter,GAME,4.3,245455,10000000,Free,0.0,Everyone 10+,2018-05-31,84.0,Action
"sugar, sugar",FAMILY,4.2,1405,10000,Paid,1.2,Everyone,2018-06-05,9.5,Puzzle
ChopAssistant,TOOLS,4.2,455,50000,Free,0.0,Everyone,2017-02-28,2.8,Tools
Modern Counter Global Strike 3D,GAME,4.1,297,50000,Free,0.0,Teen,2018-03-28,48.0,Action
Modern Counter Global Strike 3D V2,GAME,4.0,368,50000,Free,0.0,Everyone 10+,2018-03-28,48.0,Action
HipChat - beta version,COMMUNICATION,4.1,1035,50000,Free,0.0,Everyone,2018-08-07,20.0,Communication
Winter Wonderland,GAME,4.0,1287,50000,Free,0.0,Everyone,2013-12-18,38.0,Word
Soccer Clubs Logo Quiz,GAME,4.2,21661,1000000,Free,0.0,Everyone,2018-05-24,16.0,Trivia
Sid Story,GAME,4.4,28510,500000,Free,0.0,Teen,2018-08-01,78.0,Card
Reindeer VPN - Proxy VPN,TOOLS,4.2,7339,100000,Free,0.0,Everyone,2018-05-10,4.0,Tools
Inf VPN - Global Proxy & Unlimited Free WIFI VPN,TOOLS,4.7,61445,1000000,Free,0.0,Everyone,2018-07-26,7.8,Tools
Fuel Rewards® program,LIFESTYLE,4.6,32433,1000000,Free,0.0,Everyone,2018-06-26,46.0,Lifestyle
Fr Daoud Lamei,SOCIAL,4.7,2036,100000,Free,0.0,Everyone,2018-05-20,6.8,Social
FR Roster,TOOLS,4.1,174,5000,Free,0.0,Everyone,2018-07-30,12.0,Tools
Fr Ignacio Outreach,FAMILY,4.9,52,1000,Free,0.0,Everyone,2018-01-19,19.0,Education
FR: My Famous Lover,FAMILY,4.0,185,10000,Free,0.0,Teen,2015-08-06,28.0,Entertainment
Fatal Raid - No.1 Mobile FPS,GAME,4.3,56496,1000000,Free,0.0,Teen,2018-08-07,81.0,Action
Poker Pro.Fr,GAME,4.2,5442,100000,Free,0.0,Teen,2018-05-22,17.0,Card
Scoreboard FR,LIFESTYLE,4.3,3,100,Free,0.0,Everyone,2018-08-07,15.0,Lifestyle
Castle Clash: RPG War and Strategy FR,FAMILY,4.7,376223,1000000,Free,0.0,Everyone,2018-07-18,24.0,Strategy
Fr Lupupa Sermons,BUSINESS,4.8,19,100,Free,0.0,Everyone,2018-06-12,21.0,Business
Fr Agnel Pune,FAMILY,4.1,80,1000,Free,0.0,Everyone,2018-06-13,13.0,Education
FR: My Secret Pets! ,FAMILY,4.0,785,50000,Free,0.0,Teen,2015-06-03,31.0,Entertainment
Golden Dictionary (FR-AR),BOOKS_AND_REFERENCE,4.2,5775,500000,Free,0.0,Everyone,2018-07-19,4.9,Books & Reference
HTC Sense Input - FR,TOOLS,4.0,885,100000,Free,0.0,Everyone,2015-10-30,8.0,Tools
Fanfic-FR,BOOKS_AND_REFERENCE,3.3,52,5000,Free,0.0,Teen,2017-08-05,3.6,Books & Reference
Fr. Daoud Lamei,FAMILY,5.0,22,1000,Free,0.0,Teen,2018-06-27,8.6,Education
Frim: get new friends on local chat rooms,SOCIAL,4.0,88486,5000000,Free,0.0,Mature 17+,2018-03-23,,Social
Fr Agnel Ambarnath,FAMILY,4.2,117,5000,Free,0.0,Everyone,2018-06-13,13.0,Education
Manga-FR - Anime Vostfr,COMICS,3.4,291,10000,Free,0.0,Everyone,2017-05-15,13.0,Comics
Bulgarian French Dictionary Fr,BOOKS_AND_REFERENCE,4.6,603,10000,Free,0.0,Everyone,2016-06-19,7.4,Books & Reference
News Minecraft.fr,NEWS_AND_MAGAZINES,3.8,881,100000,Free,0.0,Everyone,2014-01-20,2.3,News & Magazines
FR Tides,WEATHER,3.8,1195,100000,Free,0.0,Everyone,2014-02-16,0.568359375,Weather
Chemin (fr),BOOKS_AND_REFERENCE,4.8,44,1000,Free,0.0,Everyone,2014-03-23,0.6044921875,Books & Reference
FR Calculator,FAMILY,4.0,7,500,Free,0.0,Everyone,2017-06-18,2.6,Education
Sya9a Maroc - FR,FAMILY,4.5,38,5000,Free,0.0,Everyone,2017-07-25,53.0,Education
Fr. Mike Schmitz Audio Teachings,FAMILY,5.0,4,100,Free,0.0,Everyone,2018-07-06,3.6,Education
The SCP Foundation DB fr nn5n,BOOKS_AND_REFERENCE,4.5,114,1000,Free,0.0,Mature 17+,2015-01-19,,Books & Reference
iHoroscope - 2018 Daily Horoscope & Astrology,LIFESTYLE,4.5,398307,10000000,Free,0.0,Everyone,2018-07-25,19.0,Lifestyle
